  0
SECTION
  2
HEADER
  9
$ACADVER
  1
AC1032
  9
$ACADMAINTVER
 90
      427
  9
$DWGCODEPAGE
  3
ANSI_1252
  9
$LASTSAVEDBY
  1
tangu
  9
$REQUIREDVERSIONS
160
                 0
  9
$INSBASE
 10
0.0
 20
0.0
 30
0.0
  9
$EXTMIN
 10
-17.95258554981768
 20
-17.95258554981769
 30
0.0
  9
$EXTMAX
 10
17.95258554981768
 20
17.95258554981768
 30
25.0
  9
$LIMMIN
 10
0.0
 20
0.0
  9
$LIMMAX
 10
12.0
 20
9.0
  9
$ORTHOMODE
 70
     0
  9
$REGENMODE
 70
     1
  9
$FILLMODE
 70
     1
  9
$QTEXTMODE
 70
     0
  9
$MIRRTEXT
 70
     0
  9
$LTSCALE
 40
1.0
  9
$ATTMODE
 70
     1
  9
$TEXTSIZE
 40
0.2
  9
$TRACEWID
 40
0.05
  9
$TEXTSTYLE
  7
Standard
  9
$CLAYER
  8
0
  9
$CELTYPE
  6
ByLayer
  9
$CECOLOR
 62
   256
  9
$CELTSCALE
 40
1.0
  9
$DISPSILH
 70
     0
  9
$DIMSCALE
 40
1.0
  9
$DIMASZ
 40
0.18
  9
$DIMEXO
 40
0.0625
  9
$DIMDLI
 40
0.38
  9
$DIMRND
 40
0.0
  9
$DIMDLE
 40
0.0
  9
$DIMEXE
 40
0.18
  9
$DIMTP
 40
0.0
  9
$DIMTM
 40
0.0
  9
$DIMTXT
 40
0.18
  9
$DIMCEN
 40
0.09
  9
$DIMTSZ
 40
0.0
  9
$DIMTOL
 70
     0
  9
$DIMLIM
 70
     0
  9
$DIMTIH
 70
     1
  9
$DIMTOH
 70
     1
  9
$DIMSE1
 70
     0
  9
$DIMSE2
 70
     0
  9
$DIMTAD
 70
     0
  9
$DIMZIN
 70
     0
  9
$DIMBLK
  1

  9
$DIMASO
 70
     1
  9
$DIMSHO
 70
     1
  9
$DIMPOST
  1

  9
$DIMAPOST
  1

  9
$DIMALT
 70
     0
  9
$DIMALTD
 70
     2
  9
$DIMALTF
 40
25.4
  9
$DIMLFAC
 40
1.0
  9
$DIMTOFL
 70
     0
  9
$DIMTVP
 40
0.0
  9
$DIMTIX
 70
     0
  9
$DIMSOXD
 70
     0
  9
$DIMSAH
 70
     0
  9
$DIMBLK1
  1

  9
$DIMBLK2
  1

  9
$DIMSTYLE
  2
Standard
  9
$DIMCLRD
 70
     0
  9
$DIMCLRE
 70
     0
  9
$DIMCLRT
 70
     0
  9
$DIMTFAC
 40
1.0
  9
$DIMGAP
 40
0.09
  9
$DIMJUST
 70
     0
  9
$DIMSD1
 70
     0
  9
$DIMSD2
 70
     0
  9
$DIMTOLJ
 70
     1
  9
$DIMTZIN
 70
     0
  9
$DIMALTZ
 70
     0
  9
$DIMALTTZ
 70
     0
  9
$DIMUPT
 70
     0
  9
$DIMDEC
 70
     4
  9
$DIMTDEC
 70
     4
  9
$DIMALTU
 70
     2
  9
$DIMALTTD
 70
     2
  9
$DIMTXSTY
  7
Standard
  9
$DIMAUNIT
 70
     0
  9
$DIMADEC
 70
     0
  9
$DIMALTRND
 40
0.0
  9
$DIMAZIN
 70
     0
  9
$DIMDSEP
 70
    46
  9
$DIMATFIT
 70
     3
  9
$DIMFRAC
 70
     0
  9
$DIMLDRBLK
  1

  9
$DIMLUNIT
 70
     2
  9
$DIMLWD
 70
    -2
  9
$DIMLWE
 70
    -2
  9
$DIMTMOVE
 70
     0
  9
$DIMFXL
 40
1.0
  9
$DIMFXLON
 70
     0
  9
$DIMJOGANG
 40
0.7853981633974483
  9
$DIMTFILL
 70
     0
  9
$DIMTFILLCLR
 70
     0
  9
$DIMARCSYM
 70
     0
  9
$DIMLTYPE
  6

  9
$DIMLTEX1
  6

  9
$DIMLTEX2
  6

  9
$DIMTXTDIRECTION
 70
     0
  9
$LUNITS
 70
     2
  9
$LUPREC
 70
     4
  9
$SKETCHINC
 40
0.1
  9
$FILLETRAD
 40
1.0
  9
$AUNITS
 70
     0
  9
$AUPREC
 70
     0
  9
$MENU
  1
.
  9
$ELEVATION
 40
0.0
  9
$PELEVATION
 40
0.0
  9
$THICKNESS
 40
0.0
  9
$LIMCHECK
 70
     0
  9
$CHAMFERA
 40
0.0
  9
$CHAMFERB
 40
0.0
  9
$CHAMFERC
 40
0.0
  9
$CHAMFERD
 40
0.0
  9
$SKPOLY
 70
     0
  9
$TDCREATE
 40
2461207.648368056
  9
$TDUCREATE
 40
2461207.356701389
  9
$TDUPDATE
 40
2461207.697650463
  9
$TDUUPDATE
 40
2461207.405983797
  9
$TDINDWG
 40
0.0492824074
  9
$TDUSRTIMER
 40
0.0492824074
  9
$USRTIMER
 70
     1
  9
$ANGBASE
 50
0.0
  9
$ANGDIR
 70
     0
  9
$PDMODE
 70
     0
  9
$PDSIZE
 40
0.0
  9
$PLINEWID
 40
0.0
  9
$SPLFRAME
 70
     0
  9
$SPLINETYPE
 70
     6
  9
$SPLINESEGS
 70
     8
  9
$HANDSEED
  5
71E
  9
$SURFTAB1
 70
     6
  9
$SURFTAB2
 70
     6
  9
$SURFTYPE
 70
     6
  9
$SURFU
 70
     6
  9
$SURFV
 70
     6
  9
$UCSBASE
  2

  9
$UCSNAME
  2

  9
$UCSORG
 10
0.0
 20
0.0
 30
0.0
  9
$UCSXDIR
 10
1.0
 20
0.0
 30
0.0
  9
$UCSYDIR
 10
0.0
 20
1.0
 30
0.0
  9
$UCSORTHOREF
  2

  9
$UCSORTHOVIEW
 70
     0
  9
$UCSORGTOP
 10
0.0
 20
0.0
 30
0.0
  9
$UCSORGBOTTOM
 10
0.0
 20
0.0
 30
0.0
  9
$UCSORGLEFT
 10
0.0
 20
0.0
 30
0.0
  9
$UCSORGRIGHT
 10
0.0
 20
0.0
 30
0.0
  9
$UCSORGFRONT
 10
0.0
 20
0.0
 30
0.0
  9
$UCSORGBACK
 10
0.0
 20
0.0
 30
0.0
  9
$PUCSBASE
  2

  9
$PUCSNAME
  2

  9
$PUCSORG
 10
0.0
 20
0.0
 30
0.0
  9
$PUCSXDIR
 10
1.0
 20
0.0
 30
0.0
  9
$PUCSYDIR
 10
0.0
 20
1.0
 30
0.0
  9
$PUCSORTHOREF
  2

  9
$PUCSORTHOVIEW
 70
     0
  9
$PUCSORGTOP
 10
0.0
 20
0.0
 30
0.0
  9
$PUCSORGBOTTOM
 10
0.0
 20
0.0
 30
0.0
  9
$PUCSORGLEFT
 10
0.0
 20
0.0
 30
0.0
  9
$PUCSORGRIGHT
 10
0.0
 20
0.0
 30
0.0
  9
$PUCSORGFRONT
 10
0.0
 20
0.0
 30
0.0
  9
$PUCSORGBACK
 10
0.0
 20
0.0
 30
0.0
  9
$USERI1
 70
     0
  9
$USERI2
 70
     0
  9
$USERI3
 70
     0
  9
$USERI4
 70
     0
  9
$USERI5
 70
     0
  9
$USERR1
 40
0.0
  9
$USERR2
 40
0.0
  9
$USERR3
 40
0.0
  9
$USERR4
 40
0.0
  9
$USERR5
 40
0.0
  9
$WORLDVIEW
 70
     1
  9
$SHADEDGE
 70
     3
  9
$SHADEDIF
 70
    70
  9
$TILEMODE
 70
     1
  9
$MAXACTVP
 70
    64
  9
$PINSBASE
 10
0.0
 20
0.0
 30
0.0
  9
$PLIMCHECK
 70
     0
  9
$PEXTMIN
 10
0.0
 20
0.0
 30
0.0
  9
$PEXTMAX
 10
0.0
 20
0.0
 30
0.0
  9
$PLIMMIN
 10
0.0
 20
0.0
  9
$PLIMMAX
 10
12.0
 20
9.0
  9
$UNITMODE
 70
     0
  9
$VISRETAIN
 70
     1
  9
$PLINEGEN
 70
     0
  9
$PSLTSCALE
 70
     1
  9
$TREEDEPTH
 70
  3020
  9
$CMLSTYLE
  2
Standard
  9
$CMLJUST
 70
     0
  9
$CMLSCALE
 40
1.0
  9
$PROXYGRAPHICS
 70
     1
  9
$MEASUREMENT
 70
     0
  9
$CELWEIGHT
370
    -1
  9
$ENDCAPS
280
     0
  9
$JOINSTYLE
280
     0
  9
$LWDISPLAY
290
     0
  9
$INSUNITS
 70
     4
  9
$HYPERLINKBASE
  1

  9
$STYLESHEET
  1

  9
$XEDIT
290
     1
  9
$CEPSNTYPE
380
     0
  9
$PSTYLEMODE
290
     1
  9
$FINGERPRINTGUID
  2
{EDB9482E-A113-AF42-B839-2246D5C13281}
  9
$VERSIONGUID
  2
{6E873E73-D4D3-2E41-A45D-0E053E99A5AB}
  9
$EXTNAMES
290
     1
  9
$PSVPSCALE
 40
0.0
  9
$OLESTARTUP
290
     0
  9
$SORTENTS
280
   127
  9
$INDEXCTL
280
     0
  9
$HIDETEXT
280
     1
  9
$XCLIPFRAME
280
     2
  9
$HALOGAP
280
     0
  9
$OBSCOLOR
 70
   257
  9
$OBSLTYPE
280
     0
  9
$INTERSECTIONDISPLAY
280
     0
  9
$INTERSECTIONCOLOR
 70
   257
  9
$DIMASSOC
280
     2
  9
$PROJECTNAME
  1

  9
$CAMERADISPLAY
290
     0
  9
$LENSLENGTH
 40
50.0
  9
$CAMERAHEIGHT
 40
0.0
  9
$STEPSPERSEC
 40
2.0
  9
$STEPSIZE
 40
6.0
  9
$3DDWFPREC
 40
2.0
  9
$PSOLWIDTH
 40
0.25
  9
$PSOLHEIGHT
 40
4.0
  9
$LOFTANG1
 40
1.570796326794896
  9
$LOFTANG2
 40
1.570796326794896
  9
$LOFTMAG1
 40
0.0
  9
$LOFTMAG2
 40
0.0
  9
$LOFTPARAM
 70
     7
  9
$LOFTNORMALS
280
     1
  9
$LATITUDE
 40
37.795
  9
$LONGITUDE
 40
-122.394
  9
$NORTHDIRECTION
 40
0.0
  9
$TIMEZONE
 70
 -8000
  9
$LIGHTGLYPHDISPLAY
280
     1
  9
$TILEMODELIGHTSYNCH
280
     1
  9
$CMATERIAL
347
96
  9
$SOLIDHIST
280
     0
  9
$SHOWHIST
280
     1
  9
$DWFFRAME
280
     2
  9
$DGNFRAME
280
     0
  9
$REALWORLDSCALE
290
     1
  9
$INTERFERECOLOR
 62
     1
  9
$INTERFEREOBJVS
345
A3
  9
$INTERFEREVPVS
346
A0
  9
$CSHADOW
280
     0
  9
$SHADOWPLANELOCATION
 40
0.0
  0
ENDSEC
  0
SECTION
  2
CLASSES
  0
CLASS
  1
ACDBDICTIONARYWDFLT
  2
AcDbDictionaryWithDefault
  3
ObjectDBX Classes
 90
        0
 91
        1
280
     0
281
     0
  0
CLASS
  1
DICTIONARYVAR
  2
AcDbDictionaryVar
  3
ObjectDBX Classes
 90
        0
 91
       11
280
     0
281
     0
  0
CLASS
  1
TABLESTYLE
  2
AcDbTableStyle
  3
ObjectDBX Classes
 90
     4095
 91
        1
280
     0
281
     0
  0
CLASS
  1
MATERIAL
  2
AcDbMaterial
  3
ObjectDBX Classes
 90
     1153
 91
        3
280
     0
281
     0
  0
CLASS
  1
VISUALSTYLE
  2
AcDbVisualStyle
  3
ObjectDBX Classes
 90
     4095
 91
       24
280
     0
281
     0
  0
CLASS
  1
SCALE
  2
AcDbScale
  3
ObjectDBX Classes
 90
     1153
 91
       33
280
     0
281
     0
  0
CLASS
  1
MLEADERSTYLE
  2
AcDbMLeaderStyle
  3
ACDB_MLEADERSTYLE_CLASS
 90
     4095
 91
        2
280
     0
281
     0
  0
CLASS
  1
CELLSTYLEMAP
  2
AcDbCellStyleMap
  3
ObjectDBX Classes
 90
     1152
 91
        1
280
     0
281
     0
  0
CLASS
  1
EXACXREFPANELOBJECT
  2
ExAcXREFPanelObject
  3
EXAC_ESW
 90
     1025
 91
        0
280
     0
281
     0
  0
CLASS
  1
NPOCOLLECTION
  2
AcDbImpNonPersistentObjectsCollection
  3
ObjectDBX Classes
 90
     1153
 91
        1
280
     0
281
     0
  0
CLASS
  1
LAYER_INDEX
  2
AcDbLayerIndex
  3
ObjectDBX Classes
 90
        0
 91
        0
280
     0
281
     0
  0
CLASS
  1
SPATIAL_INDEX
  2
AcDbSpatialIndex
  3
ObjectDBX Classes
 90
        0
 91
        0
280
     0
281
     0
  0
CLASS
  1
IDBUFFER
  2
AcDbIdBuffer
  3
ObjectDBX Classes
 90
        0
 91
        0
280
     0
281
     0
  0
CLASS
  1
ACDBSECTIONVIEWSTYLE
  2
AcDbSectionViewStyle
  3
ObjectDBX Classes
 90
     1025
 91
        1
280
     0
281
     0
  0
CLASS
  1
ACDBDETAILVIEWSTYLE
  2
AcDbDetailViewStyle
  3
ObjectDBX Classes
 90
     1025
 91
        1
280
     0
281
     0
  0
CLASS
  1
SOLID_BACKGROUND
  2
AcDbSolidBackground
  3
SCENEOE
 90
     4095
 91
        2
280
     0
281
     0
  0
CLASS
  1
SORTENTSTABLE
  2
AcDbSortentsTable
  3
ObjectDBX Classes
 90
        0
 91
        7
280
     0
281
     0
  0
CLASS
  1
ACARRAYJIGENTITY
  2
AcArrayJigEntity
  3
ACAD_ARRAY
 90
      129
 91
        4
280
     0
281
     1
  0
CLASS
  1
ACDBASSOCNETWORK
  2
AcDbAssocNetwork
  3
ObjectDBX Classes
 90
     1025
 91
        4
280
     0
281
     0
  0
CLASS
  1
ACDBASSOCACTION
  2
AcDbAssocAction
  3
ObjectDBX Classes
 90
     1025
 91
        2
280
     0
281
     0
  0
CLASS
  1
ACDBASSOCARRAYACTIONBODY
  2
AcDbAssocArrayActionBody
  3
ObjectDBX Classes
 90
     1025
 91
        2
280
     0
281
     0
  0
CLASS
  1
ACDBASSOCVERTEXACTIONPARAM
  2
AcDbAssocVertexActionParam
  3
ObjectDBX Classes
 90
     1025
 91
        6
280
     0
281
     0
  0
CLASS
  1
ACDBASSOCDEPENDENCY
  2
AcDbAssocDependency
  3
ObjectDBX Classes
 90
     1025
 91
        6
280
     0
281
     0
  0
CLASS
  1
ACDBASSOCARRAYPOLARPARAMETERS
  2
AcDbAssocArrayPolarParameters
  3
ObjectDBX Classes
 90
     1025
 91
        0
280
     0
281
     0
  0
CLASS
  1
ACDBASSOCPERSSUBENTMANAGER
  2
AcDbAssocPersSubentManager
  3
ObjectDBX Classes
 90
     1024
 91
        1
280
     0
281
     0
  0
CLASS
  1
ACDBPERSSUBENTMANAGER
  2
AcDbPersSubentManager
  3
AcDbPersSubentManager
 90
     1024
 91
        1
280
     0
281
     0
  0
CLASS
  1
ACSH_EXTRUSION_CLASS
  2
AcDbShExtrusion
  3
ObjectDBX Classes
 90
     1153
 91
        1
280
     0
281
     0
  0
CLASS
  1
ACAD_EVALUATION_GRAPH
  2
AcDbEvalGraph
  3
ObjectDBX Classes
 90
     1153
 91
        1
280
     0
281
     0
  0
CLASS
  1
ACSH_HISTORY_CLASS
  2
AcDbShHistory
  3
ObjectDBX Classes
 90
     1153
 91
        1
280
     0
281
     0
  0
ENDSEC
  0
SECTION
  2
TABLES
  0
TABLE
  2
VPORT
  5
8
330
0
100
AcDbSymbolTable
 70
     1
  0
VPORT
  5
94
330
8
100
AcDbSymbolTableRecord
100
AcDbViewportTableRecord
  2
*Active
 70
     0
 10
0.0
 20
0.0
 11
1.0
 21
1.0
 12
14.09322312870157
 22
3.038616576697549
 13
0.0
 23
0.0
 14
0.5
 24
0.5
 15
0.5
 25
0.5
 16
-1.0
 26
-1.0
 36
1.0
 17
-0.9008882251066836
 27
-23.2508280604667
 37
11.33745870401049
 40
135.4796677303253
 41
2.567567567567567
 42
50.0
 43
0.0
 44
0.0
 50
0.0
 51
0.0
 71
     0
 72
  1000
 73
     1
 74
     3
 75
     0
 76
     1
 77
     0
 78
     0
281
     4
 65
     1
110
0.0
120
0.0
130
0.0
111
1.0
121
0.0
131
0.0
112
0.0
122
1.0
132
0.0
 79
     0
146
0.0
348
A3
 60
     3
 61
     5
292
     1
282
     1
141
0.0
142
0.0
 63
   250
421
  3355443
1001
ACAD_NAV_VCDISPLAY
1070
     3
  0
ENDTAB
  0
TABLE
  2
LTYPE
  5
5
330
0
100
AcDbSymbolTable
 70
     2
  0
LTYPE
  5
14
330
5
100
AcDbSymbolTableRecord
100
AcDbLinetypeTableRecord
  2
ByBlock
 70
     0
  3

 72
    65
 73
     0
 40
0.0
  0
LTYPE
  5
15
330
5
100
AcDbSymbolTableRecord
100
AcDbLinetypeTableRecord
  2
ByLayer
 70
     0
  3

 72
    65
 73
     0
 40
0.0
  0
LTYPE
  5
16
330
5
100
AcDbSymbolTableRecord
100
AcDbLinetypeTableRecord
  2
Continuous
 70
     0
  3
Solid line
 72
    65
 73
     0
 40
0.0
  0
ENDTAB
  0
TABLE
  2
LAYER
  5
2
102
{ACAD_XDICTIONARY
360
18E
102
}
330
0
100
AcDbSymbolTable
 70
     1
  0
LAYER
  5
10
102
{ACAD_XDICTIONARY
360
E6
102
}
330
2
100
AcDbSymbolTableRecord
100
AcDbLayerTableRecord
  2
0
 70
     0
 62
     7
  6
Continuous
370
    -3
390
F
347
98
348
0
  0
ENDTAB
  0
TABLE
  2
STYLE
  5
3
330
0
100
AcDbSymbolTable
 70
     2
  0
STYLE
  5
11
330
3
100
AcDbSymbolTableRecord
100
AcDbTextStyleTableRecord
  2
Standard
 70
     0
 40
0.0
 41
1.0
 50
0.0
 71
     0
 42
0.2
  3
arial.ttf
  4

1001
ACAD
1000
Arial
1071
       34
  0
STYLE
  5
DC
330
3
100
AcDbSymbolTableRecord
100
AcDbTextStyleTableRecord
  2
Annotative
 70
     0
 40
0.0
 41
1.0
 50
0.0
 71
     0
 42
0.2
  3
arial.ttf
  4

1001
AcadAnnotative
1000
AnnotativeData
1002
{
1070
     1
1070
     1
1002
}
1001
ACAD
1000
Arial
1071
       34
  0
ENDTAB
  0
TABLE
  2
VIEW
  5
6
330
0
100
AcDbSymbolTable
 70
     0
  0
ENDTAB
  0
TABLE
  2
UCS
  5
7
330
0
100
AcDbSymbolTable
 70
     0
  0
ENDTAB
  0
TABLE
  2
APPID
  5
9
330
0
100
AcDbSymbolTable
 70
     8
  0
APPID
  5
12
330
9
100
AcDbSymbolTableRecord
100
AcDbRegAppTableRecord
  2
ACAD
 70
     0
  0
APPID
  5
DD
330
9
100
AcDbSymbolTableRecord
100
AcDbRegAppTableRecord
  2
AcadAnnoPO
 70
     0
  0
APPID
  5
DE
330
9
100
AcDbSymbolTableRecord
100
AcDbRegAppTableRecord
  2
AcadAnnotative
 70
     0
  0
APPID
  5
DF
330
9
100
AcDbSymbolTableRecord
100
AcDbRegAppTableRecord
  2
ACAD_DSTYLE_DIMJAG
 70
     0
  0
APPID
  5
E0
330
9
100
AcDbSymbolTableRecord
100
AcDbRegAppTableRecord
  2
ACAD_DSTYLE_DIMTALN
 70
     0
  0
APPID
  5
107
330
9
100
AcDbSymbolTableRecord
100
AcDbRegAppTableRecord
  2
ACAD_MLEADERVER
 70
     0
  0
APPID
  5
1A6
330
9
100
AcDbSymbolTableRecord
100
AcDbRegAppTableRecord
  2
ACAD_NAV_VCDISPLAY
 70
     0
  0
APPID
  5
265
330
9
100
AcDbSymbolTableRecord
100
AcDbRegAppTableRecord
  2
ACAD_EXEMPT_FROM_CAD_STANDARDS
 70
     0
  0
ENDTAB
  0
TABLE
  2
DIMSTYLE
  5
A
330
0
100
AcDbSymbolTable
 70
     3
100
AcDbDimStyleTable
 71
     2
340
27
340
E1
  0
DIMSTYLE
105
27
330
A
100
AcDbSymbolTableRecord
100
AcDbDimStyleTableRecord
  2
Standard
 70
     0
340
11
  0
DIMSTYLE
105
E1
330
A
100
AcDbSymbolTableRecord
100
AcDbDimStyleTableRecord
  2
Annotative
 70
     0
 40
0.0
340
11
1001
AcadAnnotative
1000
AnnotativeData
1002
{
1070
     1
1070
     1
1002
}
1001
ACAD_DSTYLE_DIMJAG
1070
   388
1040
1.5
1001
ACAD_DSTYLE_DIMTALN
1070
   392
1070
     0
  0
ENDTAB
  0
TABLE
  2
BLOCK_RECORD
  5
1
330
0
100
AcDbSymbolTable
 70
     4
  0
BLOCK_RECORD
  5
1F
102
{ACAD_XDICTIONARY
360
15D
102
}
330
1
100
AcDbSymbolTableRecord
100
AcDbBlockTableRecord
  2
*Model_Space
340
22
 70
     0
280
     1
281
     0
  0
BLOCK_RECORD
  5
58
330
1
100
AcDbSymbolTableRecord
100
AcDbBlockTableRecord
  2
*Paper_Space
340
59
 70
     0
280
     1
281
     0
  0
BLOCK_RECORD
  5
5D
330
1
100
AcDbSymbolTableRecord
100
AcDbBlockTableRecord
  2
*Paper_Space0
340
5E
 70
     0
280
     1
281
     0
  0
BLOCK_RECORD
  5
2D0
102
{ACAD_REACTORS
330
2E7
102
}
330
1
100
AcDbSymbolTableRecord
100
AcDbBlockTableRecord
  2
*U2
340
0
102
{BLKREFS
331
2EB
331
2EC
331
2ED
331
2EE
331
2EF
331
2F0
331
2F1
331
2F2
331
2F3
331
2F4
331
2F5
331
2F6
102
}
 70
     0
280
     1
281
     0
  0
BLOCK_RECORD
  5
2D3
102
{ACAD_REACTORS
330
2E6
102
}
330
1
100
AcDbSymbolTableRecord
100
AcDbBlockTableRecord
  2
*U3
340
0
102
{BLKREFS
331
2D6
102
}
 70
     0
280
     1
281
     1
  0
ENDTAB
  0
ENDSEC
  0
SECTION
  2
BLOCKS
  0
BLOCK
  5
20
330
1F
100
AcDbEntity
  8
0
100
AcDbBlockBegin
  2
*Model_Space
 70
     0
 10
0.0
 20
0.0
 30
0.0
  3
*Model_Space
  1

  0
ENDBLK
  5
21
330
1F
100
AcDbEntity
  8
0
100
AcDbBlockEnd
  0
BLOCK
  5
5A
330
58
100
AcDbEntity
 67
     1
  8
0
100
AcDbBlockBegin
  2
*Paper_Space
 70
     0
 10
0.0
 20
0.0
 30
0.0
  3
*Paper_Space
  1

  0
ENDBLK
  5
5B
330
58
100
AcDbEntity
 67
     1
  8
0
100
AcDbBlockEnd
  0
BLOCK
  5
5F
330
5D
100
AcDbEntity
 67
     1
  8
0
100
AcDbBlockBegin
  2
*Paper_Space0
 70
     0
 10
0.0
 20
0.0
 30
0.0
  3
*Paper_Space0
  1

  0
ENDBLK
  5
60
330
5D
100
AcDbEntity
 67
     1
  8
0
100
AcDbBlockEnd
  0
BLOCK
  5
2D1
330
2D0
100
AcDbEntity
  8
0
100
AcDbBlockBegin
  2
*U2
 70
     1
 10
0.0
 20
0.0
 30
0.0
  3
*U2
  1

  0
ARC
  5
2D7
330
2D0
100
AcDbEntity
  8
0
100
AcDbCircle
 10
-1.028383793249348
 20
3.040960170959023
 30
0.0
 40
1.0
100
AcDbArc
 50
191.9843973838025
 51
279.9519337016964
  0
ARC
  5
2D8
330
2D0
100
AcDbEntity
  8
0
100
AcDbCircle
 10
-0.2852494232965963
 20
-1.194338083968832
 30
0.0
 40
3.3
100
AcDbArc
 50
46.01291702788849
 51
99.95193370169634
  0
LINE
  5
2D9
330
2D0
100
AcDbEntity
  8
0
100
AcDbLine
 10
2.006587975607439
 20
1.179999999999999
 30
0.0
 11
2.006587975607439
 21
-0.0000000000000007
 31
0.0
  0
ARC
  5
2DA
330
2D0
100
AcDbEntity
  8
0
100
AcDbCircle
 10
-1.028383793249348
 20
-3.040960170959023
 30
0.0
 40
1.0
100
AcDbArc
 50
80.04806629830357
 51
168.0156026161975
  0
ARC
  5
2DB
330
2D0
100
AcDbEntity
  8
0
100
AcDbCircle
 10
-0.2852494232965963
 20
1.194338083968831
 30
0.0
 40
3.3
100
AcDbArc
 50
260.0480662983037
 51
313.9870829721115
  0
LINE
  5
2DC
330
2D0
100
AcDbEntity
  8
0
100
AcDbLine
 10
2.006587975607439
 20
-1.18
 30
0.0
 11
2.006587975607439
 21
0.0000000000000003
 31
0.0
  0
ENDBLK
  5
2D2
330
2D0
100
AcDbEntity
  8
0
100
AcDbBlockEnd
  0
BLOCK
  5
2D4
330
2D3
100
AcDbEntity
  8
0
100
AcDbBlockBegin
  2
*U3
 70
     1
 10
0.0
 20
0.0
 30
0.0
  3
*U3
  1

  0
INSERT
  5
2EB
330
2D3
100
AcDbEntity
  8
0
  6
ByBlock
347
97
 62
     0
440
 16777216
370
    -2
380
     1
100
AcDbBlockReference
  2
*U2
 10
15.94599757421024
 20
0.1256309112752383
 30
0.0
  0
INSERT
  5
2EC
330
2D3
100
AcDbEntity
  8
0
  6
ByBlock
347
97
 62
     0
440
 16777216
370
    -2
380
     1
100
AcDbBlockReference
  2
*U2
 10
13.74682353231349
 20
8.081798347770067
 30
0.0
 50
29.99999999999996
  0
INSERT
  5
2ED
330
2D3
100
AcDbEntity
  8
0
  6
ByBlock
347
97
 62
     0
440
 16777216
370
    -2
380
     1
100
AcDbBlockReference
  2
*U2
 10
7.864199226440179
 20
13.87245444358872
 30
0.0
 41
1.0
 42
1.0
 43
1.0
 50
59.99999999999996
  0
INSERT
  5
2EE
330
2D3
100
AcDbEntity
  8
0
  6
ByBlock
347
97
 62
     0
440
 16777216
370
    -2
380
     1
100
AcDbBlockReference
  2
*U2
 10
-0.1256309112752361
 20
15.94599757421024
 30
0.0
 41
1.0
 42
1.0
 43
1.0
 50
89.99999999999996
  0
INSERT
  5
2EF
330
2D3
100
AcDbEntity
  8
0
  6
ByBlock
347
97
 62
     0
440
 16777216
370
    -2
380
     1
100
AcDbBlockReference
  2
*U2
 10
-8.081798347770064
 20
13.74682353231349
 30
0.0
 50
119.9999999999999
  0
INSERT
  5
2F0
330
2D3
100
AcDbEntity
  8
0
  6
ByBlock
347
97
 62
     0
440
 16777216
370
    -2
380
     1
100
AcDbBlockReference
  2
*U2
 10
-13.87245444358872
 20
7.864199226440183
 30
0.0
 50
149.9999999999999
  0
INSERT
  5
2F1
330
2D3
100
AcDbEntity
  8
0
  6
ByBlock
347
97
 62
     0
440
 16777216
370
    -2
380
     1
100
AcDbBlockReference
  2
*U2
 10
-15.94599757421024
 20
-0.1256309112752352
 30
0.0
 41
1.0
 42
1.0
 43
1.0
 50
180.0
  0
INSERT
  5
2F2
330
2D3
100
AcDbEntity
  8
0
  6
ByBlock
347
97
 62
     0
440
 16777216
370
    -2
380
     1
100
AcDbBlockReference
  2
*U2
 10
-13.74682353231349
 20
-8.081798347770069
 30
0.0
 41
1.0
 42
1.0
 43
1.0
 50
209.9999999999999
  0
INSERT
  5
2F3
330
2D3
100
AcDbEntity
  8
0
  6
ByBlock
347
97
 62
     0
440
 16777216
370
    -2
380
     1
100
AcDbBlockReference
  2
*U2
 10
-7.864199226440184
 20
-13.87245444358872
 30
0.0
 50
239.9999999999998
  0
INSERT
  5
2F4
330
2D3
100
AcDbEntity
  8
0
  6
ByBlock
347
97
 62
     0
440
 16777216
370
    -2
380
     1
100
AcDbBlockReference
  2
*U2
 10
0.1256309112752342
 20
-15.94599757421024
 30
0.0
 41
1.0
 42
1.0
 43
1.0
 50
269.9999999999998
  0
INSERT
  5
2F5
330
2D3
100
AcDbEntity
  8
0
  6
ByBlock
347
97
 62
     0
440
 16777216
370
    -2
380
     1
100
AcDbBlockReference
  2
*U2
 10
8.081798347770055
 20
-13.74682353231349
 30
0.0
 50
299.9999999999998
  0
INSERT
  5
2F6
330
2D3
100
AcDbEntity
  8
0
  6
ByBlock
347
97
 62
     0
440
 16777216
370
    -2
380
     1
100
AcDbBlockReference
  2
*U2
 10
13.87245444358872
 20
-7.864199226440172
 30
0.0
 41
1.0
 42
1.0
 43
1.0
 50
329.9999999999999
  0
ENDBLK
  5
2D5
330
2D3
100
AcDbEntity
  8
0
100
AcDbBlockEnd
  0
ENDSEC
  0
SECTION
  2
ENTITIES
  0
ARC
  5
2BD
330
1F
100
AcDbEntity
  8
0
100
AcDbCircle
 10
0.0
 20
0.0
 30
0.0
 40
14.25
100
AcDbArc
 50
101.9843973838025
 51
110.1599775406034
  0
INSERT
  5
2D6
102
{ACAD_REACTORS
330
2E8
102
}
330
1F
100
AcDbEntity
  8
0
100
AcDbBlockReference
  2
*U3
 10
0.0
 20
0.0
 30
0.0
  0
ARC
  5
2F7
330
1F
100
AcDbEntity
  8
0
100
AcDbCircle
 10
0.0
 20
0.0
 30
0.0
 40
14.25
100
AcDbArc
 50
131.9843973838025
 51
140.1599775406037
  0
ARC
  5
2F8
330
1F
100
AcDbEntity
  8
0
100
AcDbCircle
 10
0.0
 20
0.0
 30
0.0
 40
14.25
100
AcDbArc
 50
161.9843973838025
 51
170.1599775406037
  0
ARC
  5
2F9
330
1F
100
AcDbEntity
  8
0
100
AcDbCircle
 10
0.0
 20
0.0
 30
0.0
 40
14.25
100
AcDbArc
 50
191.9843973838025
 51
200.1599775406035
  0
ARC
  5
2FA
330
1F
100
AcDbEntity
  8
0
100
AcDbCircle
 10
0.0
 20
0.0
 30
0.0
 40
14.25
100
AcDbArc
 50
221.9843973838025
 51
230.1599775406037
  0
ARC
  5
2FB
330
1F
100
AcDbEntity
  8
0
100
AcDbCircle
 10
0.0
 20
0.0
 30
0.0
 40
14.25
100
AcDbArc
 50
251.9843973838025
 51
260.1599775406037
  0
ARC
  5
2FC
330
1F
100
AcDbEntity
  8
0
100
AcDbCircle
 10
0.0
 20
0.0
 30
0.0
 40
14.25
100
AcDbArc
 50
311.9843973838024
 51
320.1599775406032
  0
ARC
  5
2FD
330
1F
100
AcDbEntity
  8
0
100
AcDbCircle
 10
0.0
 20
0.0
 30
0.0
 40
14.25
100
AcDbArc
 50
281.9843973838025
 51
290.1599775406037
  0
ARC
  5
2FE
330
1F
100
AcDbEntity
  8
0
100
AcDbCircle
 10
0.0
 20
0.0
 30
0.0
 40
14.25
100
AcDbArc
 50
341.9843973838025
 51
350.1599775406035
  0
ARC
  5
2FF
330
1F
100
AcDbEntity
  8
0
100
AcDbCircle
 10
0.0
 20
0.0
 30
0.0
 40
14.25
100
AcDbArc
 50
11.98439738380251
 51
20.15997754060344
  0
ARC
  5
300
330
1F
100
AcDbEntity
  8
0
100
AcDbCircle
 10
0.0
 20
0.0
 30
0.0
 40
14.25
100
AcDbArc
 50
41.98439738380253
 51
50.15997754060344
  0
ARC
  5
301
330
1F
100
AcDbEntity
  8
0
100
AcDbCircle
 10
0.0
 20
0.0
 30
0.0
 40
14.25
100
AcDbArc
 50
71.98439738380251
 51
80.15997754060368
  0
3DSOLID
  5
456
330
1F
100
AcDbEntity
  8
0
100
AcDbModelerGeometry
290
     1
  2
{e01662ee-8791-a542-9af2-62b7f337e8fa}
100
AcDb3dSolid
350
459
  0
ENDSEC
  0
SECTION
  2
OBJECTS
  0
DICTIONARY
  5
C
330
0
100
AcDbDictionary
281
     1
  3
ACAD_ASSOCNETWORK
350
2E0
  3
ACAD_ASSOCPERSSUBENTMANAGER
350
454
  3
ACAD_BACKGROUND
350
2BA
  3
ACAD_CIP_PREVIOUS_PRODUCT_INFO
350
1A5
  3
ACAD_COLOR
350
73
  3
ACAD_DETAILVIEWSTYLE
350
1AB
  3
ACAD_GROUP
350
D
  3
ACAD_LAST_SAVED_VERSION_INFO
350
71B
  3
ACAD_LAYOUT
350
1A
  3
ACAD_MATERIAL
350
72
  3
ACAD_MLEADERSTYLE
350
D7
  3
ACAD_MLINESTYLE
350
17
  3
ACAD_PERSUBENTMGR
350
455
  3
ACAD_PLOTSETTINGS
350
19
  3
ACAD_PLOTSTYLENAME
350
E
  3
ACAD_SCALELIST
350
B6
  3
ACAD_SECTIONVIEWSTYLE
350
1A8
  3
ACAD_TABLESTYLE
350
86
  3
ACAD_VISUALSTYLE
350
99
  3
ACDB_RECOMPOSE_DATA
350
71D
  3
AcDbVariableDictionary
350
66
  0
DICTIONARY
  5
18E
330
2
100
AcDbDictionary
280
     1
281
     1
  3
ACAD_LAYERSTATES
360
18F
  0
DICTIONARY
  5
E6
330
10
100
AcDbDictionary
280
     1
281
     1
  0
DICTIONARY
  5
15D
330
1F
100
AcDbDictionary
280
     1
281
     1
  3
ACAD_ASSOCNETWORK
360
2DE
  3
ACAD_SORTENTS
360
2C8
  0
ACSH_HISTORY_CLASS
  5
459
330
456
100
AcDbShHistory
 90
       33
 91
      427
360
458
 92
        1
280
     0
281
     0
  0
DICTIONARY
  5
2E0
102
{ACAD_REACTORS
330
C
102
}
330
C
100
AcDbDictionary
281
     1
  3
ACAD_ASSOCNETWORK
350
2E1
  0
ACDBASSOCPERSSUBENTMANAGER
  5
454
102
{ACAD_REACTORS
330
C
102
}
330
C
100
AcDbAssocPersSubentManager
 90
        2
 90
        3
 90
        0
 90
        2
 90
        1
 90
        0
 90
        1
 90
        1
 90
        1
 90
        1
 90
        0
290
     0
  0
DICTIONARY
  5
2BA
102
{ACAD_REACTORS
330
C
102
}
330
C
100
AcDbDictionary
281
     1
  0
XRECORD
  5
1A5
102
{ACAD_REACTORS
330
C
102
}
330
C
100
AcDbXrecord
280
     1
300
ACD
300
2027
300

  0
DICTIONARY
  5
73
102
{ACAD_REACTORS
330
C
102
}
330
C
100
AcDbDictionary
281
     1
  0
DICTIONARY
  5
1AB
102
{ACAD_REACTORS
330
C
102
}
330
C
100
AcDbDictionary
281
     1
  3
Imperial24
350
1AC
  0
DICTIONARY
  5
D
102
{ACAD_REACTORS
330
C
102
}
330
C
100
AcDbDictionary
281
     1
  0
XRECORD
  5
71B
102
{ACAD_REACTORS
330
C
102
}
330
C
100
AcDbXrecord
280
     1
300
{6E873E73-D4D3-2E41-A45D-0E053E99A5AB}
301
{412C10A7-9451-AA48-A8DE-93A6D2002216}
302
{6E873E73-D4D3-2E41-A45D-0E053E99A5AB}
303
C:\Users\tangu\OneDrive\Máy tính\Part3.dxf
  0
DICTIONARY
  5
1A
102
{ACAD_REACTORS
330
C
102
}
330
C
100
AcDbDictionary
281
     1
  3
Layout1
350
59
  3
Layout2
350
5E
  3
Model
350
22
  0
DICTIONARY
  5
72
102
{ACAD_REACTORS
330
C
102
}
330
C
100
AcDbDictionary
281
     1
  3
ByBlock
350
97
  3
ByLayer
350
96
  3
Global
350
98
  0
DICTIONARY
  5
D7
102
{ACAD_REACTORS
330
C
102
}
330
C
100
AcDbDictionary
281
     1
  3
Annotative
350
E5
  3
Standard
350
D8
  0
DICTIONARY
  5
17
102
{ACAD_REACTORS
330
C
102
}
330
C
100
AcDbDictionary
281
     1
  3
Standard
350
18
  0
ACDBPERSSUBENTMANAGER
  5
455
102
{ACAD_REACTORS
330
C
102
}
330
C
100
AcDbPersSubentManager
 90
        2
 90
        0
 90
        2
 90
        0
 90
        0
 90
        0
  0
DICTIONARY
  5
19
102
{ACAD_REACTORS
330
C
102
}
330
C
100
AcDbDictionary
281
     1
  0
ACDBDICTIONARYWDFLT
  5
E
102
{ACAD_REACTORS
330
C
102
}
330
C
100
AcDbDictionary
281
     1
  3
Normal
350
F
100
AcDbDictionaryWithDefault
340
F
  0
DICTIONARY
  5
B6
102
{ACAD_REACTORS
330
C
102
}
330
C
100
AcDbDictionary
281
     1
  3
A0
350
B7
  3
A1
350
124
  3
A2
350
125
  3
A3
350
126
  3
A4
350
127
  3
A5
350
128
  3
A6
350
129
  3
A7
350
12A
  3
A8
350
12B
  3
A9
350
12C
  3
B0
350
12D
  3
B1
350
12E
  3
B2
350
12F
  3
B3
350
130
  3
B4
350
131
  3
B5
350
132
  3
B6
350
133
  3
B7
350
134
  3
B8
350
135
  3
B9
350
136
  3
C0
350
137
  3
C1
350
138
  3
C2
350
139
  3
C3
350
13A
  3
C4
350
13B
  3
C5
350
13C
  3
C6
350
13D
  3
C7
350
13E
  3
C8
350
13F
  3
C9
350
140
  3
D0
350
141
  3
D1
350
142
  3
D2
350
143
  0
DICTIONARY
  5
1A8
102
{ACAD_REACTORS
330
C
102
}
330
C
100
AcDbDictionary
281
     1
  3
Imperial24
350
1AA
  0
DICTIONARY
  5
86
102
{ACAD_REACTORS
330
C
102
}
330
C
100
AcDbDictionary
281
     1
  3
Standard
350
87
  0
DICTIONARY
  5
99
102
{ACAD_REACTORS
330
C
102
}
330
C
100
AcDbDictionary
281
     1
  3
2dWireframe
350
9F
  3
Basic
350
9E
  3
Brighten
350
A5
  3
ColorChange
350
A9
  3
Conceptual
350
A2
  3
Dim
350
A4
  3
EdgeColorOff
350
175
  3
Facepattern
350
A8
  3
Flat
350
9A
  3
FlatWithEdges
350
9B
  3
Gouraud
350
9C
  3
GouraudWithEdges
350
9D
  3
Hidden
350
A1
  3
JitterOff
350
173
  3
Linepattern
350
A7
  3
OverhangOff
350
174
  3
Realistic
350
A3
  3
Shaded
350
182
  3
Shaded with edges
350
181
  3
Shades of Gray
350
17E
  3
Sketchy
350
17F
  3
Thicken
350
A6
  3
Wireframe
350
A0
  3
X-Ray
350
180
  0
XRECORD
  5
71D
102
{ACAD_REACTORS
330
C
102
}
330
C
100
AcDbXrecord
280
     1
 90
        1
330
87
  0
DICTIONARY
  5
66
102
{ACAD_REACTORS
330
C
102
}
330
C
100
AcDbDictionary
281
     1
  3
CANNOSCALE
350
F0
  3
CMLEADERSTYLE
350
EF
  3
CTABLESTYLE
350
89
  3
CVIEWDETAILSTYLE
350
1B7
  3
CVIEWSECTIONSTYLE
350
1B8
  3
DIMASSOC
350
67
  3
HIDETEXT
350
6B
  3
LAYEREVAL
350
14D
  3
LAYERNOTIFY
350
14E
  0
DICTIONARY
  5
18F
102
{ACAD_REACTORS
330
18E
102
}
330
18E
100
AcDbDictionary
281
     1
  0
DICTIONARY
  5
2DE
102
{ACAD_REACTORS
330
15D
102
}
330
15D
100
AcDbDictionary
281
     1
  3
ACAD_ASSOCNETWORK
350
2DF
  0
SORTENTSTABLE
  5
2C8
102
{ACAD_REACTORS
330
15D
102
}
330
15D
100
AcDbSortentsTable
330
1F
331
2D6
  5
301
331
2F7
  5
2D6
331
2F8
  5
2F7
331
2F9
  5
2F8
331
2FA
  5
2F9
331
2FB
  5
2FA
331
2FD
  5
2FB
331
2FE
  5
2FD
331
2FF
  5
2FE
331
300
  5
2FF
331
301
  5
300
  0
ACAD_EVALUATION_GRAPH
  5
458
330
459
100
AcDbEvalGraph
 96
        1
 97
        1
 91
        0
 93
       32
 95
        1
360
457
 92
       -1
 92
       -1
 92
       -1
 92
       -1
  0
ACDBASSOCNETWORK
  5
2E1
102
{ACAD_REACTORS
330
2E0
102
}
330
2E0
100
AcDbAssocAction
 90
        2
 90
        0
330
0
360
0
 90
        0
 90
        0
 90
        0
 90
        0
 90
        0
 90
        0
 90
        0
100
AcDbAssocNetwork
 90
        0
 90
        1
 90
        1
330
2DF
 90
        0
  0
ACDBDETAILVIEWSTYLE
  5
1AC
102
{ACAD_REACTORS
330
1AB
102
}
330
1AB
100
AcDbModelDocViewStyle
 70
     0
  3
Imperial24
290
     0
300
Imperial24
 90
        0
100
AcDbDetailViewStyle
 70
     0
 71
     0
 90
        3
 71
     1
340
11
 62
   256
 40
0.24
340
0
 62
   256
 40
0.24
300

 40
0.36
280
     3
 71
     2
340
16
 90
       25
 62
   256
 71
     3
340
11
 62
   256
 40
0.24
 90
        1
 40
0.75
 90
        1
300
%<\AcVar ViewType \f "%tc1">% %<\AcVar ViewDetailId>%\PSCALE %<\AcVar ViewScale \f "%sn">%
 71
     4
340
16
 90
       25
 62
   256
340
16
 90
       25
 62
   256
280
     0
  0
LAYOUT
  5
59
102
{ACAD_REACTORS
330
1A
102
}
330
1A
100
AcDbPlotSettings
  1

  2
None
  4

  6

 40
0.0
 41
0.0
 42
0.0
 43
0.0
 44
0.0
 45
0.0
 46
0.0
 47
0.0
 48
0.0
 49
0.0
140
0.0
141
0.0
142
1.0
143
1.0
 70
   688
 72
     0
 73
     0
 74
     5
  7

 75
    16
147
1.0
 76
     0
 77
     2
 78
   300
148
0.0
149
0.0
100
AcDbLayout
  1
Layout1
 70
     1
 71
     1
 10
0.0
 20
0.0
 11
12.0
 21
9.0
 12
0.0
 22
0.0
 32
0.0
 14
0.0
 24
0.0
 34
0.0
 15
0.0
 25
0.0
 35
0.0
146
0.0
 13
0.0
 23
0.0
 33
0.0
 16
1.0
 26
0.0
 36
0.0
 17
0.0
 27
1.0
 37
0.0
 76
     0
330
58
  0
LAYOUT
  5
5E
102
{ACAD_REACTORS
330
1A
102
}
330
1A
100
AcDbPlotSettings
  1

  2
None
  4

  6

 40
0.0
 41
0.0
 42
0.0
 43
0.0
 44
0.0
 45
0.0
 46
0.0
 47
0.0
 48
0.0
 49
0.0
140
0.0
141
0.0
142
1.0
143
1.0
 70
   688
 72
     0
 73
     0
 74
     5
  7

 75
    16
147
1.0
 76
     0
 77
     2
 78
   300
148
0.0
149
0.0
100
AcDbLayout
  1
Layout2
 70
     1
 71
     2
 10
0.0
 20
0.0
 11
12.0
 21
9.0
 12
0.0
 22
0.0
 32
0.0
 14
0.0
 24
0.0
 34
0.0
 15
0.0
 25
0.0
 35
0.0
146
0.0
 13
0.0
 23
0.0
 33
0.0
 16
1.0
 26
0.0
 36
0.0
 17
0.0
 27
1.0
 37
0.0
 76
     0
330
5D
  0
LAYOUT
  5
22
102
{ACAD_XDICTIONARY
360
194
102
}
102
{ACAD_REACTORS
330
1A
102
}
330
1A
100
AcDbPlotSettings
  1

  2
none_device
  4
ANSI_A_(8.50_x_11.00_Inches)
  6

 40
6.349999904632568
 41
19.04999923706055
 42
6.350006103515625
 43
19.04998779296875
 44
215.8999938964844
 45
279.3999938964844
 46
0.0
 47
0.0
 48
0.0
 49
0.0
140
0.0
141
0.0
142
1.0
143
2.584895464708373
 70
 11952
 72
     0
 73
     1
 74
     0
  7

 75
     0
147
0.3868628397755418
 76
     0
 77
     2
 78
   300
148
0.0
149
0.0
100
AcDbLayout
  1
Model
 70
     1
 71
     0
 10
0.0
 20
0.0
 11
12.0
 21
9.0
 12
0.0
 22
0.0
 32
0.0
 14
0.0
 24
0.0
 34
0.0
 15
0.0
 25
0.0
 35
0.0
146
0.0
 13
0.0
 23
0.0
 33
0.0
 16
1.0
 26
0.0
 36
0.0
 17
0.0
 27
1.0
 37
0.0
 76
     0
330
1F
331
94
  0
MATERIAL
  5
97
102
{ACAD_XDICTIONARY
360
188
102
}
102
{ACAD_REACTORS
330
72
102
}
330
72
100
AcDbMaterial
  1
ByBlock
 94
       63
  0
MATERIAL
  5
96
102
{ACAD_XDICTIONARY
360
186
102
}
102
{ACAD_REACTORS
330
72
102
}
330
72
100
AcDbMaterial
  1
ByLayer
 94
       63
  0
MATERIAL
  5
98
102
{ACAD_XDICTIONARY
360
110
102
}
102
{ACAD_REACTORS
330
72
102
}
330
72
100
AcDbMaterial
  1
Global
 43
0.0208000000566244
 43
0.0
 43
0.0
 43
0.0
 43
0.0
 43
0.0208000000566244
 43
0.0
 43
0.0
 43
0.0
 43
0.0
 43
1.0
 43
0.0
 43
0.0
 43
0.0
 43
0.0
 43
1.0
 49
0.0208000000566244
 49
0.0
 49
0.0
 49
0.0
 49
0.0
 49
0.0208000000566244
 49
0.0
 49
0.0
 49
0.0
 49
0.0
 49
1.0
 49
0.0
 49
0.0
 49
0.0
 49
0.0
 49
1.0
142
0.0208000000566244
142
0.0
142
0.0
142
0.0
142
0.0
142
0.0208000000566244
142
0.0
142
0.0
142
0.0
142
0.0
142
1.0
142
0.0
142
0.0
142
0.0
142
0.0
142
1.0
144
0.0208000000566244
144
0.0
144
0.0
144
0.0
144
0.0
144
0.0208000000566244
144
0.0
144
0.0
144
0.0
144
0.0
144
1.0
144
0.0
144
0.0
144
0.0
144
0.0
144
1.0
 94
       63
1001
ACAD
1070
    -1
1070
     3
1070
     0
1000

1071
        0
1070
     0
  0
MLEADERSTYLE
  5
E5
102
{ACAD_REACTORS
330
D7
102
}
330
D7
100
AcDbMLeaderStyle
179
     2
170
     2
171
     1
172
     0
 90
        2
 40
0.0
 41
0.0
173
     1
 91
-1056964608
340
14
 92
       -2
290
     1
 42
0.09
291
     1
 43
0.36
  3
Standard
 44
0.18
300

342
11
174
     1
178
     1
175
     1
176
     0
 93
-1056964608
 45
0.18
292
     0
297
     0
 46
0.18
 94
-1056964608
 47
1.0
 49
1.0
140
1.0
293
     1
141
0.0
294
     1
177
     0
142
1.0
295
     0
296
     1
143
0.125
271
     0
272
     9
273
     9
298
     0
  0
MLEADERSTYLE
  5
D8
102
{ACAD_REACTORS
330
D7
102
}
330
D7
100
AcDbMLeaderStyle
179
     2
170
     2
171
     1
172
     0
 90
        2
 40
0.0
 41
0.0
173
     1
 91
-1056964608
340
14
 92
       -2
290
     1
 42
0.09
291
     1
 43
0.36
  3
Standard
 44
0.18
300

342
11
174
     1
178
     1
175
     1
176
     0
 93
-1056964608
 45
0.18
292
     0
297
     0
 46
0.18
 94
-1056964608
 47
1.0
 49
1.0
140
1.0
293
     1
141
0.0
294
     1
177
     0
142
1.0
295
     0
296
     0
143
0.125
271
     0
272
     9
273
     9
298
     0
  0
MLINESTYLE
  5
18
102
{ACAD_REACTORS
330
17
102
}
330
17
100
AcDbMlineStyle
  2
STANDARD
 70
     0
  3

 62
   256
 51
90.0
 52
90.0
 71
     2
 49
0.5
 62
   256
  6
BYLAYER
 49
-0.5
 62
   256
  6
BYLAYER
  0
ACDBPLACEHOLDER
  5
F
102
{ACAD_REACTORS
330
E
102
}
330
E
  0
SCALE
  5
B7
102
{ACAD_REACTORS
330
B6
102
}
330
B6
100
AcDbScale
 70
     0
300
1:1
140
1.0
141
1.0
290
     1
  0
SCALE
  5
124
102
{ACAD_REACTORS
330
B6
102
}
330
B6
100
AcDbScale
 70
     0
300
1:2
140
1.0
141
2.0
290
     0
  0
SCALE
  5
125
102
{ACAD_REACTORS
330
B6
102
}
330
B6
100
AcDbScale
 70
     0
300
1:4
140
1.0
141
4.0
290
     0
  0
SCALE
  5
126
102
{ACAD_REACTORS
330
B6
102
}
330
B6
100
AcDbScale
 70
     0
300
1:5
140
1.0
141
5.0
290
     0
  0
SCALE
  5
127
102
{ACAD_REACTORS
330
B6
102
}
330
B6
100
AcDbScale
 70
     0
300
1:8
140
1.0
141
8.0
290
     0
  0
SCALE
  5
128
102
{ACAD_REACTORS
330
B6
102
}
330
B6
100
AcDbScale
 70
     0
300
1:10
140
1.0
141
10.0
290
     0
  0
SCALE
  5
129
102
{ACAD_REACTORS
330
B6
102
}
330
B6
100
AcDbScale
 70
     0
300
1:16
140
1.0
141
16.0
290
     0
  0
SCALE
  5
12A
102
{ACAD_REACTORS
330
B6
102
}
330
B6
100
AcDbScale
 70
     0
300
1:20
140
1.0
141
20.0
290
     0
  0
SCALE
  5
12B
102
{ACAD_REACTORS
330
B6
102
}
330
B6
100
AcDbScale
 70
     0
300
1:30
140
1.0
141
30.0
290
     0
  0
SCALE
  5
12C
102
{ACAD_REACTORS
330
B6
102
}
330
B6
100
AcDbScale
 70
     0
300
1:40
140
1.0
141
40.0
290
     0
  0
SCALE
  5
12D
102
{ACAD_REACTORS
330
B6
102
}
330
B6
100
AcDbScale
 70
     0
300
1:50
140
1.0
141
50.0
290
     0
  0
SCALE
  5
12E
102
{ACAD_REACTORS
330
B6
102
}
330
B6
100
AcDbScale
 70
     0
300
1:100
140
1.0
141
100.0
290
     0
  0
SCALE
  5
12F
102
{ACAD_REACTORS
330
B6
102
}
330
B6
100
AcDbScale
 70
     0
300
2:1
140
2.0
141
1.0
290
     0
  0
SCALE
  5
130
102
{ACAD_REACTORS
330
B6
102
}
330
B6
100
AcDbScale
 70
     0
300
4:1
140
4.0
141
1.0
290
     0
  0
SCALE
  5
131
102
{ACAD_REACTORS
330
B6
102
}
330
B6
100
AcDbScale
 70
     0
300
8:1
140
8.0
141
1.0
290
     0
  0
SCALE
  5
132
102
{ACAD_REACTORS
330
B6
102
}
330
B6
100
AcDbScale
 70
     0
300
10:1
140
10.0
141
1.0
290
     0
  0
SCALE
  5
133
102
{ACAD_REACTORS
330
B6
102
}
330
B6
100
AcDbScale
 70
     0
300
100:1
140
100.0
141
1.0
290
     0
  0
SCALE
  5
134
102
{ACAD_REACTORS
330
B6
102
}
330
B6
100
AcDbScale
 70
     0
300
1/128" = 1'-0"
140
0.0078125
141
12.0
290
     0
  0
SCALE
  5
135
102
{ACAD_REACTORS
330
B6
102
}
330
B6
100
AcDbScale
 70
     0
300
1/64" = 1'-0"
140
0.015625
141
12.0
290
     0
  0
SCALE
  5
136
102
{ACAD_REACTORS
330
B6
102
}
330
B6
100
AcDbScale
 70
     0
300
1/32" = 1'-0"
140
0.03125
141
12.0
290
     0
  0
SCALE
  5
137
102
{ACAD_REACTORS
330
B6
102
}
330
B6
100
AcDbScale
 70
     0
300
1/16" = 1'-0"
140
0.0625
141
12.0
290
     0
  0
SCALE
  5
138
102
{ACAD_REACTORS
330
B6
102
}
330
B6
100
AcDbScale
 70
     0
300
3/32" = 1'-0"
140
0.09375
141
12.0
290
     0
  0
SCALE
  5
139
102
{ACAD_REACTORS
330
B6
102
}
330
B6
100
AcDbScale
 70
     0
300
1/8" = 1'-0"
140
0.125
141
12.0
290
     0
  0
SCALE
  5
13A
102
{ACAD_REACTORS
330
B6
102
}
330
B6
100
AcDbScale
 70
     0
300
3/16" = 1'-0"
140
0.1875
141
12.0
290
     0
  0
SCALE
  5
13B
102
{ACAD_REACTORS
330
B6
102
}
330
B6
100
AcDbScale
 70
     0
300
1/4" = 1'-0"
140
0.25
141
12.0
290
     0
  0
SCALE
  5
13C
102
{ACAD_REACTORS
330
B6
102
}
330
B6
100
AcDbScale
 70
     0
300
3/8" = 1'-0"
140
0.375
141
12.0
290
     0
  0
SCALE
  5
13D
102
{ACAD_REACTORS
330
B6
102
}
330
B6
100
AcDbScale
 70
     0
300
1/2" = 1'-0"
140
0.5
141
12.0
290
     0
  0
SCALE
  5
13E
102
{ACAD_REACTORS
330
B6
102
}
330
B6
100
AcDbScale
 70
     0
300
3/4" = 1'-0"
140
0.75
141
12.0
290
     0
  0
SCALE
  5
13F
102
{ACAD_REACTORS
330
B6
102
}
330
B6
100
AcDbScale
 70
     0
300
1" = 1'-0"
140
1.0
141
12.0
290
     0
  0
SCALE
  5
140
102
{ACAD_REACTORS
330
B6
102
}
330
B6
100
AcDbScale
 70
     0
300
1-1/2" = 1'-0"
140
1.5
141
12.0
290
     0
  0
SCALE
  5
141
102
{ACAD_REACTORS
330
B6
102
}
330
B6
100
AcDbScale
 70
     0
300
3" = 1'-0"
140
3.0
141
12.0
290
     0
  0
SCALE
  5
142
102
{ACAD_REACTORS
330
B6
102
}
330
B6
100
AcDbScale
 70
     0
300
6" = 1'-0"
140
6.0
141
12.0
290
     0
  0
SCALE
  5
143
102
{ACAD_REACTORS
330
B6
102
}
330
B6
100
AcDbScale
 70
     0
300
1'-0" = 1'-0"
140
12.0
141
12.0
290
     0
  0
ACDBSECTIONVIEWSTYLE
  5
1AA
102
{ACAD_REACTORS
330
1A8
102
}
330
1A8
100
AcDbModelDocViewStyle
 70
     0
  3
Imperial24
290
     0
300
Imperial24
 90
        0
100
AcDbSectionViewStyle
 70
     0
 71
     0
 90
       78
 71
     1
340
11
 62
   256
 40
0.24
340
0
340
0
 62
   256
 40
0.24
300
I, O, Q, S, X, Z
 40
0.48
 90
        3
 40
0.18
 90
        1
 71
     2
340
16
 90
       25
 62
   256
340
16
 90
       50
 62
   256
 40
0.24
 40
0.0
 40
0.24
 71
     3
340
11
 62
   256
 40
0.24
 90
        1
 40
0.75
 90
        1
300
%<\AcVar ViewType \f "%tc1">% %<\AcVar ViewSectionStartId>%-%<\AcVar ViewSectionEndId>%\PSCALE %<\AcVar ViewScale \f "%sn">%
 71
     4
 62
   256
 62
   257
300
ANSI31
 40
1.0
 90
        0
290
     0
290
     0
 90
        6
 40
0.0
 40
1.570796326794896
 40
0.2617993877991494
 40
1.308996938995747
 40
-0.2617993877991494
 40
1.832595714594046
  0
TABLESTYLE
  5
87
102
{ACAD_XDICTIONARY
360
104
102
}
102
{ACAD_REACTORS
330
86
102
}
330
86
100
AcDbTableStyle
280
     0
  3
Standard
 70
     0
 71
     0
 40
0.06
 41
0.06
280
     0
281
     0
  7
Standard
140
0.18
170
     2
 62
     0
 63
     7
283
     0
 90
      512
 91
        0
  1

274
    -2
284
     1
 64
     0
275
    -2
285
     1
 65
     0
276
    -2
286
     1
 66
     0
277
    -2
287
     1
 67
     0
278
    -2
288
     1
 68
     0
279
    -2
289
     1
 69
     0
  7
Standard
140
0.25
170
     5
 62
     0
 63
     7
283
     0
 90
      512
 91
        0
  1

274
    -2
284
     1
 64
     0
275
    -2
285
     1
 65
     0
276
    -2
286
     1
 66
     0
277
    -2
287
     1
 67
     0
278
    -2
288
     1
 68
     0
279
    -2
289
     1
 69
     0
  7
Standard
140
0.18
170
     5
 62
     0
 63
     7
283
     0
 90
      512
 91
        0
  1

274
    -2
284
     1
 64
     0
275
    -2
285
     1
 65
     0
276
    -2
286
     1
 66
     0
277
    -2
287
     1
 67
     0
278
    -2
288
     1
 68
     0
279
    -2
289
     1
 69
     0
  0
VISUALSTYLE
  5
9F
102
{ACAD_REACTORS
330
99
102
}
330
99
100
AcDbVisualStyle
  2
2dWireframe
 70
     4
177
     3
291
     0
 70
    58
 90
        0
176
     1
 90
        2
176
     1
 90
        1
176
     1
 90
        0
176
     1
 40
0.6
176
     1
 40
30.0
176
     1
 62
     7
420
 16777215
176
     1
 90
        1
176
     1
 90
        4
176
     1
 62
     7
176
     1
 62
   257
176
     1
 90
        1
176
     1
 90
        1
176
     1
 40
1.0
176
     1
 90
        0
176
     1
 62
   257
176
     1
 40
1.0
176
     1
 90
        1
176
     1
 90
        6
176
     1
 90
        2
176
     1
 62
     7
176
     1
 90
        5
176
     1
 90
        0
176
     1
 90
        0
176
     1
290
     0
176
     1
 90
        1
176
     1
 40
0.0
176
     1
 90
        0
176
     1
290
     1
176
     1
290
     1
176
     1
290
     0
176
     1
290
     0
176
     1
290
     0
176
     1
290
     0
176
     1
290
     0
176
     1
290
     0
176
     1
290
     0
176
     1
 90
       50
176
     1
 40
0.0
176
     1
 40
1.0
176
     1
 90
        0
176
     1
 62
    18
420
        0
176
     1
 90
       50
176
     1
 90
        3
176
     1
 62
     5
420
      255
176
     1
290
     0
176
     1
 90
       50
176
     1
 90
       50
176
     1
 90
       50
176
     1
290
     0
176
     1
 90
       50
176
     1
 62
   256
176
     0
 40
1.0
176
     0
 90
        2
176
     1
  1
strokes_ogs.tif
176
     1
290
     0
176
     1
 40
1.0
176
     1
 40
1.0
176
     1
  0
VISUALSTYLE
  5
9E
102
{ACAD_REACTORS
330
99
102
}
330
99
100
AcDbVisualStyle
  2
Basic
 70
     7
177
     3
291
     1
 70
    58
 90
        1
176
     1
 90
        0
176
     1
 90
        1
176
     1
 90
        0
176
     1
 40
0.6
176
     1
 40
30.0
176
     1
 62
     7
420
 16777215
176
     1
 90
        0
176
     1
 90
        4
176
     1
 62
     7
176
     1
 62
   257
176
     1
 90
        1
176
     1
 90
        1
176
     1
 40
1.0
176
     1
 90
        8
176
     1
 62
     7
176
     1
 40
1.0
176
     1
 90
        1
176
     1
 90
        6
176
     1
 90
        2
176
     1
 62
     7
176
     1
 90
        5
176
     1
 90
        0
176
     1
 90
        0
176
     1
290
     0
176
     1
 90
        1
176
     1
 40
0.0
176
     1
 90
        0
176
     1
290
     0
176
     1
290
     1
176
     1
290
     1
176
     1
290
     0
176
     1
290
     0
176
     1
290
     0
176
     1
290
     0
176
     1
290
     0
176
     1
290
     0
176
     1
 90
       50
176
     1
 40
0.0
176
     1
 40
1.0
176
     1
 90
        0
176
     1
 62
    18
420
        0
176
     1
 90
       50
176
     1
 90
        3
176
     1
 62
     5
420
      255
176
     1
290
     0
176
     1
 90
       50
176
     1
 90
       50
176
     1
 90
       50
176
     1
290
     0
176
     1
 90
       50
176
     1
 62
   256
176
     0
 40
1.0
176
     0
 90
        2
176
     1
  1
strokes_ogs.tif
176
     1
290
     0
176
     1
 40
1.0
176
     1
 40
1.0
176
     1
  0
VISUALSTYLE
  5
A5
102
{ACAD_REACTORS
330
99
102
}
330
99
100
AcDbVisualStyle
  2
Brighten
 70
    12
177
     3
291
     1
 70
    58
 90
        2
176
     1
 90
        2
176
     1
 90
        1
176
     1
 90
        0
176
     1
 40
0.6
176
     1
 40
30.0
176
     1
 62
     7
420
 16777215
176
     1
 90
        1
176
     1
 90
        4
176
     1
 62
     7
176
     1
 62
   257
176
     1
 90
        1
176
     1
 90
        1
176
     1
 40
1.0
176
     1
 90
        8
176
     1
 62
     7
176
     1
 40
1.0
176
     1
 90
        1
176
     1
 90
        6
176
     1
 90
        2
176
     1
 62
     7
176
     1
 90
        5
176
     1
 90
        0
176
     1
 90
        0
176
     1
290
     0
176
     1
 90
        1
176
     1
 40
50.0
176
     1
 90
        0
176
     1
290
     0
176
     1
290
     1
176
     1
290
     1
176
     1
290
     0
176
     1
290
     0
176
     1
290
     0
176
     1
290
     0
176
     1
290
     0
176
     1
290
     0
176
     1
 90
       50
176
     1
 40
0.0
176
     1
 40
1.0
176
     1
 90
        0
176
     1
 62
    18
420
        0
176
     1
 90
       50
176
     1
 90
        3
176
     1
 62
     5
420
      255
176
     1
290
     0
176
     1
 90
       50
176
     1
 90
       50
176
     1
 90
       50
176
     1
290
     0
176
     1
 90
       50
176
     1
 62
   256
176
     0
 40
1.0
176
     0
 90
        2
176
     1
  1
strokes_ogs.tif
176
     1
290
     0
176
     1
 40
1.0
176
     1
 40
1.0
176
     1
  0
VISUALSTYLE
  5
A9
102
{ACAD_REACTORS
330
99
102
}
330
99
100
AcDbVisualStyle
  2
ColorChange
 70
    16
177
     3
291
     1
 70
    58
 90
        2
176
     1
 90
        2
176
     1
 90
        3
176
     1
 90
        0
176
     1
 40
0.6
176
     1
 40
30.0
176
     1
 62
     8
420
  8421504
176
     1
 90
        1
176
     1
 90
        4
176
     1
 62
     7
176
     1
 62
   257
176
     1
 90
        1
176
     1
 90
        1
176
     1
 40
1.0
176
     1
 90
        8
176
     1
 62
     8
420
  8421504
176
     1
 40
1.0
176
     1
 90
        1
176
     1
 90
        6
176
     1
 90
        2
176
     1
 62
     7
176
     1
 90
        5
176
     1
 90
        0
176
     1
 90
        0
176
     1
290
     0
176
     1
 90
        1
176
     1
 40
0.0
176
     1
 90
        0
176
     1
290
     0
176
     1
290
     1
176
     1
290
     1
176
     1
290
     0
176
     1
290
     0
176
     1
290
     0
176
     1
290
     0
176
     1
290
     0
176
     1
290
     0
176
     1
 90
       50
176
     1
 40
0.0
176
     1
 40
1.0
176
     1
 90
        0
176
     1
 62
    18
420
        0
176
     1
 90
       50
176
     1
 90
        3
176
     1
 62
     5
420
      255
176
     1
290
     0
176
     1
 90
       50
176
     1
 90
       50
176
     1
 90
       50
176
     1
290
     0
176
     1
 90
       50
176
     1
 62
   256
176
     0
 40
1.0
176
     0
 90
        2
176
     1
  1
strokes_ogs.tif
176
     1
290
     0
176
     1
 40
1.0
176
     1
 40
1.0
176
     1
  0
VISUALSTYLE
  5
A2
102
{ACAD_REACTORS
330
99
102
}
330
99
100
AcDbVisualStyle
  2
Conceptual
 70
     9
177
     3
291
     0
 70
    58
 90
        3
176
     1
 90
        2
176
     1
 90
        1
176
     1
 90
        0
176
     1
 40
0.6
176
     1
 40
30.0
176
     1
 62
     7
420
 16777215
176
     1
 90
        2
176
     1
 90
        2
176
     1
 62
     7
176
     1
 62
   257
176
     1
 90
        1
176
     1
 90
        1
176
     1
 40
40.0
176
     1
 90
        8
176
     1
 62
     7
176
     1
 40
1.0
176
     1
 90
        1
176
     1
 90
        6
176
     1
 90
        2
176
     1
 62
     7
176
     1
 90
        3
176
     1
 90
        0
176
     1
 90
        0
176
     1
290
     0
176
     1
 90
        1
176
     1
 40
0.0
176
     1
 90
        0
176
     1
290
     0
176
     1
290
     1
176
     1
290
     1
176
     1
290
     0
176
     1
290
     0
176
     1
290
     0
176
     1
290
     0
176
     1
290
     0
176
     1
290
     0
176
     1
 90
       50
176
     1
 40
0.0
176
     1
 40
1.0
176
     1
 90
        0
176
     1
 62
    18
420
        0
176
     1
 90
       50
176
     1
 90
        3
176
     1
 62
     5
420
      255
176
     1
290
     0
176
     1
 90
       50
176
     1
 90
       50
176
     1
 90
       50
176
     1
290
     0
176
     1
 90
       50
176
     1
 62
   256
176
     0
 40
1.0
176
     0
 90
        2
176
     1
  1
strokes_ogs.tif
176
     1
290
     0
176
     1
 40
1.0
176
     1
 40
1.0
176
     1
  0
VISUALSTYLE
  5
A4
102
{ACAD_REACTORS
330
99
102
}
330
99
100
AcDbVisualStyle
  2
Dim
 70
    11
177
     3
291
     1
 70
    58
 90
        2
176
     1
 90
        2
176
     1
 90
        1
176
     1
 90
        0
176
     1
 40
0.6
176
     1
 40
30.0
176
     1
 62
     7
420
 16777215
176
     1
 90
        1
176
     1
 90
        4
176
     1
 62
     7
176
     1
 62
   257
176
     1
 90
        1
176
     1
 90
        1
176
     1
 40
1.0
176
     1
 90
        8
176
     1
 62
     7
176
     1
 40
1.0
176
     1
 90
        1
176
     1
 90
        6
176
     1
 90
        2
176
     1
 62
     7
176
     1
 90
        5
176
     1
 90
        0
176
     1
 90
        0
176
     1
290
     0
176
     1
 90
        1
176
     1
 40
-50.0
176
     1
 90
        0
176
     1
290
     0
176
     1
290
     1
176
     1
290
     1
176
     1
290
     0
176
     1
290
     0
176
     1
290
     0
176
     1
290
     0
176
     1
290
     0
176
     1
290
     0
176
     1
 90
       50
176
     1
 40
0.0
176
     1
 40
1.0
176
     1
 90
        0
176
     1
 62
    18
420
        0
176
     1
 90
       50
176
     1
 90
        3
176
     1
 62
     5
420
      255
176
     1
290
     0
176
     1
 90
       50
176
     1
 90
       50
176
     1
 90
       50
176
     1
290
     0
176
     1
 90
       50
176
     1
 62
   256
176
     0
 40
1.0
176
     0
 90
        2
176
     1
  1
strokes_ogs.tif
176
     1
290
     0
176
     1
 40
1.0
176
     1
 40
1.0
176
     1
  0
VISUALSTYLE
  5
175
102
{ACAD_REACTORS
330
99
102
}
330
99
100
AcDbVisualStyle
  2
EdgeColorOff
 70
    22
177
     3
291
     1
 70
    58
 90
        2
176
     0
 90
        2
176
     0
 90
        0
176
     0
 90
        0
176
     0
 40
0.6
176
     0
 40
30.0
176
     0
 62
     7
420
 16777215
176
     0
 90
        1
176
     0
 90
        4
176
     0
 62
     7
176
     0
 62
   257
176
     0
 90
        1
176
     0
 90
        1
176
     0
 40
1.0
176
     0
 90
        8
176
     2
 62
     7
176
     0
 40
1.0
176
     0
 90
        1
176
     0
 90
        6
176
     0
 90
        2
176
     0
 62
     7
176
     0
 90
        5
176
     0
 90
        0
176
     0
 90
        0
176
     0
290
     0
176
     0
 90
        1
176
     0
 40
0.0
176
     0
 90
        0
176
     0
290
     0
176
     1
290
     1
176
     1
290
     1
176
     1
290
     0
176
     1
290
     0
176
     1
290
     0
176
     1
290
     0
176
     1
290
     0
176
     1
290
     0
176
     1
 90
       50
176
     1
 40
0.0
176
     1
 40
1.0
176
     1
 90
        0
176
     1
 62
    18
420
        0
176
     1
 90
       50
176
     1
 90
        3
176
     1
 62
     5
420
      255
176
     1
290
     0
176
     1
 90
       50
176
     1
 90
       50
176
     1
 90
       50
176
     1
290
     0
176
     1
 90
       50
176
     1
 62
   256
176
     0
 40
1.0
176
     0
 90
        2
176
     1
  1
strokes_ogs.tif
176
     1
290
     0
176
     1
 40
1.0
176
     1
 40
1.0
176
     1
  0
VISUALSTYLE
  5
A8
102
{ACAD_REACTORS
330
99
102
}
330
99
100
AcDbVisualStyle
  2
Facepattern
 70
    15
177
     3
291
     1
 70
    58
 90
        2
176
     1
 90
        2
176
     1
 90
        1
176
     1
 90
        0
176
     1
 40
0.6
176
     1
 40
30.0
176
     1
 62
     7
420
 16777215
176
     1
 90
        1
176
     1
 90
        4
176
     1
 62
     7
176
     1
 62
   257
176
     1
 90
        1
176
     1
 90
        1
176
     1
 40
1.0
176
     1
 90
        8
176
     1
 62
     7
176
     1
 40
1.0
176
     1
 90
        1
176
     1
 90
        6
176
     1
 90
        2
176
     1
 62
     7
176
     1
 90
        5
176
     1
 90
        0
176
     1
 90
        0
176
     1
290
     0
176
     1
 90
        1
176
     1
 40
0.0
176
     1
 90
        0
176
     1
290
     0
176
     1
290
     1
176
     1
290
     1
176
     1
290
     0
176
     1
290
     0
176
     1
290
     0
176
     1
290
     0
176
     1
290
     0
176
     1
290
     0
176
     1
 90
       50
176
     1
 40
0.0
176
     1
 40
1.0
176
     1
 90
        0
176
     1
 62
    18
420
        0
176
     1
 90
       50
176
     1
 90
        3
176
     1
 62
     5
420
      255
176
     1
290
     0
176
     1
 90
       50
176
     1
 90
       50
176
     1
 90
       50
176
     1
290
     0
176
     1
 90
       50
176
     1
 62
   256
176
     0
 40
1.0
176
     0
 90
        2
176
     1
  1
strokes_ogs.tif
176
     1
290
     0
176
     1
 40
1.0
176
     1
 40
1.0
176
     1
  0
VISUALSTYLE
  5
9A
102
{ACAD_REACTORS
330
99
102
}
330
99
100
AcDbVisualStyle
  2
Flat
 70
     0
177
     3
291
     1
 70
    58
 90
        2
176
     1
 90
        1
176
     1
 90
        1
176
     1
 90
        2
176
     1
 40
0.6
176
     1
 40
30.0
176
     1
 62
     7
420
 16777215
176
     1
 90
        0
176
     1
 90
        0
176
     1
 62
     7
176
     1
 62
   257
176
     1
 90
        1
176
     1
 90
        1
176
     1
 40
1.0
176
     1
 90
        8
176
     1
 62
     7
176
     1
 40
1.0
176
     1
 90
        1
176
     1
 90
        6
176
     1
 90
        2
176
     1
 62
     7
176
     1
 90
        5
176
     1
 90
        0
176
     1
 90
        0
176
     1
290
     0
176
     1
 90
       13
176
     1
 40
0.0
176
     1
 90
        0
176
     1
290
     0
176
     1
290
     1
176
     1
290
     1
176
     1
290
     0
176
     1
290
     0
176
     1
290
     0
176
     1
290
     0
176
     1
290
     0
176
     1
290
     0
176
     1
 90
       50
176
     1
 40
0.0
176
     1
 40
1.0
176
     1
 90
        0
176
     1
 62
    18
420
        0
176
     1
 90
       50
176
     1
 90
        3
176
     1
 62
     5
420
      255
176
     1
290
     0
176
     1
 90
       50
176
     1
 90
       50
176
     1
 90
       50
176
     1
290
     0
176
     1
 90
       50
176
     1
 62
   256
176
     0
 40
1.0
176
     0
 90
        2
176
     1
  1
strokes_ogs.tif
176
     1
290
     0
176
     1
 40
1.0
176
     1
 40
1.0
176
     1
  0
VISUALSTYLE
  5
9B
102
{ACAD_REACTORS
330
99
102
}
330
99
100
AcDbVisualStyle
  2
FlatWithEdges
 70
     1
177
     3
291
     1
 70
    58
 90
        2
176
     1
 90
        1
176
     1
 90
        1
176
     1
 90
        2
176
     1
 40
0.6
176
     1
 40
30.0
176
     1
 62
     7
420
 16777215
176
     1
 90
        1
176
     1
 90
        0
176
     1
 62
     7
176
     1
 62
   257
176
     1
 90
        1
176
     1
 90
        1
176
     1
 40
1.0
176
     1
 90
        0
176
     1
 62
   257
176
     1
 40
1.0
176
     1
 90
        1
176
     1
 90
        6
176
     1
 90
        2
176
     1
 62
     7
176
     1
 90
        5
176
     1
 90
        0
176
     1
 90
        0
176
     1
290
     0
176
     1
 90
       13
176
     1
 40
0.0
176
     1
 90
        0
176
     1
290
     0
176
     1
290
     1
176
     1
290
     1
176
     1
290
     0
176
     1
290
     0
176
     1
290
     0
176
     1
290
     0
176
     1
290
     0
176
     1
290
     0
176
     1
 90
       50
176
     1
 40
0.0
176
     1
 40
1.0
176
     1
 90
        0
176
     1
 62
    18
420
        0
176
     1
 90
       50
176
     1
 90
        3
176
     1
 62
     5
420
      255
176
     1
290
     0
176
     1
 90
       50
176
     1
 90
       50
176
     1
 90
       50
176
     1
290
     0
176
     1
 90
       50
176
     1
 62
   256
176
     0
 40
1.0
176
     0
 90
        2
176
     1
  1
strokes_ogs.tif
176
     1
290
     0
176
     1
 40
1.0
176
     1
 40
1.0
176
     1
  0
VISUALSTYLE
  5
9C
102
{ACAD_REACTORS
330
99
102
}
330
99
100
AcDbVisualStyle
  2
Gouraud
 70
     2
177
     3
291
     1
 70
    58
 90
        2
176
     1
 90
        2
176
     1
 90
        1
176
     1
 90
        2
176
     1
 40
0.6
176
     1
 40
30.0
176
     1
 62
     7
420
 16777215
176
     1
 90
        0
176
     1
 90
        0
176
     1
 62
     7
176
     1
 62
   257
176
     1
 90
        1
176
     1
 90
        1
176
     1
 40
1.0
176
     1
 90
        0
176
     1
 62
     7
176
     1
 40
1.0
176
     1
 90
        1
176
     1
 90
        6
176
     1
 90
        2
176
     1
 62
     7
176
     1
 90
        5
176
     1
 90
        0
176
     1
 90
        0
176
     1
290
     0
176
     1
 90
       13
176
     1
 40
0.0
176
     1
 90
        0
176
     1
290
     0
176
     1
290
     1
176
     1
290
     1
176
     1
290
     0
176
     1
290
     0
176
     1
290
     0
176
     1
290
     0
176
     1
290
     0
176
     1
290
     0
176
     1
 90
       50
176
     1
 40
0.0
176
     1
 40
1.0
176
     1
 90
        0
176
     1
 62
    18
420
        0
176
     1
 90
       50
176
     1
 90
        3
176
     1
 62
     5
420
      255
176
     1
290
     0
176
     1
 90
       50
176
     1
 90
       50
176
     1
 90
       50
176
     1
290
     0
176
     1
 90
       50
176
     1
 62
   256
176
     0
 40
1.0
176
     0
 90
        2
176
     1
  1
strokes_ogs.tif
176
     1
290
     0
176
     1
 40
1.0
176
     1
 40
1.0
176
     1
  0
VISUALSTYLE
  5
9D
102
{ACAD_REACTORS
330
99
102
}
330
99
100
AcDbVisualStyle
  2
GouraudWithEdges
 70
     3
177
     3
291
     1
 70
    58
 90
        2
176
     1
 90
        2
176
     1
 90
        1
176
     1
 90
        2
176
     1
 40
0.6
176
     1
 40
30.0
176
     1
 62
     7
420
 16777215
176
     1
 90
        1
176
     1
 90
        0
176
     1
 62
     7
176
     1
 62
   257
176
     1
 90
        1
176
     1
 90
        1
176
     1
 40
1.0
176
     1
 90
        0
176
     1
 62
   257
176
     1
 40
1.0
176
     1
 90
        1
176
     1
 90
        6
176
     1
 90
        2
176
     1
 62
     7
176
     1
 90
        5
176
     1
 90
        0
176
     1
 90
        0
176
     1
290
     0
176
     1
 90
       13
176
     1
 40
0.0
176
     1
 90
        0
176
     1
290
     0
176
     1
290
     1
176
     1
290
     1
176
     1
290
     0
176
     1
290
     0
176
     1
290
     0
176
     1
290
     0
176
     1
290
     0
176
     1
290
     0
176
     1
 90
       50
176
     1
 40
0.0
176
     1
 40
1.0
176
     1
 90
        0
176
     1
 62
    18
420
        0
176
     1
 90
       50
176
     1
 90
        3
176
     1
 62
     5
420
      255
176
     1
290
     0
176
     1
 90
       50
176
     1
 90
       50
176
     1
 90
       50
176
     1
290
     0
176
     1
 90
       50
176
     1
 62
   256
176
     0
 40
1.0
176
     0
 90
        2
176
     1
  1
strokes_ogs.tif
176
     1
290
     0
176
     1
 40
1.0
176
     1
 40
1.0
176
     1
  0
VISUALSTYLE
  5
A1
102
{ACAD_REACTORS
330
99
102
}
330
99
100
AcDbVisualStyle
  2
Hidden
 70
     6
177
     3
291
     0
 70
    58
 90
        1
176
     1
 90
        2
176
     1
 90
        2
176
     1
 90
        0
176
     1
 40
0.6
176
     1
 40
30.0
176
     1
 62
     7
420
 16777215
176
     1
 90
        2
176
     1
 90
        2
176
     1
 62
     7
176
     1
 62
   257
176
     1
 90
        2
176
     1
 90
        1
176
     1
 40
40.0
176
     1
 90
        0
176
     1
 62
   257
176
     1
 40
1.0
176
     1
 90
        1
176
     1
 90
        6
176
     1
 90
        2
176
     1
 62
     7
176
     1
 90
        3
176
     1
 90
        0
176
     1
 90
        0
176
     1
290
     0
176
     1
 90
        1
176
     1
 40
0.0
176
     1
 90
        0
176
     1
290
     0
176
     1
290
     1
176
     1
290
     1
176
     1
290
     0
176
     1
290
     0
176
     1
290
     0
176
     1
290
     0
176
     1
290
     0
176
     1
290
     0
176
     1
 90
       50
176
     1
 40
0.0
176
     1
 40
1.0
176
     1
 90
        0
176
     1
 62
    18
420
        0
176
     1
 90
       50
176
     1
 90
        3
176
     1
 62
     5
420
      255
176
     1
290
     0
176
     1
 90
       50
176
     1
 90
       50
176
     1
 90
       50
176
     1
290
     0
176
     1
 90
       50
176
     1
 62
   256
176
     0
 40
1.0
176
     0
 90
        2
176
     1
  1
strokes_ogs.tif
176
     1
290
     0
176
     1
 40
1.0
176
     1
 40
1.0
176
     1
  0
VISUALSTYLE
  5
173
102
{ACAD_REACTORS
330
99
102
}
330
99
100
AcDbVisualStyle
  2
JitterOff
 70
    20
177
     3
291
     1
 70
    58
 90
        2
176
     0
 90
        2
176
     0
 90
        0
176
     0
 90
        0
176
     0
 40
0.6
176
     0
 40
30.0
176
     0
 62
     7
420
 16777215
176
     0
 90
        1
176
     0
 90
        4
176
     0
 62
     7
176
     0
 62
   257
176
     0
 90
        1
176
     0
 90
        1
176
     0
 40
1.0
176
     0
 90
       10
176
     2
 62
     7
176
     0
 40
1.0
176
     0
 90
        1
176
     0
 90
        6
176
     0
 90
        2
176
     0
 62
     7
176
     0
 90
        5
176
     0
 90
        0
176
     0
 90
        0
176
     0
290
     0
176
     0
 90
        1
176
     0
 40
0.0
176
     0
 90
        0
176
     0
290
     0
176
     1
290
     1
176
     1
290
     1
176
     1
290
     0
176
     1
290
     0
176
     1
290
     0
176
     1
290
     0
176
     1
290
     0
176
     1
290
     0
176
     1
 90
       50
176
     1
 40
0.0
176
     1
 40
1.0
176
     1
 90
        0
176
     1
 62
    18
420
        0
176
     1
 90
       50
176
     1
 90
        3
176
     1
 62
     5
420
      255
176
     1
290
     0
176
     1
 90
       50
176
     1
 90
       50
176
     1
 90
       50
176
     1
290
     0
176
     1
 90
       50
176
     1
 62
   256
176
     0
 40
1.0
176
     0
 90
        2
176
     1
  1
strokes_ogs.tif
176
     1
290
     0
176
     1
 40
1.0
176
     1
 40
1.0
176
     1
  0
VISUALSTYLE
  5
A7
102
{ACAD_REACTORS
330
99
102
}
330
99
100
AcDbVisualStyle
  2
Linepattern
 70
    14
177
     3
291
     1
 70
    58
 90
        2
176
     1
 90
        2
176
     1
 90
        1
176
     1
 90
        0
176
     1
 40
0.6
176
     1
 40
30.0
176
     1
 62
     7
420
 16777215
176
     1
 90
        1
176
     1
 90
        4
176
     1
 62
     7
176
     1
 62
   257
176
     1
 90
        7
176
     1
 90
        7
176
     1
 40
1.0
176
     1
 90
        8
176
     1
 62
     7
176
     1
 40
1.0
176
     1
 90
        1
176
     1
 90
        6
176
     1
 90
        2
176
     1
 62
     7
176
     1
 90
        5
176
     1
 90
        0
176
     1
 90
        0
176
     1
290
     0
176
     1
 90
        1
176
     1
 40
0.0
176
     1
 90
        0
176
     1
290
     0
176
     1
290
     1
176
     1
290
     1
176
     1
290
     0
176
     1
290
     0
176
     1
290
     0
176
     1
290
     0
176
     1
290
     0
176
     1
290
     0
176
     1
 90
       50
176
     1
 40
0.0
176
     1
 40
1.0
176
     1
 90
        0
176
     1
 62
    18
420
        0
176
     1
 90
       50
176
     1
 90
        3
176
     1
 62
     5
420
      255
176
     1
290
     0
176
     1
 90
       50
176
     1
 90
       50
176
     1
 90
       50
176
     1
290
     0
176
     1
 90
       50
176
     1
 62
   256
176
     0
 40
1.0
176
     0
 90
        2
176
     1
  1
strokes_ogs.tif
176
     1
290
     0
176
     1
 40
1.0
176
     1
 40
1.0
176
     1
  0
VISUALSTYLE
  5
174
102
{ACAD_REACTORS
330
99
102
}
330
99
100
AcDbVisualStyle
  2
OverhangOff
 70
    21
177
     3
291
     1
 70
    58
 90
        2
176
     0
 90
        2
176
     0
 90
        0
176
     0
 90
        0
176
     0
 40
0.6
176
     0
 40
30.0
176
     0
 62
     7
420
 16777215
176
     0
 90
        1
176
     0
 90
        4
176
     0
 62
     7
176
     0
 62
   257
176
     0
 90
        1
176
     0
 90
        1
176
     0
 40
1.0
176
     0
 90
        9
176
     2
 62
     7
176
     0
 40
1.0
176
     0
 90
        1
176
     0
 90
        6
176
     0
 90
        2
176
     0
 62
     7
176
     0
 90
        5
176
     0
 90
        0
176
     0
 90
        0
176
     0
290
     0
176
     0
 90
        1
176
     0
 40
0.0
176
     0
 90
        0
176
     0
290
     0
176
     1
290
     1
176
     1
290
     1
176
     1
290
     0
176
     1
290
     0
176
     1
290
     0
176
     1
290
     0
176
     1
290
     0
176
     1
290
     0
176
     1
 90
       50
176
     1
 40
0.0
176
     1
 40
1.0
176
     1
 90
        0
176
     1
 62
    18
420
        0
176
     1
 90
       50
176
     1
 90
        3
176
     1
 62
     5
420
      255
176
     1
290
     0
176
     1
 90
       50
176
     1
 90
       50
176
     1
 90
       50
176
     1
290
     0
176
     1
 90
       50
176
     1
 62
   256
176
     0
 40
1.0
176
     0
 90
        2
176
     1
  1
strokes_ogs.tif
176
     1
290
     0
176
     1
 40
1.0
176
     1
 40
1.0
176
     1
  0
VISUALSTYLE
  5
A3
102
{ACAD_REACTORS
330
99
102
}
330
99
100
AcDbVisualStyle
  2
Realistic
 70
     8
177
     3
291
     0
 70
    58
 90
        2
176
     1
 90
        3
176
     1
 90
        0
176
     1
 90
        2
176
     1
 40
0.6
176
     1
 40
30.0
176
     1
 62
     7
420
 16777215
176
     1
 90
        0
176
     1
 90
        0
176
     1
 62
     7
176
     1
 62
   257
176
     1
 90
        1
176
     1
 90
        1
176
     1
 40
1.0
176
     1
 90
        8
176
     1
 62
   257
176
     1
 40
1.0
176
     1
 90
        1
176
     1
 90
        6
176
     1
 90
        2
176
     1
 62
     7
176
     1
 90
        3
176
     1
 90
        0
176
     1
 90
        0
176
     1
290
     0
176
     1
 90
       13
176
     1
 40
0.0
176
     1
 90
        0
176
     1
290
     0
176
     1
290
     1
176
     1
290
     1
176
     1
290
     0
176
     1
290
     0
176
     1
290
     0
176
     1
290
     0
176
     1
290
     0
176
     1
290
     0
176
     1
 90
       50
176
     1
 40
0.0
176
     1
 40
1.0
176
     1
 90
        0
176
     1
 62
    18
420
        0
176
     1
 90
       50
176
     1
 90
        3
176
     1
 62
     5
420
      255
176
     1
290
     0
176
     1
 90
       50
176
     1
 90
       50
176
     1
 90
       50
176
     1
290
     0
176
     1
 90
       50
176
     1
 62
   256
176
     0
 40
1.0
176
     0
 90
        2
176
     1
  1
strokes_ogs.tif
176
     1
290
     0
176
     1
 40
1.0
176
     1
 40
1.0
176
     1
  0
VISUALSTYLE
  5
182
102
{ACAD_REACTORS
330
99
102
}
330
99
100
AcDbVisualStyle
  2
Shaded
 70
    27
177
     3
291
     0
 70
    58
 90
        2
176
     1
 90
        2
176
     1
 90
        1
176
     1
 90
        2
176
     1
 40
0.6
176
     1
 40
30.0
176
     1
 62
     7
420
 16777215
176
     1
 90
        0
176
     1
 90
        4
176
     1
 62
     7
176
     1
 62
   257
176
     1
 90
        1
176
     1
 90
        1
176
     1
 40
1.0
176
     1
 90
        8
176
     1
 62
   257
176
     1
 40
1.0
176
     1
 90
        1
176
     1
 90
        6
176
     1
 90
        2
176
     1
 62
     8
420
  7895160
176
     1
 90
        3
176
     1
 90
        0
176
     1
 90
        0
176
     1
290
     0
176
     1
 90
        5
176
     1
 40
0.0
176
     1
 90
        0
176
     1
290
     0
176
     1
290
     1
176
     1
290
     1
176
     1
290
     0
176
     1
290
     0
176
     1
290
     0
176
     1
290
     0
176
     1
290
     0
176
     1
290
     0
176
     1
 90
       50
176
     1
 40
0.0
176
     1
 40
1.0
176
     1
 90
        0
176
     1
 62
    18
420
        0
176
     1
 90
       50
176
     1
 90
        3
176
     1
 62
     5
420
      255
176
     1
290
     0
176
     1
 90
       50
176
     1
 90
       50
176
     1
 90
       50
176
     1
290
     0
176
     1
 90
       50
176
     1
 62
   256
176
     0
 40
1.0
176
     0
 90
        2
176
     1
  1
strokes_ogs.tif
176
     1
290
     0
176
     1
 40
1.0
176
     1
 40
1.0
176
     1
  0
VISUALSTYLE
  5
181
102
{ACAD_REACTORS
330
99
102
}
330
99
100
AcDbVisualStyle
  2
Shaded with edges
 70
    26
177
     3
291
     0
 70
    58
 90
        2
176
     1
 90
        2
176
     1
 90
        1
176
     1
 90
        2
176
     1
 40
0.6
176
     1
 40
30.0
176
     1
 62
     7
420
 16777215
176
     1
 90
        1
176
     1
 90
        2
176
     1
 62
     7
176
     1
 62
   257
176
     1
 90
        2
176
     1
 90
        1
176
     1
 40
1.0
176
     1
 90
        8
176
     1
 62
   257
176
     1
 40
1.0
176
     1
 90
        1
176
     1
 90
        6
176
     1
 90
        2
176
     1
 62
     7
176
     1
 90
        3
176
     1
 90
        0
176
     1
 90
        0
176
     1
290
     0
176
     1
 90
        5
176
     1
 40
0.0
176
     1
 90
        0
176
     1
290
     0
176
     1
290
     1
176
     1
290
     1
176
     1
290
     0
176
     1
290
     0
176
     1
290
     0
176
     1
290
     0
176
     1
290
     0
176
     1
290
     0
176
     1
 90
       50
176
     1
 40
0.0
176
     1
 40
1.0
176
     1
 90
        0
176
     1
 62
    18
420
        0
176
     1
 90
       50
176
     1
 90
        3
176
     1
 62
     5
420
      255
176
     1
290
     0
176
     1
 90
       50
176
     1
 90
       50
176
     1
 90
       50
176
     1
290
     0
176
     1
 90
       50
176
     1
 62
   256
176
     0
 40
1.0
176
     0
 90
        2
176
     1
  1
strokes_ogs.tif
176
     1
290
     0
176
     1
 40
1.0
176
     1
 40
1.0
176
     1
  0
VISUALSTYLE
  5
17E
102
{ACAD_REACTORS
330
99
102
}
330
99
100
AcDbVisualStyle
  2
Shades of Gray
 70
    23
177
     3
291
     0
 70
    58
 90
        2
176
     1
 90
        2
176
     1
 90
        3
176
     1
 90
        0
176
     1
 40
0.6
176
     1
 40
30.0
176
     1
 62
     7
420
 16777215
176
     1
 90
        2
176
     1
 90
        2
176
     1
 62
     7
176
     1
 62
     7
176
     1
 90
        1
176
     1
 90
        1
176
     1
 40
40.0
176
     1
 90
        8
176
     1
 62
     7
176
     1
 40
1.0
176
     1
 90
        1
176
     1
 90
        6
176
     1
 90
        2
176
     1
 62
     7
176
     1
 90
        3
176
     1
 90
        0
176
     1
 90
        0
176
     1
290
     0
176
     1
 90
        1
176
     1
 40
0.0
176
     1
 90
        0
176
     1
290
     0
176
     1
290
     1
176
     1
290
     1
176
     1
290
     0
176
     1
290
     0
176
     1
290
     0
176
     1
290
     0
176
     1
290
     0
176
     1
290
     0
176
     1
 90
       50
176
     1
 40
0.0
176
     1
 40
1.0
176
     1
 90
        0
176
     1
 62
    18
420
        0
176
     1
 90
       50
176
     1
 90
        3
176
     1
 62
     5
420
      255
176
     1
290
     0
176
     1
 90
       50
176
     1
 90
       50
176
     1
 90
       50
176
     1
290
     0
176
     1
 90
       50
176
     1
 62
   256
176
     0
 40
1.0
176
     0
 90
        2
176
     1
  1
strokes_ogs.tif
176
     1
290
     0
176
     1
 40
1.0
176
     1
 40
1.0
176
     1
  0
VISUALSTYLE
  5
17F
102
{ACAD_REACTORS
330
99
102
}
330
99
100
AcDbVisualStyle
  2
Sketchy
 70
    24
177
     3
291
     0
 70
    58
 90
        1
176
     1
 90
        2
176
     1
 90
        2
176
     1
 90
        0
176
     1
 40
0.6
176
     1
 40
30.0
176
     1
 62
     7
420
 16777215
176
     1
 90
        2
176
     1
 90
        2
176
     1
 62
     7
176
     1
 62
     7
176
     1
 90
        1
176
     1
 90
        1
176
     1
 40
40.0
176
     1
 90
       11
176
     1
 62
     7
176
     1
 40
1.0
176
     1
 90
        1
176
     1
 90
        6
176
     1
 90
        2
176
     1
 62
     7
176
     1
 90
        6
176
     1
 90
        0
176
     1
 90
        0
176
     1
290
     0
176
     1
 90
        1
176
     1
 40
0.0
176
     1
 90
        0
176
     1
290
     0
176
     1
290
     1
176
     1
290
     1
176
     1
290
     0
176
     1
290
     0
176
     1
290
     0
176
     1
290
     0
176
     1
290
     0
176
     1
290
     0
176
     1
 90
       50
176
     1
 40
0.0
176
     1
 40
1.0
176
     1
 90
        0
176
     1
 62
    18
420
        0
176
     1
 90
       50
176
     1
 90
        3
176
     1
 62
     5
420
      255
176
     1
290
     0
176
     1
 90
       50
176
     1
 90
       50
176
     1
 90
       50
176
     1
290
     0
176
     1
 90
       50
176
     1
 62
   256
176
     0
 40
1.0
176
     0
 90
        2
176
     1
  1
strokes_ogs.tif
176
     1
290
     0
176
     1
 40
1.0
176
     1
 40
1.0
176
     1
  0
VISUALSTYLE
  5
A6
102
{ACAD_REACTORS
330
99
102
}
330
99
100
AcDbVisualStyle
  2
Thicken
 70
    13
177
     3
291
     1
 70
    58
 90
        2
176
     1
 90
        2
176
     1
 90
        1
176
     1
 90
        0
176
     1
 40
0.6
176
     1
 40
30.0
176
     1
 62
     7
420
 16777215
176
     1
 90
        1
176
     1
 90
        4
176
     1
 62
     7
176
     1
 62
   257
176
     1
 90
        1
176
     1
 90
        1
176
     1
 40
1.0
176
     1
 90
       12
176
     1
 62
     7
176
     1
 40
1.0
176
     1
 90
        1
176
     1
 90
        6
176
     1
 90
        2
176
     1
 62
     7
176
     1
 90
        5
176
     1
 90
        0
176
     1
 90
        0
176
     1
290
     0
176
     1
 90
        1
176
     1
 40
0.0
176
     1
 90
        0
176
     1
290
     0
176
     1
290
     1
176
     1
290
     1
176
     1
290
     0
176
     1
290
     0
176
     1
290
     0
176
     1
290
     0
176
     1
290
     0
176
     1
290
     0
176
     1
 90
       50
176
     1
 40
0.0
176
     1
 40
1.0
176
     1
 90
        0
176
     1
 62
    18
420
        0
176
     1
 90
       50
176
     1
 90
        3
176
     1
 62
     5
420
      255
176
     1
290
     0
176
     1
 90
       50
176
     1
 90
       50
176
     1
 90
       50
176
     1
290
     0
176
     1
 90
       50
176
     1
 62
   256
176
     0
 40
1.0
176
     0
 90
        2
176
     1
  1
strokes_ogs.tif
176
     1
290
     0
176
     1
 40
1.0
176
     1
 40
1.0
176
     1
  0
VISUALSTYLE
  5
A0
102
{ACAD_REACTORS
330
99
102
}
330
99
100
AcDbVisualStyle
  2
Wireframe
 70
     5
177
     3
291
     0
 70
    58
 90
        0
176
     1
 90
        2
176
     1
 90
        0
176
     1
 90
        0
176
     1
 40
0.6
176
     1
 40
30.0
176
     1
 62
     7
420
 16777215
176
     1
 90
        1
176
     1
 90
        4
176
     1
 62
     7
176
     1
 62
   257
176
     1
 90
        1
176
     1
 90
        1
176
     1
 40
1.0
176
     1
 90
        0
176
     1
 62
   257
176
     1
 40
1.0
176
     1
 90
        1
176
     1
 90
        6
176
     1
 90
        2
176
     1
 62
     7
176
     1
 90
        3
176
     1
 90
        0
176
     1
 90
        0
176
     1
290
     0
176
     1
 90
        1
176
     1
 40
0.0
176
     1
 90
        0
176
     1
290
     0
176
     1
290
     1
176
     1
290
     1
176
     1
290
     0
176
     1
290
     0
176
     1
290
     0
176
     1
290
     0
176
     1
290
     0
176
     1
290
     0
176
     1
 90
       50
176
     1
 40
0.0
176
     1
 40
1.0
176
     1
 90
        0
176
     1
 62
    18
420
        0
176
     1
 90
       50
176
     1
 90
        3
176
     1
 62
     5
420
      255
176
     1
290
     0
176
     1
 90
       50
176
     1
 90
       50
176
     1
 90
       50
176
     1
290
     0
176
     1
 90
       50
176
     1
 62
   256
176
     0
 40
1.0
176
     0
 90
        2
176
     1
  1
strokes_ogs.tif
176
     1
290
     0
176
     1
 40
1.0
176
     1
 40
1.0
176
     1
  0
VISUALSTYLE
  5
180
102
{ACAD_REACTORS
330
99
102
}
330
99
100
AcDbVisualStyle
  2
X-Ray
 70
    25
177
     3
291
     0
 70
    58
 90
        2
176
     1
 90
        2
176
     1
 90
        1
176
     1
 90
        1
176
     1
 40
0.5
176
     1
 40
30.0
176
     1
 62
     7
420
 16777215
176
     1
 90
        1
176
     1
 90
        0
176
     1
 62
     7
176
     1
 62
   257
176
     1
 90
        1
176
     1
 90
        1
176
     1
 40
1.0
176
     1
 90
        8
176
     1
 62
     7
176
     1
 40
1.0
176
     1
 90
        1
176
     1
 90
        6
176
     1
 90
        2
176
     1
 62
     7
176
     1
 90
        3
176
     1
 90
        0
176
     1
 90
        0
176
     1
290
     0
176
     1
 90
       13
176
     1
 40
0.0
176
     1
 90
        0
176
     1
290
     0
176
     1
290
     1
176
     1
290
     1
176
     1
290
     0
176
     1
290
     0
176
     1
290
     0
176
     1
290
     0
176
     1
290
     0
176
     1
290
     0
176
     1
 90
       50
176
     1
 40
0.0
176
     1
 40
1.0
176
     1
 90
        0
176
     1
 62
    18
420
        0
176
     1
 90
       50
176
     1
 90
        3
176
     1
 62
     5
420
      255
176
     1
290
     0
176
     1
 90
       50
176
     1
 90
       50
176
     1
 90
       50
176
     1
290
     0
176
     1
 90
       50
176
     1
 62
   256
176
     0
 40
1.0
176
     0
 90
        2
176
     1
  1
strokes_ogs.tif
176
     1
290
     0
176
     1
 40
1.0
176
     1
 40
1.0
176
     1
  0
DICTIONARYVAR
  5
F0
102
{ACAD_REACTORS
330
66
102
}
330
66
100
DictionaryVariables
280
     0
  1
1:1
  0
DICTIONARYVAR
  5
EF
102
{ACAD_REACTORS
330
66
102
}
330
66
100
DictionaryVariables
280
     0
  1
STANDARD
  0
DICTIONARYVAR
  5
89
102
{ACAD_REACTORS
330
66
102
}
330
66
100
DictionaryVariables
280
     0
  1
STANDARD
  0
DICTIONARYVAR
  5
1B7
102
{ACAD_REACTORS
330
66
102
}
330
66
100
DictionaryVariables
280
     0
  1
Imperial24
  0
DICTIONARYVAR
  5
1B8
102
{ACAD_REACTORS
330
66
102
}
330
66
100
DictionaryVariables
280
     0
  1
Imperial24
  0
DICTIONARYVAR
  5
67
102
{ACAD_REACTORS
330
66
102
}
330
66
100
DictionaryVariables
280
     0
  1
2
  0
DICTIONARYVAR
  5
6B
102
{ACAD_REACTORS
330
66
102
}
330
66
100
DictionaryVariables
280
     0
  1
1
  0
DICTIONARYVAR
  5
14D
102
{ACAD_REACTORS
330
66
102
}
330
66
100
DictionaryVariables
280
     0
  1
0
  0
DICTIONARYVAR
  5
14E
102
{ACAD_REACTORS
330
66
102
}
330
66
100
DictionaryVariables
280
     0
  1
0
  0
ACDBASSOCNETWORK
  5
2DF
102
{ACAD_REACTORS
330
2DE
102
}
330
2DE
100
AcDbAssocAction
 90
        2
 90
        0
330
2E1
360
0
 90
        1
 90
        0
 90
        0
 90
        0
 90
        0
 90
        0
 90
        0
100
AcDbAssocNetwork
 90
        0
 90
        1
 90
        1
360
2E2
 90
        0
  0
ACSH_EXTRUSION_CLASS
  5
457
330
458
100
AcDbEvalExpr
 90
        1
 98
       33
 99
      427
100
AcDbShHistoryNode
 90
       33
 91
      427
 40
1.0
 41
0.0
 42
0.0
 43
0.0
 44
0.0
 45
1.0
 46
0.0
 47
0.0
 48
0.0
 49
0.0
 50
57.29577951308232
 51
0.0
 52
0.0
 53
0.0
 54
0.0
 55
57.29577951308232
 62
   256
 92
        1
347
96
100
AcDbShPrimitive
100
AcDbShSweepBase
 90
       33
 91
      427
 10
0.0
 20
0.0
 30
25.0
 92
       37
 70
     1
  1
mmloo kmh m k         
  1
ni ^ *+0;:,4 ^ *+0\^ [ mo ^ LR mlmqoqnqijjlj QK o  
  1
mjqlfffffffffffffgjg fqfffffffffffffffjkh:roh nqooooooooooooooooli:rno 
  1
>,27:>;:- {rn rn _nl mlmqoqnqijjlj |
  1
=0;& {rn rn {rn {m {rn {rn |
  1
3*2/ {rn rn {rn {rn {l {n |
  1
,7:33 {rn rn {rn {rn {rn {k {rn {m |
  1
9><: {rn rn {rn {rn {j {l {rn {i 90-(>-; ;0*=3: 0*+ |
  1
300/ {rn rn {rn {rn {h {k |
  1
/3>1:r,*-9><: {rn rn {rn hqhhnjinnhmlhiofjhgl:rni rfqomojimohjohflfigfn:rni o o o n n o o 90-(>-;@) V V V V |
  1
<0:;8: {rn rn {rn {g {f {rn {no 90-(>-; {j o {rn |
  1
<0:;8: {rn rn {rn {nn {h {rn {nm 90-(>-; {j o {rn |
  1
<0:;8: {rn rn {rn {h {nl {rn {nk 90-(>-; {j o {rn |
  1
:;8: {rn rn {rn {nj o {ni oqfknknlklimkioiknojf {h {nh 90-(>-; _h *1410(1 |
  1
<0:;8: {rn rn {rn {ng {g {rn {nf 90-(>-; {j o {rn |
  1
:;8: {rn rn {rn {ni o {mo nqnhffffffffffffjhnf {g {mn 90-(>-; _h *1410(1 |
  1
<0:;8: {rn rn {rn {f {mm {rn {ml 90-(>-; {j o {rn |
  1
:;8: {rn rn {rn {mk o {nj nqmklhfkgklnlgjllmhf {f {mj 90-(>-; _h *1410(1 |
  1
):-+:' {rn rn {rn {no o {mi |
  1
):-+:' {rn rn {rn {no n {mh |
  1
:336/,:r<*-): {rn rn {rn rnkqmmmjfomlgjglklmkn iqighmkhlfllihimjhkh o o o n mqnnfohhilmffiijihki mqjmfhmjmhgimghigfkh o n Y o Y oqfknknlklimkioiknojf |
  1
<0:;8: {rn rn {rn {mg {nn {rn {mf 90-(>-; {j o {rn |
  1
:;8: {rn rn {rn {mo o {lo nqngoooooooooooooiok {nn {ln 90-(>-; _h *1410(1 |
  1
):-+:' {rn rn {rn {nm n {lm |
  1
,+->687+r<*-): {rn rn {rn rnjqomomnoiojlflnkfkj fqggfkolnfohofjkolmi o roqjoooooooooooooniijl roqgiiomjkolhgkklhhogk o Y o Y nqnhffffffffffffjhnf |
  1
<0:;8: {rn rn {rn {nl {ll {rn {lk 90-(>-; {j o {rn |
  1
:;8: {rn rn {rn {lj o {mk oqnkmifohfnffigfmhngj {nl {li 90-(>-; _h *1410(1 |
  1
):-+:' {rn rn {rn {ml n {lh |
  1
:336/,:r<*-): {rn rn {rn rnnqkinlihgiglnjoilkf fqfgljjiogfhimihfnik o o o rn oqjnfhonfjjjijkliogon roqgjklkhilmilojihmll o n Y o Y nqmklhfkgklnlgjllmhf |
  1
/061+ {rn rn {rn rnmqnoljnmiojjgihhjii fqmnifhmihnffilfkifj o |
  1
/061+ {rn rn {rn rnjqomomnoiojlflnkfkj fqggfkolnfohofjklghg o |
  1
<0:;8: {rn rn {rn {lg {ng {rn {lf 90-(>-; {j o {rn |
  1
:;8: {rn rn {rn {lo o {ko oqfknknlklimkioifjki {ng {kn 90-(>-; _h *1410(1 |
  1
):-+:' {rn rn {rn {nf n {km |
  1
,+->687+r<*-): {rn rn {rn rnjqinomnoiojlflnkfln gqgihkflmnkmklfohjhl o roqjooooooooooooomiikj roqgiiomjkolhgkklhnjll o Y o Y nqngoooooooooooooiok |
  1
/061+ {rn rn {rn rnjqinomnoiojlflnkfln gqgihkflmnkmklfohjhl o |
  1
<0:;8: {rn rn {rn {mm {kl {rn {kk 90-(>-; {j o {rn |
  1
:;8: {rn rn {rn {kj o {lj nqjljlmlnklinkflnkfi {mm {ki 90-(>-; _h *1410(1 |
  1
):-+:' {rn rn {rn {lk n {kh |
  1
:336/,:r<*-): {rn rn {rn nqnligiglhhmniniomfh:rnl iqmnhmkgflhfooghiimi:rnk o ro o n rfqjlmmmhooojmfmlfjkh noqjfmkoffklkillfmhn o n Y o Y oqnkmifohfnffigfmhngj |
  1
/061+ {rn rn {rn rnoqfkniijfnmhkfimjil fqnmfmogkjhnlmnoglhf o |
  1
<0:;8: {rn rn {rn {kg {mg {rn {kf 90-(>-; {j o {rn |
  1
:;8: {rn rn {rn {ko o {jo nqjljlmlnklinkfmgnij {mg {jn 90-(>-; _h *1410(1 |
  1
):-+:' {rn rn {rn {mf n {jm |
  1
:336/,:r<*-): {rn rn {rn rnlqomgmjmnjkinkjgfhk gqhjjfonilimninmnmhj o ro ro n rlqnhnfjgkjohhgjimfhh roqfnolnglfgklhgjooohn o n Y o Y oqfknknlklimkioifjki |
  1
/061+ {rn rn {rn rniqmoomnoiojlflnjmhm hqgkjjglmlhhhgmhnmig o |
  1
<0:;8: {rn rn {rn {ll {jl {rn {jk 90-(>-; {j o {rn |
  1
:;8: {rn rn {rn {jj o {kj oqfknknlklimkioihijgi {ll {ji 90-(>-; _h *1410(1 |
  1
):-+:' {rn rn {rn {kk n {jh |
  1
:336/,:r<*-): {rn rn {rn rnoqmonnjjmnnofmjgnin nnqlljhlifjholfglgl o ro o rn oqhiijglknhhiimflljnl oqikmnkkhlhmhnhnlfjon o n Y o Y nqjljlmlnklinkflnkfi |
  1
/061+ {rn rn {rn rfqjlmmmhooojmfnmjgi noqjfmkoffklkilkjiii o |
  1
<0:;8: {rn rn {rn {jg {lg {rn {jf 90-(>-; {j o {rn |
  1
:;8: {rn rn {rn {jo o {io oqnkmifohfnffiggfioff {lg {in 90-(>-; _h *1410(1 |
  1
):-+:' {rn rn {rn {lf n {im |
  1
:336/,:r<*-): {rn rn {rn rnkqjomlmgolfmhknomjm kqhnikjgjifgiglmlkjg o ro ro rn oqlkmgoglkjmifijhfhif oqflfkojlikmiiflmggjm o n Y o Y nqjljlmlnklinkfmgnij |
  1
/061+ {rn rn {rn rnkqnjfjnfifkookkkilm jqijjgilflknljmjilkl o |
  1
<0:;8: {rn rn {rn {kl {il {rn {ik 90-(>-; {j o {rn |
  1
:;8: {rn rn {rn {ij o {jj nqnhffffffffffffhojn {kl {ii 90-(>-; _h *1410(1 |
  1
):-+:' {rn rn {rn {jk n {ih |
  1
:336/,:r<*-): {rn rn {rn riqfokgkijnkifhjmmgil nkqofifjflmhlognfnml o ro o n rlqmomnjjhfhlkngfignj oqhfhimoliigofhlkgokl o n Y o Y oqfknknlklimkioihijgi |
  1
/061+ {rn rn {rn rfqklkjhnhfllmimggmjg nnqfhhggnifklnnjjmmj o |
  1
<0:;8: {rn rn {rn {ig {kg {rn {if 90-(>-; {j o {rn |
  1
:;8: {rn rn {rn {io o {ho nqmklhfkgklnlgjmklfh {kg {hn 90-(>-; _h *1410(1 |
  1
):-+:' {rn rn {rn {kf n {hm |
  1
:336/,:r<*-): {rn rn {rn lqihhojgijhjjgjngkim:rnl rjqkimmfhmgnnjjhhonhf:rnk o ro o n rnlqjjnljjhogglomimfh kqkohngmjfgohlhlifnm o n Y o Y oqnkmifohfnffiggfioff |
  1
/061+ {rn rn {rn rnlqjjnljjhoggmfgflkf kqkohngmjfgohligngkj o |
  1
<0:;8: {rn rn {rn {jl {hl {rn {hk 90-(>-; {j o {rn |
  1
:;8: {rn rn {rn {hj o {ij nqngoooooooooooonfli {jl {hi 90-(>-; _h *1410(1 |
  1
):-+:' {rn rn {rn {ik n {hh |
  1
,+->687+r<*-): {rn rn {rn rfqogjofmlljjhlhgllhl njqkgkjhfifknnhfmmlk o roqgiiomjkolhgkklfhoig roqkfffffffffffffgnnmi o Y o Y nqnhffffffffffffhojn |
  1
/061+ {rn rn {rn rnoqnohoomlnmolfknfig nkqgfkjhfifknnhfmiok o |
  1
<0:;8: {rn rn {rn {hg {jg {rn {hf 90-(>-; {j o {rn |
  1
:;8: {rn rn {rn {ho o {go oqfknknlklimkioikffkn {jg {gn 90-(>-; _h *1410(1 |
  1
):-+:' {rn rn {rn {jf n {gm |
  1
:336/,:r<*-): {rn rn {rn rnkqfnhinlhgofiofooil mqfnjlmfmjfiglhghikk o ro o rn oqghhmkgfnmmlnkoiiilk roqkgooljhhjhlgkjmjhkg o n Y o Y nqmklhfkgklnlgjmklfh |
  1
/061+ {rn rn {rn rnkqokolikgighmfkfmnf mqkljmflkglfkjlljoif o |
  1
<0:;8: {rn rn {rn {il {gl {rn {gk 90-(>-; {j o {rn |
  1
:;8: {rn rn {rn {gj o {hj oqfknknlklimkioihlmjj {il {gi 90-(>-; _h *1410(1 |
  1
):-+:' {rn rn {rn {hk n {gh |
  1
,+->687+r<*-): {rn rn {rn rgqoilngmljfnognkljnj niqohkjhfifknnhfmmm o roqgiiomjkolhgkklfnjnh roqkffffffffffffffojil o Y o Y nqngoooooooooooonfli |
  1
/061+ {rn rn {rn rfqogjofmlljjhlhgllhl njqkgkjhfifknnhfmmlk o |
  1
<0:;8: {rn rn {rn {gg {ig {rn {gf 90-(>-; {j o {rn |
  1
:;8: {rn rn {rn {go o {fo nqngoooooooooooonkfm {ig {fn 90-(>-; _h *1410(1 |
  1
):-+:' {rn rn {rn {if n {fm |
  1
:336/,:r<*-): {rn rn {rn rnjqiiohkgnjofnlikfkh rnqlnffigffjmkkohjgkf o ro o n oqjholnmkmlkjmnnonfjk lqmjolkjnhmlgijooool o n Y o Y oqfknknlklimkioikffkn |
  1
/061+ {rn rn {rn rnjqofokljhmhkinjlfmh nqflolhinhhnkmkmlhn o |
  1
<0:;8: {rn rn {rn {hl {fl {rn {fk 90-(>-; {j o {rn |
  1
:;8: {rn rn {rn {fj o {gj nqmklhfkgklnlgkfhogi {hl {fi 90-(>-; _h *1410(1 |
  1
):-+:' {rn rn {rn {gk n {fh |
  1
:336/,:r<*-): {rn rn {rn rgqfhljoohjhjkioohhll nmqfomimnmklllflin o o o n lqnooolhhomogoghomin nqnlnmihjlflgfgkfkhj o n Y o Y oqfknknlklimkioihlmjj |
  1
/061+ {rn rn {rn rgqoilngmljfnognkljnj niqohkjhfifknnhfmmm o |
  1
<0:;8: {rn rn {rn {fg {hg {rn {ff 90-(>-; {j o {rn |
  1
:;8: {rn rn {rn {fo o {noo nqnhffffffffffffhojn {hg {non 90-(>-; _h *1410(1 |
  1
):-+:' {rn rn {rn {hf n {nom |
  1
,+->687+r<*-): {rn rn {rn rnhqfjmjgjjkfgnhiglgk nqojklifogghmkhijiki o o rn o Y o Y nqngoooooooooooonkfm |
  1
/061+ {rn rn {rn rnhqfjmjgjjkfgnhiglgk nqojklifogghmkhiihji o |
  1
<0:;8: {rn rn {rn {gl {nol {rn {nok 90-(>-; {j o {rn |
  1
:;8: {rn rn {rn {noj o {fj oqnkmifohfnffigffhigk {gl {noi 90-(>-; _h *1410(1 |
  1
):-+:' {rn rn {rn {fk n {noh |
  1
:336/,:r<*-): {rn rn {rn rkqflkojhifnnfgmohmjm nkqlhiifhnmhffgginlj o o o rn oqommfonmhfioogolfolmk roqfffhlhhlnlolggffghn o n Y o Y nqmklhfkgklnlgkfhogi |
  1
/061+ {rn rn {rn rjqghlkilojjkijnlfmkf nkqollggghgmhmfmnokg o |
  1
<0:;8: {rn rn {rn {nog {gg {rn {nof 90-(>-; {j o {rn |
  1
:;8: {rn rn {rn {noo o {nno oqfknknlklimkioifghfn {gg {nnn 90-(>-; _h *1410(1 |
  1
):-+:' {rn rn {rn {gf n {nnm |
  1
,+->687+r<*-): {rn rn {rn rnhqfjmjgjjkfgnhiglgk roqnmjilofnnmhjmljgkjf o o rn o Y o Y nqnhffffffffffffhojn |
  1
/061+ {rn rn {rn rnhqfjmjgjjkfgnhiglgk roqnmjilofnnmhjmljgkjf o |
  1
<0:;8: {rn rn {rn {fl {nnl {rn {nnk 90-(>-; {j o {rn |
  1
:;8: {rn rn {rn {nnj o {noj nqjljlmlnklinkfligmj {fl {nni 90-(>-; _h *1410(1 |
  1
):-+:' {rn rn {rn {nok n {nnh |
  1
:336/,:r<*-): {rn rn {rn rnqjfghmnnjjkiommjkng:rnl kqfmojogkkjnlgiflhgh:rnl o ro o n rmqfjgfkjhijliimgkoik nlqflfkofjfgiomlnlgg o n Y o Y oqnkmifohfnffigffhigk |
  1
/061+ {rn rn {rn rkqfnnnjiknnjfhkomki nlqlhifjflfiifkfifjg o |
  1
<0:;8: {rn rn {rn {nng {fg {rn {nnf 90-(>-; {j o {rn |
  1
:;8: {rn rn {rn {nno o {nmo nqjljlmlnklinkflolgi {fg {nmn 90-(>-; _h *1410(1 |
  1
):-+:' {rn rn {rn {ff n {nmm |
  1
:336/,:r<*-): {rn rn {rn rnjqiiohkgnjofnlikjfm nqoighohnhmifljfhojm o ro ro n rmqmfnglhlfgfokolhfmi rmqlhkllgoglfiggmffkf o n Y o Y oqfknknlklimkioifghfn |
  1
/061+ {rn rn {rn rnhqfjmjgjjkfgnhiglgk rnqlojilofnnmhjmlmgfh o |
  1
<0:;8: {rn rn {rn {nol {nml {rn {nmk 90-(>-; {j o {rn |
  1
:;8: {rn rn {rn {nmj o {nnj oqfknknlklimkioikklf {nol {nmi 90-(>-; _h *1410(1 |
  1
):-+:' {rn rn {rn {nnk n {nmh |
  1
:336/,:r<*-): {rn rn {rn rlqniijfnogmmlkmilhhi nkqfnhinlhgofiogfhoh o ro o rn oqfgkfjlogmjknliklhhj oqnhmgmnfkijooilgikjh o n Y o Y nqjljlmlnklinkfligmj |
  1
/061+ {rn rn {rn rmqfjgfkjhijliikklfli nlqflfkofjfgiomgomlg o |
  1
<0:;8: {rn rn {rn {nmg {nog {rn {nmf 90-(>-; {j o {rn |
  1
:;8: {rn rn {rn {nmo o {nlo oqnkmifohfnffifogmllf {nog {nln 90-(>-; _h *1410(1 |
  1
):-+:' {rn rn {rn {nof n {nlm |
  1
:336/,:r<*-): {rn rn {rn rnkqfnhinlhgofiogfggj rlqniijfnogmmlkmjgool o ro ro rn roqnhmgmnfkijooilllnii oqfgkfjlogmjknlimnjhn o n Y o Y nqjljlmlnklinkflolgi |
  1
/061+ {rn rn {rn rnjqofokljhmhkinjlolf rmqngnilhfffifmgfjkom o |
  1
<0:;8: {rn rn {rn {nnl {nll {rn {nlk 90-(>-; {j o {rn |
  1
:;8: {rn rn {rn {nlj o {nmj nqngoooooooooooolmig {nnl {nli 90-(>-; _h *1410(1 |
  1
):-+:' {rn rn {rn {nmk n {nlh |
  1
:336/,:r<*-): {rn rn {rn nqoighohnhmifliohmii njqiiohkgnjofnlikojf o ro o n rmqlhkllgoglfiggkkiok mqmfnglhlfgfokoklmjj o n Y o Y oqfknknlklimkioikklf |
  1
/061+ {rn rn {rn rmqngnilhfffifmfonnhj njqofokljhmhkinjljhm o |
  1
<0:;8: {rn rn {rn {nlg {nng {rn {nlf 90-(>-; {j o {rn |
  1
:;8: {rn rn {rn {nlo o {nko nqmklhfkgklnlgkhffgf {nng {nkn 90-(>-; _h *1410(1 |
  1
):-+:' {rn rn {rn {nnf n {nkm |
  1
:336/,:r<*-): {rn rn {rn rnqnokgflfjknoifjjhgf:rnm rlqmffjgmgmfngjfijmlg:rnl o ro ro n rnlqflfkofjfgionhomgn rmqfjgfkjhijliinoighl o n Y o Y oqnkmifohfnffifogmllf |
  1
/061+ {rn rn {rn rnlqflfkofjfgiomgohh rmqfjgfkjhijliiklhmhj o |
  1
<0:;8: {rn rn {rn {nml {nkl {rn {nkk 90-(>-; {j o {rn |
  1
:;8: {rn rn {rn {nkj o {nlj nqnhffffffffffffinil {nml {nki 90-(>-; _h *1410(1 |
  1
):-+:' {rn rn {rn {nlk n {nkh |
  1
,+->687+r<*-): {rn rn {rn roqnmjilofnnmhjmlkoifj nhqfjmjgjjkfgnhiglgk o rn o o Y o Y nqngoooooooooooolmig |
  1
/061+ {rn rn {rn rnqlojilofnnmhjmlhllg nhqfjmjgjjkfgnhiglgk o |
  1
<0:;8: {rn rn {rn {nkg {nmg {rn {nkf 90-(>-; {j o {rn |
  1
:;8: {rn rn {rn {nko o {njo oqfknknlklimkioiiggnj {nmg {njn 90-(>-; _h *1410(1 |
  1
):-+:' {rn rn {rn {nmf n {njm |
  1
:336/,:r<*-): {rn rn {rn rnkqlhiifhnmhffggjmkh rkqflkojhifnnfgmohmjm o ro o rn oqfffhlhhlnlolgfnhilk oqommfonmhfioohgklilln o n Y o Y nqmklhfkgklnlgkhffgf |
  1
/061+ {rn rn {rn rnlqlhifjflfiifkfioh rkqfnnnjiknnjfhkmlhhh o |
  1
<0:;8: {rn rn {rn {nll {njl {rn {njk 90-(>-; {j o {rn |
  1
:;8: {rn rn {rn {njj o {nkj oqfknknlklimkioigghff {nll {nji 90-(>-; _h *1410(1 |
  1
):-+:' {rn rn {rn {nkk n {njh |
  1
,+->687+r<*-): {rn rn {rn nqojklifogghmkhimofk nhqfjmjgjjkfgnhiglgk o rn o o Y o Y nqnhffffffffffffinil |
  1
/061+ {rn rn {rn roqnmjilofnnmhjmlkoifj nhqfjmjgjjkfgnhiglgk o |
  1
<0:;8: {rn rn {rn {njg {nlg {rn {njf 90-(>-; {j o {rn |
  1
:;8: {rn rn {rn {njo o {nio nqnhffffffffffffgioi {nlg {nin 90-(>-; _h *1410(1 |
  1
):-+:' {rn rn {rn {nlf n {nim |
  1
:336/,:r<*-): {rn rn {rn rnmqfomimnmklllfljlf rgqfhljoohjhjkionkglf o ro o n rnqnlnmihjlflgfgkfkhj lqnooolhhomogoghlgnk o n Y o Y oqfknknlklimkioiiggnj |
  1
/061+ {rn rn {rn rnkqollggghgmhmfmollh rjqghlkilojjkijnknomj o |
  1
<0:;8: {rn rn {rn {nkl {nil {rn {nik 90-(>-; {j o {rn |
  1
:;8: {rn rn {rn {nij o {njj nqmklhfkgklnlgjnkgj {nkl {nii 90-(>-; _h *1410(1 |
  1
):-+:' {rn rn {rn {njk n {nih |
  1
:336/,:r<*-): {rn rn {rn rnqlnffigffjmkkoihknn njqiiohkgnjofnlikhif o o o n lqmjolkjnhmlgikfnnmm roqjholnmkmlkjmnnnfhng o n Y o Y oqfknknlklimkioigghff |
  1
/061+ {rn rn {rn nqojklifogghmkhimjlg nhqfjmjgjjkfgnhiglgk o |
  1
<0:;8: {rn rn {rn {nig {nkg {rn {nif 90-(>-; {j o {rn |
  1
:;8: {rn rn {rn {nio o {nho nqngooooooooooooolgm {nkg {nhn 90-(>-; _h *1410(1 |
  1
):-+:' {rn rn {rn {nkf n {nhm |
  1
,+->687+r<*-): {rn rn {rn rniqohkjhfifknnhfngij rgqoilngmljfnognkhoig o oqkfffffffffffffhkkij roqgiiomjkolhgkkkoolff o Y o Y nqnhffffffffffffgioi |
  1
/061+ {rn rn {rn rniqohkjhfifknnhfngij rgqoilngmljfnognkhoig o |
  1
<0:;8: {rn rn {rn {njl {nhl {rn {nhk 90-(>-; {j o {rn |
  1
:;8: {rn rn {rn {nhj o {nij oqnkmifohfnffiggfnfli {njl {nhi 90-(>-; _h *1410(1 |
  1
):-+:' {rn rn {rn {nik n {nhh |
  1
:336/,:r<*-): {rn rn {rn mqfnjlmfmjfiglhgfgik nkqfnhinlhgofiogfggj o o o rn roqkgooljhhjhlgkionmkl roqghhmkgfnmmlnkokgghn o n Y o Y nqmklhfkgklnlgjnkgj |
  1
/061+ {rn rn {rn nqflolhinhhnkmkmlhn njqofokljhmhkinjljhm o |
  1
<0:;8: {rn rn {rn {nhg {njg {rn {nhf 90-(>-; {j o {rn |
  1
:;8: {rn rn {rn {nho o {ngo oqfknknlklimkioiiffmj {njg {ngn 90-(>-; _h *1410(1 |
  1
):-+:' {rn rn {rn {njf n {ngm |
  1
,+->687+r<*-): {rn rn {rn rnjqkgkjhfifknnhfmmlk rfqogjofmlljjhlhgjnkf o oqkffffffffffffffhmmk roqgiiomjkolhgkklggngi o Y o Y nqngooooooooooooolgm |
  1
/061+ {rn rn {rn rnjqkgkjhfifknnhfmmlk rfqogjofmlljjhlhgjnkf o |
  1
<0:;8: {rn rn {rn {nil {ngl {rn {ngk 90-(>-; {j o {rn |
  1
:;8: {rn rn {rn {ngj o {nhj nqjljlmlnklinkflfmih {nil {ngi 90-(>-; _h *1410(1 |
  1
):-+:' {rn rn {rn {nhk n {ngh |
  1
:336/,:r<*-): {rn rn {rn rnqmijijkmkgohmihgkji:rnl rkqmkjkfmgkiniijfginn:rnl o o o n kqkohngmjfgohlgokknk nlqjjnljjhogglolnimi o n Y o Y oqnkmifohfnffiggfnfli |
  1
/061+ {rn rn {rn mqkljmflkglfkjlmhjm nkqokolikgighmfkfhjm o |
  1
<0:;8: {rn rn {rn {ngg {nig {rn {ngf 90-(>-; {j o {rn |
  1
:;8: {rn rn {rn {ngo o {nfo nqjljlmlnklinkfknkgg {nig {nfn 90-(>-; _h *1410(1 |
  1
):-+:' {rn rn {rn {nif n {nfm |
  1
:336/,:r<*-): {rn rn {rn rnkqofifjflmhlogngjfn riqfokgkijnkifhjmkik o o ro n roqhfhimoliigofhlijgoi rlqmomnjjhfhlkngfgjfn o n Y o Y oqfknknlklimkioiiffmj |
  1
/061+ {rn rn {rn rnkqgfkjhfifknnhfmmkf rnoqnohoomlnmolfkmlml o |
  1
<0:;8: {rn rn {rn {nhl {nfl {rn {nfk 90-(>-; {j o {rn |
  1
:;8: {rn rn {rn {nfj o {ngj oqfknknlklimkioifmnmf {nhl {nfi 90-(>-; _h *1410(1 |
  1
):-+:' {rn rn {rn {ngk n {nfh |
  1
:336/,:r<*-): {rn rn {rn kqhnikjgjifgiglmlkjg nkqjomlmgolfmhkofjkm o ro o rn oqflfkojlikmiifmfllmj roqlkmgoglkjmifijoghnj o n Y o Y nqjljlmlnklinkflfmih |
  1
/061+ {rn rn {rn kqkohngmjfgohlihgmfm nlqjjnljjhoggmfgflkf o |
  1
<0:;8: {rn rn {rn {nfg {nhg {rn {nff 90-(>-; {j o {rn |
  1
:;8: {rn rn {rn {nfo o {moo oqnkmifohfnffigfnfifn {nhg {mon 90-(>-; _h *1410(1 |
  1
):-+:' {rn rn {rn {nhf n {mom |
  1
:336/,:r<*-): {rn rn {rn rnnqlljhlifjholfglkhj rnoqmonnjjmnnofmjgnin o o ro rn roqikmnkkhlhmhnhnlfjon oqhiijglknhhiimggommm o n Y o Y nqjljlmlnklinkfknkgg |
  1
/061+ {rn rn {rn rnnqfhhggnifklnnjkgh rfqklkjhnhfllmimfngnn o |
  1
<0:;8: {rn rn {rn {ngl {mol {rn {mok 90-(>-; {j o {rn |
  1
:;8: {rn rn {rn {moj o {nfj nqngoooooooooooooiok {ngl {moi 90-(>-; _h *1410(1 |
  1
):-+:' {rn rn {rn {nfk n {moh |
  1
:336/,:r<*-): {rn rn {rn gqhjjfonilimninmnmhj nlqomgmjmnjkinkjfjoh o ro o n roqfnolnglfgklhgjhnnmj lqnhnfjgkjohhgjinm o n Y o Y oqfknknlklimkioifmnmf |
  1
/061+ {rn rn {rn jqijjgilflknljmjmhfn nkqnjfjnfifkookkkmhh o |
  1
<0:;8: {rn rn {rn {mog {ngg {rn {mof 90-(>-; {j o {rn |
  1
:;8: {rn rn {rn {moo o {mno nqmklhfkgklnlgjojlom {ngg {mnn 90-(>-; _h *1410(1 |
  1
):-+:' {rn rn {rn {ngf n {mnm |
  1
:336/,:r<*-): {rn rn {rn nqmmjigimnfnginhmgmn:rnl nqhojlomjijgmkmkokki:rnl o ro ro n rnoqjfmkoffklkiljhlf rfqjlmmmhooojmflolkfi o n Y o Y oqnkmifohfnffigfnfifn |
  1
/061+ {rn rn {rn rnoqjfmkoffklkilkjnll rfqjlmmmhooojmfnlmfij o |
  1
<0:;8: {rn rn {rn {nfl {mnl {rn {mnk 90-(>-; {j o {rn |
  1
:;8: {rn rn {rn {mnj o {moj nqnhffffffffffffggmg {nfl {mni 90-(>-; _h *1410(1 |
  1
):-+:' {rn rn {rn {mok n {mnh |
  1
,+->687+r<*-): {rn rn {rn gqgihkflmnkmklfookig njqinomnoiojlflnjmgi o roqgiiomjkolhgkklhnjll oqjooooooooooooomiikj o Y o Y nqngoooooooooooooiok |
  1
/061+ {rn rn {rn hqgkjjglmlhhhgmiknil niqmoomnoiojlflnjimh o |
  1
<0:;8: {rn rn {rn {mng {nfg {rn {mnf 90-(>-; {j o {rn |
  1
:;8: {rn rn {rn {mno o {mmo oqfknknlklimkioihijgi {nfg {mmn 90-(>-; _h *1410(1 |
  1
):-+:' {rn rn {rn {nff n {mmm |
  1
:336/,:r<*-): {rn rn {rn rfqfgljjiogfhimigofkn rnnqkinlihgiglnjoinhn o ro o rn oqgjklkhilmilojhfiihj oqjnfhonfjjjijknnmnnn o n Y o Y nqmklhfkgklnlgjojlom |
  1
/061+ {rn rn {rn rfqnmfmogkjhnlmoffkfh rnoqfkniijfnmhkfijoj o |
  1
<0:;8: {rn rn {rn {mol {mml {rn {mmk 90-(>-; {j o {rn |
  1
:;8: {rn rn {rn {mmj o {mnj oqfknknlklimkioijhhnm {mol {mmi 90-(>-; _h *1410(1 |
  1
):-+:' {rn rn {rn {mnk n {mmh |
  1
,+->687+r<*-): {rn rn {rn fqggfkolnfohofjlihhl njqomomnoiojlflnjl o roqgiiomjkolhgkklglhkj oqjoooooooooooooollln o Y o Y nqnhffffffffffffggmg |
  1
/061+ {rn rn {rn gqgihkflmnkmklfookig njqinomnoiojlflnjmgi o |
  1
<0:;8: {rn rn {rn {mmg {mog {rn {mmf 90-(>-; {j o {rn |
  1
:;8: {rn rn {rn {mmo o {mlo nqngoooooooooooonkfm {mog {mln 90-(>-; _h *1410(1 |
  1
):-+:' {rn rn {rn {mof n {mlm |
  1
:336/,:r<*-): {rn rn {rn riqighmkhlfllihikinhj rnkqmmmjfomlgjglkmnhj o ro o n rmqjmfhmjmhgimghjmohm mqnnfohhilmffiikhgik o n Y o Y oqfknknlklimkioihijgi |
  1
/061+ {rn rn {rn rfqmnifhmihnffilfgmkg rnmqnoljnmiojjgihhmnn o |
  1
<0:;8: {rn rn {rn {mnl {mll {rn {mlk 90-(>-; {j o {rn |
  1
:;8: {rn rn {rn {mlj o {mmj nqmklhfkgklnlgjogngg {mnl {mli 90-(>-; _h *1410(1 |
  1
):-+:' {rn rn {rn {mmk n {mlh |
  1
:336/,:r<*-): {rn rn {rn iqighmkhlfllihilongg nkqmmmjfomlgjglkmggi o o o n mqjmfhmjmhgimghiimgl rmqnnfohhilmffiikfikn o n Y o Y oqfknknlklimkioijhhnm |
  1
/061+ {rn rn {rn fqggfkolnfohofjlgjkf njqomomnoiojlflnjl o |
  1
<0:;8: {rn rn {rn {mlg {mng {rn {mlf 90-(>-; {j o {rn |
  1
:;8: {rn rn {rn {mlo o {mko nqngoooooooooooooiok {mng {mkn 90-(>-; _h *1410(1 |
  1
):-+:' {rn rn {rn {mnf n {mkm |
  1
,+->687+r<*-): {rn rn {rn rfqggfkolnfohofjklghg rnjqomomnoiojlflnkknm o oqgiiomjkolhgkklikghm roqjooooooooooooolhhkg o Y o Y nqngoooooooooooonkfm |
  1
/061+ {rn rn {rn rfqggfkolnfohofjklghg rnjqomomnoiojlflnkmlk o |
  1
<0:;8: {rn rn {rn {mml {mkl {rn {mkk 90-(>-; {j o {rn |
  1
:;8: {rn rn {rn {mkj o {mlj oqnkmifohfnffigfkmhmg {mml {mki 90-(>-; _h *1410(1 |
  1
):-+:' {rn rn {rn {mlk n {mkh |
  1
:336/,:r<*-): {rn rn {rn fqfgljjiogfhimiggoki nnqkinlihgiglnjoihok o o o rn roqgjklkhilmilojglmmom roqjnfhonfjjjijkmngifm o n Y o Y nqmklhfkgklnlgjogngg |
  1
/061+ {rn rn {rn fqmnifhmihnffilfikhn nmqnoljnmiojjgihhfmm o |
  1
<0:;8: {rn rn {rn {mkg {mmg {rn {mkf 90-(>-; {j o {rn |
  1
:;8: {rn rn {rn {mko o {mjo oqfknknlklimkiohononn {mmg {mjn 90-(>-; _h *1410(1 |
  1
):-+:' {rn rn {rn {mmf n {mjm |
  1
,+->687+r<*-): {rn rn {rn rgqgihkflmnkmklfohjhl rnjqinomnoiojlflnkfln o oqgiiomjkolhgkklhnjll roqjooooooooooooomiikj o Y o Y nqngoooooooooooooiok |
  1
/061+ {rn rn {rn rgqgihkflmnkmklfohjhl rnjqinomnoiojlflnkfln o |
  1
<0:;8: {rn rn {rn {mll {mjl {rn {mjk 90-(>-; {j o {rn |
  1
:;8: {rn rn {rn {mjj o {mkj nqjljlmlnklinkflnkfi {mll {mji 90-(>-; _h *1410(1 |
  1
):-+:' {rn rn {rn {mkk n {mjh |
  1
:336/,:r<*-): {rn rn {rn kqkkogfmofgjooiminim:rnk o o o o n noqjfmkoffklkilknokh fqjlmmmhooojmfnmhili o n Y o Y oqnkmifohfnffigfkmhmg |
  1
/061+ {rn rn {rn fqnmfmogkjhnlmnokgmi noqfkniijfnmhkfikjnh o |
  1
<0:;8: {rn rn {rn {mjg {mlg {rn {mjf 90-(>-; {j o {rn |
  1
:;8: {rn rn {rn {mjo o {mio nqjljlmlnklinkfjmlig {mlg {min 90-(>-; _h *1410(1 |
  1
):-+:' {rn rn {rn {mlf n {mim |
  1
:336/,:r<*-): {rn rn {rn rgqhjjfonilimninnjfki rnlqomgmjmnjkinkjfnjm o o ro n oqfnolnglfgklhgkkihg rlqnhnfjgkjohhgjinm o n Y o Y oqfknknlklimkiohononn |
  1
/061+ {rn rn {rn rhqgkjjglmlhhhgmhnmig rniqmoomnoiojlflnjmhm o |
  1
<0:;8: {rn rn {rn {mkl {mil {rn {mik 90-(>-; {j o {rn |
  1
:;8: {rn rn {rn {mij o {mjj oqfknknlklimkiohlijlg {mkl {mii 90-(>-; _h *1410(1 |
  1
):-+:' {rn rn {rn {mjk n {mih |
  1
:336/,:r<*-): {rn rn {rn nnqlljhlifjholfgkoog noqmonnjjmnnofmjhfgl o o o rn oqikmnkkhlhmhnhoigkkh roqhiijglknhhiimfjnmhi o n Y o Y nqjljlmlnklinkflnkfi |
  1
/061+ {rn rn {rn noqjfmkoffklkilkjiii fqjlmmmhooojmfnmfknl o |
  1
<0:;8: {rn rn {rn {mig {mkg {rn {mif 90-(>-; {j o {rn |
  1
:;8: {rn rn {rn {mio o {mho oqnkmifohfnffifokgm {mkg {mhn 90-(>-; _h *1410(1 |
  1
):-+:' {rn rn {rn {mkf n {mhm |
  1
:336/,:r<*-): {rn rn {rn rkqhnikjgjifgiglmghgh rnkqjomlmgolfmhkoggln o o ro rn roqflfkojlikmiifmjhhfg oqlkmgoglkjmifikomnlk o n Y o Y nqjljlmlnklinkfjmlig |
  1
/061+ {rn rn {rn rjqijjgilflknljmjkjih rnkqnjfjnfifkookkkgn o |
  1
<0:;8: {rn rn {rn {mjl {mhl {rn {mhk 90-(>-; {j o {rn |
  1
:;8: {rn rn {rn {mhj o {mij nqngoooooooooooonfli {mjl {mhi 90-(>-; _h *1410(1 |
  1
):-+:' {rn rn {rn {mik n {mhh |
  1
:336/,:r<*-): {rn rn {rn nkqofifjflmhlognfnml iqfokgkijnkifhjkhhlm o o o n oqhfhimoliigofhmhifgf lqmomnjjhfhlknghfojn o n Y o Y oqfknknlklimkiohlijlg |
  1
/061+ {rn rn {rn nnqfhhggnifklnnjkifm fqklkjhnhfllmimgmfmf o |
  1
<0:;8: {rn rn {rn {mhg {mjg {rn {mhf 90-(>-; {j o {rn |
  1
:;8: {rn rn {rn {mho o {mgo nqmklhfkgklnlgkglhil {mjg {mgn 90-(>-; _h *1410(1 |
  1
):-+:' {rn rn {rn {mjf n {mgm |
  1
:336/,:r<*-): {rn rn {rn rnqhngimjmkmnnfhkmlmj:rnl rgqlkgghhnkjngnnhhngk:rnl o ro ro n rkqkohngmjfgohljofjlg rnlqjjnljjhoggmfojigm o n Y o Y oqnkmifohfnffifokgm |
  1
/061+ {rn rn {rn rkqkohngmjfgohligngkj rnlqjjnljjhoggmfgfjmi o |
  1
<0:;8: {rn rn {rn {mil {mgl {rn {mgk 90-(>-; {j o {rn |
  1
:;8: {rn rn {rn {mgj o {mhj nqnhffffffffffffggmg {mil {mgi 90-(>-; _h *1410(1 |
  1
):-+:' {rn rn {rn {mhk n {mgh |
  1
,+->687+r<*-): {rn rn {rn njqkgkjhfifknnhfnghf fqogjofmlljjhlhgifmi o roqkffffffffffffffojil oqgiiomjkolhgkklfnjnh o Y o Y nqngoooooooooooonfli |
  1
/061+ {rn rn {rn nkqgfkjhfifknnhfngfl noqnohoomlnmolfkmihg o |
  1
<0:;8: {rn rn {rn {mgg {mig {rn {mgf 90-(>-; {j o {rn |
  1
:;8: {rn rn {rn {mgo o {mfo oqfknknlklimkioihggoh {mig {mfn 90-(>-; _h *1410(1 |
  1
):-+:' {rn rn {rn {mif n {mfm |
  1
:336/,:r<*-): {rn rn {rn rmqfnjlmfmjfiglhglikh rnkqfnhinlhgofiogggnf o ro ro rn oqkgooljhhjhlgkgfklkm oqghhmkgfnmmlnlgjlkhn o n Y o Y nqmklhfkgklnlgkglhil |
  1
/061+ {rn rn {rn rmqkljmflkglfkjmfllmj rnkqokolikgighmfjokim o |
  1
<0:;8: {rn rn {rn {mhl {mfl {rn {mfk 90-(>-; {j o {rn |
  1
:;8: {rn rn {rn {mfj o {mgj oqfknknlklimkioigijhg {mhl {mfi 90-(>-; _h *1410(1 |
  1
):-+:' {rn rn {rn {mgk n {mfh |
  1
,+->687+r<*-): {rn rn {rn niqohkjhfifknnhfngij gqoilngmljfnognjoimn o roqjoooooooooooooollln oqgiiomjkolhgkklglhkj o Y o Y nqnhffffffffffffggmg |
  1
/061+ {rn rn {rn njqkgkjhfifknnhfnghf fqogjofmlljjhlhgifmi o |
  1
<0:;8: {rn rn {rn {mfg {mhg {rn {mff 90-(>-; {j o {rn |
  1
:;8: {rn rn {rn {mfo o {loo nqngoooooooooooonkfm {mhg {lon 90-(>-; _h *1410(1 |
  1
):-+:' {rn rn {rn {mhf n {lom |
  1
:336/,:r<*-): {rn rn {rn nqlnffigffjmkkoifngg rnjqiiohkgnjofnlijlom o ro ro n rlqmjolkjnhmlgikgfhgf oqjholnmkmlkjmnmmimff o n Y o Y oqfknknlklimkioihggoh |
  1
/061+ {rn rn {rn rnqflolhinhhnkmkmnoki rnjqofokljhmhkinjmgin o |
  1
<0:;8: {rn rn {rn {mgl {lol {rn {lok 90-(>-; {j o {rn |
  1
:;8: {rn rn {rn {loj o {mfj nqmklhfkgklnlgjogkn {mgl {loi 90-(>-; _h *1410(1 |
  1
):-+:' {rn rn {rn {mfk n {loh |
  1
:336/,:r<*-): {rn rn {rn nmqfomimnmklllfljlf gqfhljoohjhjkioofjn o o ro n nqnlnmihjlflgfgjnmjn rlqnooolhhomogogigkgj o n Y o Y oqfknknlklimkioigijhg |
  1
/061+ {rn rn {rn niqohkjhfifknnhfnjn gqoilngmljfnognjmlfh o |
  1
<0:;8: {rn rn {rn {log {mgg {rn {lof 90-(>-; {j o {rn |
  1
:;8: {rn rn {rn {loo o {lno nqnhfffffffffffffhni {mgg {lnn 90-(>-; _h *1410(1 |
  1
):-+:' {rn rn {rn {mgf n {lnm |
  1
,+->687+r<*-): {rn rn {rn rnqojklifogghmkhhmhjm rnhqfjmjgjjkfgnhigomf o n rlqonohhklokoigmnhkkl:rnj o Y o Y nqngoooooooooooonkfm |
  1
/061+ {rn rn {rn rnqojklifogghmkhhohjl rnhqfjmjgjjkfgnhigomf o |
  1
<0:;8: {rn rn {rn {mfl {lnl {rn {lnk 90-(>-; {j o {rn |
  1
:;8: {rn rn {rn {lnj o {loj oqnkmifohfnffiggfnfli {mfl {lni 90-(>-; _h *1410(1 |
  1
):-+:' {rn rn {rn {lok n {lnh |
  1
:336/,:r<*-): {rn rn {rn nkqlhiifhnmhffggjmkh kqflkojhifnnfgmnmjgn o o ro rn roqfffhlhhlnlolggkijg roqommfonmhfioognmhgjom o n Y o Y nqmklhfkgklnlgjogkn |
  1
/061+ {rn rn {rn nkqollggghgmhmfmojnj jqghlkilojjkijnknomj o |
  1
<0:;8: {rn rn {rn {lng {mfg {rn {lnf 90-(>-; {j o {rn |
  1
:;8: {rn rn {rn {lno o {lmo oqfknknlklimkioijnojn {mfg {lmn 90-(>-; _h *1410(1 |
  1
):-+:' {rn rn {rn {mff n {lmm |
  1
,+->687+r<*-): {rn rn {rn oqnmjilofnnmhjmmghkoj rnhqfjmjgjjkfgnhiglgk o n rlqonohhklokoigmmnhgm:rnj o Y o Y nqnhfffffffffffffhni |
  1
/061+ {rn rn {rn oqnmjilofnnmhjmmghkoj rnhqfjmjgjjkfgnhiglgk o |
  1
<0:;8: {rn rn {rn {lol {lml {rn {lmk 90-(>-; {j o {rn |
  1
:;8: {rn rn {rn {lmj o {lnj nqjljlmlnklinkfmjjon {lol {lmi 90-(>-; _h *1410(1 |
  1
):-+:' {rn rn {rn {lnk n {lmh |
  1
:336/,:r<*-): {rn rn {rn rjqlnnloifkfgoihkgggf:rnl rnqojmkfnkmhlkkikgk:rnl o o o n nlqflfkofjfgiollkoin mqfjgfkjhijliijkhkof o n Y o Y oqnkmifohfnffiggfnfli |
  1
/061+ {rn rn {rn nlqlhifjflfiifkfhiif kqfnnnjiknnjfhkomki o |
  1
<0:;8: {rn rn {rn {lmg {log {rn {lmf 90-(>-; {j o {rn |
  1
:;8: {rn rn {rn {lmo o {llo nqjljlmlnklinkfkggnj {log {lln 90-(>-; _h *1410(1 |
  1
):-+:' {rn rn {rn {lof n {llm |
  1
:336/,:r<*-): {rn rn {rn rnqoighohnhmifliohmii rnjqiiohkgnjofnlilggn o o ro n mqlhkllgoglfiggljmhg rmqmfnglhlfgfokokgjgk o n Y o Y oqfknknlklimkioijnojn |
  1
/061+ {rn rn {rn nqlojilofnnmhjmmgkji rnhqfjmjgjjkfgnhighlf o |
  1
<0:;8: {rn rn {rn {lnl {lll {rn {llk 90-(>-; {j o {rn |
  1
:;8: {rn rn {rn {llj o {lmj oqfknknlklimkioihijgi {lnl {lli 90-(>-; _h *1410(1 |
  1
):-+:' {rn rn {rn {lmk n {llh |
  1
:336/,:r<*-): {rn rn {rn nkqfnhinlhgofiofokng lqniijfnogmmlkmiikkn o o o rn oqnhmgmnfkijooilnjkol roqfgkfjlogmjknlihokmn o n Y o Y nqjljlmlnklinkfmjjon |
  1
/061+ {rn rn {rn nlqflfkofjfgiomgofkg mqfjgfkjhijliikkmiok o |
  1
<0:;8: {rn rn {rn {llg {lng {rn {llf 90-(>-; {j o {rn |
  1
:;8: {rn rn {rn {llo o {lko oqnkmifohfnffigffkiln {lng {lkn 90-(>-; _h *1410(1 |
  1
):-+:' {rn rn {rn {lnf n {lkm |
  1
:336/,:r<*-): {rn rn {rn lqniijfnogmmlkmjggfm rnkqfnhinlhgofiogfnhj o o ro rn roqfgkfjlogmjknljfkfmi roqnhmgmnfkijooikflolf o n Y o Y nqjljlmlnklinkfkggnj |
  1
/061+ {rn rn {rn mqngnilhfffifmgfflff rnjqofokljhmhkinjkmgl o |
  1
<0:;8: {rn rn {rn {lml {lkl {rn {lkk 90-(>-; {j o {rn |
  1
:;8: {rn rn {rn {lkj o {llj nqnhffffffffffffhflf {lml {lki 90-(>-; _h *1410(1 |
  1
):-+:' {rn rn {rn {llk n {lkh |
  1
:336/,:r<*-): {rn rn {rn njqiiohkgnjofnlikhif rnqoighohnhmifljffhni o o o n mqmfnglhlfgfokolinkf mqlhkllgoglfigglhojk o n Y o Y oqfknknlklimkioihijgi |
  1
/061+ {rn rn {rn njqofokljhmhkinjllfk mqngnilhfffifmgfihlk o |
  1
<0:;8: {rn rn {rn {lkg {lmg {rn {lkf 90-(>-; {j o {rn |
  1
:;8: {rn rn {rn {lko o {ljo nqmklhfkgklnlgkgimoi {lmg {ljn 90-(>-; _h *1410(1 |
  1
):-+:' {rn rn {rn {lmf n {ljm |
  1
:336/,:r<*-): {rn rn {rn nqmkhgfoihfihgihjfjn:rnl rkqingjmhhgmkkoijnmog:rnl o o ro n mqfjgfkjhijliilnjjfk rnlqflfkofjfgiomllghj o n Y o Y oqnkmifohfnffigffkiln |
  1
/061+ {rn rn {rn mqfjgfkjhijliikkolgk rnlqflfkofjfgiomhfggm o |
  1
<0:;8: {rn rn {rn {lll {ljl {rn {ljk 90-(>-; {j o {rn |
  1
:;8: {rn rn {rn {ljj o {lkj nqngoooooooooooonkfm {lll {lji 90-(>-; _h *1410(1 |
  1
):-+:' {rn rn {rn {lkk n {ljh |
  1
,+->687+r<*-): {rn rn {rn nhqfjmjgjjkfgnhiglgk oqnmjilofnnmhjmlflfgi o o n o Y o Y nqnhffffffffffffhflf |
  1
/061+ {rn rn {rn nhqfjmjgjjkfgnhiglgk nqlojilofnnmhjmlhllg o |
  1
<0:;8: {rn rn {rn {ljg {llg {rn {ljf 90-(>-; {j o {rn |
  1
:;8: {rn rn {rn {ljo o {lio oqfknknlklimkioihmnkj {llg {lin 90-(>-; _h *1410(1 |
  1
):-+:' {rn rn {rn {llf n {lim |
  1
:336/,:r<*-): {rn rn {rn kqflkojhifnnfgnfnmik rnkqlhiifhnmhffggjhhf o ro ro rn roqommfonmhfioohflmkjof oqfffhlhhlnlolgfljlfg o n Y o Y nqmklhfkgklnlgkgimoi |
  1
/061+ {rn rn {rn kqfnnnjiknnjfhlfgonf rnlqlhifjflfiifkfioh o |
  1
<0:;8: {rn rn {rn {lkl {lil {rn {lik 90-(>-; {j o {rn |
  1
:;8: {rn rn {rn {lij o {ljj oqfknknlklimkiohllmoh {lkl {lii 90-(>-; _h *1410(1 |
  1
):-+:' {rn rn {rn {ljk n {lih |
  1
,+->687+r<*-): {rn rn {rn nhqfjmjgjjkfgnhiglgk rnqojklifogghmkhimofk o o n o Y o Y nqngoooooooooooonkfm |
  1
/061+ {rn rn {rn nhqfjmjgjjkfgnhiglgk oqnmjilofnnmhjmlflfgi o |
  1
<0:;8: {rn rn {rn {lig {lkg {rn {lif 90-(>-; {j o {rn |
  1
:;8: {rn rn {rn {lio o {lho nqngoooooooooooooni {lkg {lhn 90-(>-; _h *1410(1 |
  1
):-+:' {rn rn {rn {lkf n {lhm |
  1
:336/,:r<*-): {rn rn {rn gqfhljoohjhjkioofjn rnmqfomimnmklllfliill o ro ro n rlqnooolhhomogoggmifi rnqnlnmihjlflgfglggnh o n Y o Y oqfknknlklimkioihmnkj |
  1
/061+ {rn rn {rn jqghlkilojjkijnmjfmi rnkqollggghgmhmfmojnj o |
  1
<0:;8: {rn rn {rn {ljl {lhl {rn {lhk 90-(>-; {j o {rn |
  1
:;8: {rn rn {rn {lhj o {lij nqmklhfkgklnlgjokili {ljl {lhi 90-(>-; _h *1410(1 |
  1
):-+:' {rn rn {rn {lik n {lhh |
  1
:336/,:r<*-): {rn rn {rn njqiiohkgnjofnlijnmk nqlnffigffjmkkojlikk o o ro n roqjholnmkmlkjmnnjjmkj rlqmjolkjnhmlgikhioml o n Y o Y oqfknknlklimkiohllmoh |
  1
/061+ {rn rn {rn nhqfjmjgjjkfgnhiglgk rnqojklifogghmkhjfghl o |
  1
<0:;8: {rn rn {rn {lhg {ljg {rn {lhf 90-(>-; {j o {rn |
  1
:;8: {rn rn {rn {lho o {lgo nqngoooooooooooomiom {ljg {lgn 90-(>-; _h *1410(1 |
  1
):-+:' {rn rn {rn {ljf n {lgm |
  1
,+->687+r<*-): {rn rn {rn gqoilngmljfnognmfloj rniqohkjhfifknnhfmjhj o oqgiiomjkolhgkkkokgk oqkfffffffffffffihgok o Y o Y nqngoooooooooooooni |
  1
/061+ {rn rn {rn gqoilngmljfnognmfloj rniqohkjhfifknnhfmfln o |
  1
<0:;8: {rn rn {rn {lil {lgl {rn {lgk 90-(>-; {j o {rn |
  1
:;8: {rn rn {rn {lgj o {lhj oqnkmifohfnffifolokli {lil {lgi 90-(>-; _h *1410(1 |
  1
):-+:' {rn rn {rn {lhk n {lgh |
  1
:336/,:r<*-): {rn rn {rn nkqfnhinlhgofiogfhoh rmqfnjlmfmjfiglhgkofn o o ro rn roqghhmkgfnmmlnlfioojl oqkgooljhhjhlgkifkjon o n Y o Y nqmklhfkgklnlgjokili |
  1
/061+ {rn rn {rn njqofokljhmhkinjljhm rnqflolhinhhnkmkmnkf o |
  1
<0:;8: {rn rn {rn {lgg {lig {rn {lgf 90-(>-; {j o {rn |
  1
:;8: {rn rn {rn {lgo o {lfo oqfknknlklimkioifijh {lig {lfn 90-(>-; _h *1410(1 |
  1
):-+:' {rn rn {rn {lif n {lfm |
  1
,+->687+r<*-): {rn rn {rn fqogjofmlljjhlhifnim rnjqkgkjhfifknnhfmfkj o oqgiiomjkolhgkkkonjof oqkfffffffffffffhmg o Y o Y nqngoooooooooooomiom |
  1
/061+ {rn rn {rn fqogjofmlljjhlhifnim rnjqkgkjhfifknnhfmfkj o |
  1
<0:;8: {rn rn {rn {lhl {lfl {rn {lfk 90-(>-; {j o {rn |
  1
:;8: {rn rn {rn {lfj o {lgj nqjljlmlnklinkfkfhok {lhl {lfi 90-(>-; _h *1410(1 |
  1
):-+:' {rn rn {rn {lgk n {lfh |
  1
:336/,:r<*-): {rn rn {rn gqggnhgknfhoonmjmlml:rnl rnqghkojikijjihmikmk:rnl o o ro n nlqjjnljjhoggmfoohof rkqkohngmjfgohlkgmooj o n Y o Y oqnkmifohfnffifolokli |
  1
/061+ {rn rn {rn nkqokolikgighmfjomgj rmqkljmflkglfkjlnkikn o |
  1
<0:;8: {rn rn {rn {lfg {lhg {rn {lff 90-(>-; {j o {rn |
  1
:;8: {rn rn {rn {lfo o {koo nqjljlmlnklinkfkjmil {lhg {kon 90-(>-; _h *1410(1 |
  1
):-+:' {rn rn {rn {lhf n {kom |
  1
:336/,:r<*-): {rn rn {rn iqfokgkijnkifhjmkik rnkqofifjflmhlognflon o o o n lqmomnjjhfhlkngginji roqhfhimoliigofhlgljh o n Y o Y oqfknknlklimkioifijh |
  1
/061+ {rn rn {rn noqnohoomlnmolfknog rnkqgfkjhfifknnhflnlh o |
  1
<0:;8: {rn rn {rn {lgl {kol {rn {kok 90-(>-; {j o {rn |
  1
:;8: {rn rn {rn {koj o {lfj oqfknknlklimkiohmjkli {lgl {koi 90-(>-; _h *1410(1 |
  1
):-+:' {rn rn {rn {lfk n {koh |
  1
:336/,:r<*-): {rn rn {rn nkqjomlmgolfmhkoflik rkqhnikjgjifgiglnjkij o o o rn roqlkmgoglkjmifiknfgfh roqflfkojlikmiiflommoh o n Y o Y nqjljlmlnklinkfkfhok |
  1
/061+ {rn rn {rn nlqjjnljjhoggmfgflkf rkqkohngmjfgohliifknn o |
  1
<0:;8: {rn rn {rn {kog {lgg {rn {kof 90-(>-; {j o {rn |
  1
:;8: {rn rn {rn {koo o {kno oqnkmifohfnffifoklkgn {lgg {knn 90-(>-; _h *1410(1 |
  1
):-+:' {rn rn {rn {lgf n {knm |
  1
:336/,:r<*-): {rn rn {rn noqmonnjjmnnofmjijim rnnqlljhlifjholfgklil o o o rn roqhiijglknhhiimgkkifj roqikmnkkhlhmhnhnlfjon o n Y o Y nqjljlmlnklinkfkjmil |
  1
/061+ {rn rn {rn fqklkjhnhfllmimgnnjl rnnqfhhggnifklnnjjfli o |
  1
<0:;8: {rn rn {rn {lfl {kog {rn {knl 90-(>-; {j o {rn |
  1
:;8: {rn rn {rn {knk o {koj nqngoooooooooooooiok {lfl {knj 90-(>-; _h *1410(1 |
  1
):-+:' {rn rn {rn {kok n {kni |
  1
:336/,:r<*-): {rn rn {rn nlqomgmjmnjkinkiojhl rgqhjjfonilimninoljnm o o o n lqnhnfjgkjohhgjjkofj oqfnolnglfgklhgkmfonh o n Y o Y oqfknknlklimkiohmjkli |
  1
/061+ {rn rn {rn nkqnjfjnfifkookkjnij rjqijjgilflknljmkkhfh o |
  1
<0:;8: {rn rn {rn {kol {lfg {rn {knh 90-(>-; {j o {rn |
  1
:;8: {rn rn {rn {kno o {kng nqmklhfkgklnlgjojfig {lfg {knf 90-(>-; _h *1410(1 |
  1
):-+:' {rn rn {rn {lff n {kmo |
  1
:336/,:r<*-): {rn rn {rn jqghfhknnlgknkgmfolg:rnl rjqkljijnfmgjikhiikmm:rnl o o ro n fqjlmmmhooojmgjlmjjh rnoqjfmkoffklkimfniik o n Y o Y oqnkmifohfnffifoklkgn |
  1
/061+ {rn rn {rn fqjlmmmhooojmfnnghjk rnoqjfmkoffklkilkinff o |
  1
:;8: {rn rn {rn {kmn o {knk nqnhfffffffffffffoj {kol {kmm 90-(>-; _h *1410(1 |
  1
):-+:' {rn rn {rn {knl n {kml |
  1
,+->687+r<*-): {rn rn {rn njqinomnoiojlflnjikn rgqgihkflmnkmklgfifnj o oqjooooooooooooomiikj oqgiiomjkolhgkklhnjll o Y o Y nqngoooooooooooooiok |
  1
/061+ {rn rn {rn niqmoomnoiojlflnjfgm rhqgkjjglmlhhhgmioin o |
  1
:;8: {rn rn {rn {kng o {kmn oqfknknlklimkioimlmfj {kog {kmk 90-(>-; _h *1410(1 |
  1
):-+:' {rn rn {rn {kof n {kmj |
  1
:336/,:r<*-): {rn rn {rn nnqkinlihgiglnjohoi rfqfgljjiogfhimiiihl o o ro rn roqjnfhonfjjjijkohijgk oqgjklkhilmilojhfiihj o n Y o Y nqmklhfkgklnlgjojfig |
  1
/061+ {rn rn {rn noqfkniijfnmhkfiiikf rfqnmfmogkjhnlmofoinj o |
  1
):-+:' {rn rn {rn {knh n {kmi |
  1
,+->687+r<*-): {rn rn {rn njqomomnoiojlflnjl rfqggfkolnfohofjlnkkk o oqjooooooooooooollloh oqgiiomjkolhgkklihofm o Y o Y nqnhfffffffffffffoj |
  1
/061+ {rn rn {rn njqinomnoiojlflnjikn rgqgihkflmnkmklgfifnj o |
  1
:336/,:r<*-): {rn rn {rn nkqmmmjfomlgjglklhhk riqighmkhlfllihinjogf o o ro n rmqnnfohhilmffiijkfh rmqjmfhmjmhgimghhmj o n Y o Y oqfknknlklimkioimlmfj |
  1
/061+ {rn rn {rn nmqnoljnmiojjgihgmhh rfqmnifhmihnffilghjgf o |
  1
/061+ {rn rn {rn njqomomnoiojlflnjl rfqggfkolnfohofjlkffi o |
 93
        0
 42
0.0
 43
0.0
 44
0.0
 45
0.0
 48
1.0
 49
0.0
 46
1.0
 46
0.0
 46
0.0
 46
0.0
 46
0.0
 46
1.0
 46
0.0
 46
0.0
 46
0.0
 46
0.0
 46
1.0
 46
0.0
 46
0.0
 46
0.0
 46
0.0
 46
1.0
 47
1.0
 47
0.0
 47
0.0
 47
0.0
 47
0.0
 47
1.0
 47
0.0
 47
0.0
 47
0.0
 47
0.0
 47
1.0
 47
0.0
 47
0.0
 47
0.0
 47
0.0
 47
1.0
290
     1
 70
     0
 71
     2
292
     1
293
     0
294
     0
295
     1
296
     0
 11
0.0
 21
0.0
 31
0.0
100
AcDbShExtrusion
  0
DICTIONARY
  5
194
330
22
100
AcDbDictionary
280
     1
281
     1
  0
DICTIONARY
  5
188
330
97
100
AcDbDictionary
280
     1
281
     1
  3
FBXASSET
360
189
  0
DICTIONARY
  5
186
330
96
100
AcDbDictionary
280
     1
281
     1
  3
FBXASSET
360
187
  0
DICTIONARY
  5
110
330
98
100
AcDbDictionary
280
     1
281
     1
  3
BUMPTILE
360
112
  3
DIFFUSETILE
360
111
  3
FBXASSET
360
18A
  3
OPACITYTILE
360
113
  3
REFLECTIONTILE
360
114
  0
DICTIONARY
  5
104
330
87
100
AcDbDictionary
280
     1
281
     1
  3
ACAD_ROUNDTRIP_2008_TABLESTYLE_CELLSTYLEMAP
360
71C
  0
ACDBASSOCACTION
  5
2E2
330
2DF
100
AcDbAssocAction
 90
        2
 90
        0
330
2DF
360
2E3
 90
        1
 90
        3
 90
        3
360
2E6
360
2E7
360
2E8
 90
        0
 90
        3
360
2E4
360
2E5
360
2E9
 90
        0
 90
       10
 90
        0
  1
FillAngle
 90
        2
 90
        1
 40
6.283185307179586
330
0
330
0
 90
        0
  1
ItemSpacing
 90
        2
 90
        1
 40
0.5235987755982988
330
0
330
0
 90
        0
  1
Items
 90
        0
 90
        1
 90
       12
330
0
330
0
 90
        0
  1
LevelSpacing
 90
        1
 90
        1
 40
1.0
330
0
330
0
 90
        0
  1
Levels
 90
        0
 90
        1
 90
        1
330
0
330
0
 90
        0
  1
RowElevation
 90
        1
 90
        1
 40
0.0
330
0
330
0
 90
        0
  1
RowSpacing
 90
        1
 90
        1
 40
8.499944562273608
330
0
330
0
 90
        0
  1
Rows
 90
        0
 90
        1
 90
        1
330
0
330
0
 90
        0
  1
Radius
 90
        1
 90
        1
 40
15.94649245955319
330
0
330
0
 90
        0
  1
StartAngle
 90
        2
 90
        1
 40
0.0078783601613273
330
0
330
0
  0
XRECORD
  5
189
102
{ACAD_REACTORS
330
188
102
}
330
188
100
AcDbXrecord
280
     1
 70
     1
 90
429727718
  1
508B35C9-AEE7-456F-BE74-D52651303AC6
310
504B03040A0000080000B670623B3DEE336E79000000790000001B0000006175746F6465736B2D64657369676E2D7061636B6167652E786D6C3C3F786D6C2076657273696F6E3D22312E302220656E636F64696E673D227574662D3822203F3E3C666F726D6174733E3C666F726D61743E687474703A2F2F736368656D612E
310
6175746F6465736B2E636F6D2F64657369676E2D7061636B6167652F323030393C2F666F726D61743E3C2F666F726D6174733E504B0304140006080800B670623BD486FD9CA0000000F4000000130000005B436F6E74656E745F54797065735D2E786D6C7D8EC10E82300C865F65E91D8A1E8C310C0EEA1BF002731658846E
310
D98AC1B77784ABF1D8FE5FBFBF75BBCE937A534CCEB38643598122B6FEE978D0B0485F9C41B54DDD7D022595594E1A469170414C76A4D9A4D207E29CF43ECE46F218070CC6BECC4078ACAA135ACF422C856C0E68EA1BF5669944DDD7BCDE7B1F8E415D77AECB980613C2E4AC91FC167A2B244592486606FC29C8FD7F045B9A
310
EF7053A7E60B504B0304140006080800B670623B28ED286BEB0000007C01000008000000636F72652E786D6C8D90416EC3201045AF82665B6183218D6D61A254764FD00B204C5C94182C03558F5F9C3852BBEB6A467FFE9B197D71FA9E6FE8CBACC17AD7012D0820E3B41FAD9B3A48F1826B40272956EFE32F1B20A766D3C1
310
268314D3EAD3B24BDABB685CCCAAF3A3D94515828980F42D371D04FD696655A814B3235C8B45E9AB9A4C419F5D8653B2237A1CB163DE672FD6AC209BF3C08E0D1B30EB19C3FC9D72FCC6EB231EFA33EDE96BDD341517E5064B11EDFCBCAF57A3A2194156843498524CAA0FCA5B7268F9E185D42D21A2DCEC7FA0B48CFF8492
310
759155FBBB0F2C80A4F991FB408A72CB22977B50B96EB9C91F504B0304140006080800B670623B55019EA25F0000007C00000007000000636E782E786D6C4DCB3B0E80201045D1AD90E915ED2CF8AC45050C11660C8261F98AB1B07AC9C97D42D718D865D3E909258CFD00CCE24AC6E326A164D74DC0B4128928FF32603847
310
2BA13128B1252AC747C6BAB984FC68F0B87FE8960A5C09FE86CFB69FBA01504B0304140006080800B670623B7BC41AC871010000D40300000C0000006662782F636F72652E786D6CC553ED6E8320147D15C2DF4501B56B6D90A64BBB27D80B50A5CE54C120983EFEAE1F4DD7A56BBA5FF3879273EEE59E7310BE393735EA95
310
ED2AA333CC428A91D2B9292A5D66D8BB63B0C26823B835C67D2BC348CB46657880B1E0A535BE9DA1DC68A7B403549B42CDA0EC3AE530CA6B5864B8CB3F552343E91D5474A7B095F949962A6421D0502778E72C0840D390E18DC5F170E664C205F7BE2A66B62A605A75AC94C522DDEEE3651AEF837817C741F2CE92E02D592D
310
83FD6ECB76EC7595A651C2C9D02CB8AB9A8BBADC2AE954814544691A3016D0E883256BBA58278B17BA5A53CAC9507ED3E4DBE2C9265F691747B3DCA9ADC382819091F8E1162272A8933DE82182932144F88C09DF060D8140C84E1EEA8B8F1340BDCA9DB1093085F157AA97B557309586747CD0EF0B4EA64E983A6E0EAEEFCE
310
889E9EF17847386AA94B30211D2C0FDE0D3AF9A4610EAD5536E8DD1969631B593F67E381C33F5157F17725E5A636F6BF1491F980C8FC7B90E13E8A2F504B0304140006080800B670623B70102A487D0000009D0000000B0000006662782F636E782E786D6C4DCCD10A83201886E15B91FFDC95A5C30335ACCDFB886521330D
310
A76397BF1A1DECE883878F57749FD5A3B74D2F17830472A901D9F088930B8B849267CC01754AA418F3DF0D5018572BE160506249B16C274D761E8BCFBB7A179E27F65CB39A0F14D396184C9921B81F34C3ACA1B4B99ABB6E6F062A25AA5F69DF23ACBE504B0304140006080800B670623B3610CA3329010000120200003100
310
00006662782F42384135303843342D343331462D343546312D424341352D3532343432364645413344462F636F72652E786D6C8D515B6EC32010BC0AE22B55850D0E446E848992B43E412FE000495162B07854397EA176A4F62F3F2C9A9D991D58BEBB8F37F0AD7D30CE76905418026DA553C65E3A98E219B510EC04F7CEC5
310
3F3408EC30EA0E16180A7EF12E4D0B249D8DDAC68C5AA7F4020E21E80881BCE54B0783FCD2E3500D296646B856D320AFC34557A4CAEDCC133C449F0380794839A138B47B86DB2345744D7A44594FD0E1B867883594369BFE63BF7EEF793D0B054FC9A8456E548E63CE46FB674D8A58F068C6477CE9F510B582A2C1F80D1182
310
70F349E816B32D65AFB8DD62CCEB42FF274A937A52948C8DEB66893BCB021484D7734370E5D2E9F608A3EF93F3119479ABA0E50B14B8C298119A43CCC4FCFCECB8A18B6388CEE7EF5D5D4F994BD86CBBA182D76543B9FCAE2FD7B24DF103504B0304140006080800B670623B1B8617914E0100003303000030000000666278
310
2F42384135303843342D343331462D343546312D424341352D3532343432364645413344462F636E782E786D6CD593C16EC32010447F0571AD6CE3D489D20813A9877E410FBD62D82434182CC055F3F75D1292E692438FBD206B7698593D61BEFD1E2DF982108D773D6D6B460938E5B571FB9ECE6957AD29D90A1EBC4F7736
310
4A9C1CA1A759A682EF839FA72269D8C9D92654AD71C72206887E0E0A22CAF926B15E498B01E0AA19451807D01A34B919F16B070157417138917400F2F6FA41FCF0092A45DEE414C19BDC21783E4BD39D891265658C3D8DEA00A3ACE59CBC8678ACB54CB26EEB6BD7839D7E9348BE70AD9C8321B9BCA7F9A4A26C542347DEE0
310
50F09802D22BA6749A800A394DD62899107273365E3C82CFC6A55557BC06C10774B7ABE7AEC3B0F34CF06446280E154026D0542C187BA9DAB6628BF7B6DBB0E5A65B3EB1F58631DE64BBE083F7B65CC218087E22CABB042E51D1F2268F1FE12B3EA24D40D63E9CFE00120194D60B9D5BC67FE6D39CDF37E20AF817881F504B
310
0304140006080800B670623BBFEF2E3B690500003C100000340000006662782F42384135303843342D343331462D343546312D424341352D3532343432364645413344462F6F626A656374732E786D6CAD575D739B3814FD2B0CFB0C98D84E931D4227B6938EA793B6534F3BFB90198F0099B001899144EAECAFDF231018B0
310
D37A3FFC609090EEE7B94757C1FB7D915B2F54C88CB31BDB7727B64559CC938CA53776A576CE956DBD0F03C1B9EA2DB32D460A7A63EB693B0C52C1ABD24C257447AA5C8D66EF177F5832A68CDA569C13296F6C193FD182B8A4523CA1F2D94D88226EBADBBBBEDB2C1C8A4D05299F46424B222853B014F30C52ACC6287F389C
310
D85E1878FA7B18E87FB36AFAF62AAFF667A83F635211161F291B8999FAB3D5DDC5FCDA99CF6653677679E13B8BFBC5CAF1DF4D27CBCBE5F2FAF6EE1A8AA51290642C117467871F101B91C581D77CEA2C36869F3229E68CD1B8F61F1ED6361B89092D294B90C78C4A68EB793D190E7D1D9BDEE7A91E1B95FDE9F3BCEAEFE809
310
6A6D6F9F7D4B79F4275C90E7A04248AA51D5C4C738DAE06F72885AC4796EBE65D22A88A22223B995679120E2D50EB1542F098381188D4EA111AE3DB043FF20AF6F2B4AE3D7D83D65E5AECA730D4D3BAC91BD05FEA992B565D95F549CD6069B90AB2A63EACA38A45E4B6A87D781574F86817E4C2FCCC72690D62E2729520E37
310
9BAF234797BAF6D62B3BFC781FED37BA1E4F2B2F052FA9501A3E80569BB8F6A9A364D4FA67654E6F803383981F82F21591FF84F23D9882BC896C3FDBCF8C162508933B2E0AE4C69DD43F6BD2BE38DDDBF10BF86CB4FA784D37F3AF16075E67EC9030DECA1FC0A55373F5DFF3378C591FA9BDF485C10B0A8C8BA909E5262639
310
A8E72163488806A595734C81CB77D1DE0ED7604A303B76913CEC0272F412782FF88EFF4636D8AA56DF7B322474C4B767303F625997056C7B032C473C592B36CEBD15F3F9FF5233B7ABCDC74D257624A60F8658567497B14CE1EC3C80B76FD02011038F9EE9EB0F2E12387A9C844D3F09855125116D1D731DF8B43D2CF4E0A0
310
79A020C6BE946BCE0B7EA1E1219331CD73C228AF5A2DDD31A4B1DA918CE91350854D40A71723140BFA92E94E62B0626016CEFA5864A50E5977E8753CEDBEE1CBB7F52780D20E17AF0BA0F5F9B02A3AD07DCC732EB6D1EBB661421BE0C39E21BABF0FE16D22EA6929407C8DE596724C88B749B6DB5512BC7B228ADFD7CB7EA6
310
3A22397E690BA8D5D8D4E40CEC8CDA23C2C0B7D5898640101CEC9C6D331CE328CB93CAFBBAC70A642DF70DF95155945B52F08AA973C23469FD69ADEF84F7BB18F983A8F8C90E37F5D35980B2139A1C523540813E824EF83448CF7C72B598CE97D7CEEDDDDD3B6736BFBC771677EF66CE6A7E7139F7A793E9EDF2B2B3A8B624
310
0CDA13AA5F8388264EC4A0129909F3B7F5A16CEDF08128E97D680ACA4B9BE7B7B58BB638F0B00700EF36AE8B32A705658A68F83EE897FC2B41573190D1CCAF0B92D233A47CFEB019D9809933F67DD1A5467F8CF69AD9A5AE859342D45355448C64F968A371DC2D596ADC6E43D93D1B466F877A64E2893E54F23C4B40388995
310
525E5005DA3983ED45412510D3EFCA13737B3863F74BD30F2A12E5B4B5E489A025CE25500DB855B11ACE5BBFA185D35DD48D8DC3CE7DC69F2944DB42AA6F6CF09BCA622ADD08C7A36E7C6AE18000BAB08E040135C2D21C9D75B3A91B77BB746C403F38018DFE6EC939DD92F16B40BC05294B9CDA035AAD6D330AE27FE4786B
310
8E45145EA34A75BE1C263A676A35A8ACC6297337400BF16C54EF515F3F77CB77EB3583889C754FFA29081AA98E2222ADEF05DA3E63D2EDEA8B8756C05A7FB6CABC4A91CBF325398202CC952E70A008A830324BA200D5E5EF8F5F04C75DB4B0EE3340E071C98B823333B83577596BF3849B69F2085AA0FAFA212F26BEFF5877
310
FDE622B28D88A42E49E43326DA82D31E8CB006401E1DA726059ECEC168F97A6599036306A135688F9AD2E61A6EA178F4CD51974A9F2CCB9F36FE5EBD14601068D9C3BF01504B0304140006080000B670623B000000000000000000000000350000006662782F42384135303843342D343331462D343546312D424341352D35
310
32343432364645413344462F76657274696365732E62696E504B0304140006080800B670623BF270F1330600000004000000360000006662782F42384135303843342D343331462D343546312D424341352D3532343432364645413344462F747269616E676C65732E62696E636660600000504B0304140006080000B67062
310
3B000000000000000000000000370000006662782F42384135303843342D343331462D343546312D424341352D3532343432364645413344462F617474726962757465732E62696E504B0304140006080800B670623B08DA0BD19000000041010000360000006662782F42384135303843342D343331462D343546312D4243
310
41352D3532343432364645413344462F6469726563746F72792E786D6C858F410AC3201045AF22B36F53E9A60B35CBEEBAE80D244E44489C6234F4F835464A48035D0DF398FF9F8AF63D0E6CC63039F212F8F9020C7D47C6792B21C5FE7403D62A1188E2E60C98D7234A5830286103A55745067B9D86B8A3CF9C7F90C11DE6
310
07FB144396D7B6A82D282E9A152AD114D5EF2CB866EEE831B8EEA07A7BB5A8D7D61A2BAAEB7FD5F70921FF497D00504B0304140006080800B670623B3B4606F3FE000000A00100003B0000006662782F42384135303843342D343331462D343546312D424341352D3532343432364645413344462F7265736F75726365732F
310
636F72652E786D6C8D504B6E833010BD0A9A6D65B08134808CA354A427E8052C332156828DFCA97AFC9A40A576D7CDCCE87D344F8F9FBEE647F689CE6B6B7A6039850C8DB2A336530F315C4903D94970676DF82583CCC8197B5861107C72362E3BA4AC096842428D1D7107A5F71820538F74F4E0D50D6799CB1892C2DFF345
310
AABB9C306779A2934E701F5C0A906D4FD609C2A1B7D129F4BCD858C163D4E3AED163FAA9AF1A1D88F67CA98E6D35906AA82A52BFB39ABCD5CD915C86331BD86BD3B665CD8BD52C78D0F34F46E550061C419494B6843142CB0F5677F4D0D58717DA7494F26295FF31C565FCA7296A13AA728FBBD93C0896823C09C18BB5AFB4
310
9E65A6BD762BBE01504B010214000A0000080000B670623B3DEE336E79000000790000001B00000000000000000000000000000000006175746F6465736B2D64657369676E2D7061636B6167652E786D6C504B01021400140006080800B670623BD486FD9CA0000000F40000001300000000000000000000000000B2000000
310
5B436F6E74656E745F54797065735D2E786D6C504B01021400140006080800B670623B28ED286BEB0000007C010000080000000000000000000000000083010000636F72652E786D6C504B01021400140006080800B670623B55019EA25F0000007C000000070000000000000000000000000094020000636E782E786D6C50
310
4B01021400140006080800B670623B7BC41AC871010000D40300000C00000000000000000000000000180300006662782F636F72652E786D6C504B01021400140006080800B670623B70102A487D0000009D0000000B00000000000000000000000000B30400006662782F636E782E786D6C504B01021400140006080800B6
310
70623B3610CA3329010000120200003100000000000000000000000000590500006662782F42384135303843342D343331462D343546312D424341352D3532343432364645413344462F636F72652E786D6C504B01021400140006080800B670623B1B8617914E010000330300003000000000000000000000000000D10600
310
006662782F42384135303843342D343331462D343546312D424341352D3532343432364645413344462F636E782E786D6C504B01021400140006080800B670623BBFEF2E3B690500003C10000034000000000000000000000000006D0800006662782F42384135303843342D343331462D343546312D424341352D35323434
310
32364645413344462F6F626A656374732E786D6C504B01021400140006080000B670623B0000000000000000000000003500000000000000000000000000280E00006662782F42384135303843342D343331462D343546312D424341352D3532343432364645413344462F76657274696365732E62696E504B010214001400
310
06080800B670623BF270F133060000000400000036000000000000000000000000007B0E00006662782F42384135303843342D343331462D343546312D424341352D3532343432364645413344462F747269616E676C65732E62696E504B01021400140006080000B670623B00000000000000000000000037000000000000
310
00000000000000D50E00006662782F42384135303843342D343331462D343546312D424341352D3532343432364645413344462F617474726962757465732E62696E504B01021400140006080800B670623B08DA0BD1900000004101000036000000000000000000000000002A0F00006662782F42384135303843342D3433
310
31462D343546312D424341352D3532343432364645413344462F6469726563746F72792E786D6C504B01021400140006080800B670623B3B4606F3FE000000A00100003B000000000000000000000000000E1000006662782F42384135303843342D343331462D343546312D424341352D3532343432364645413344462F72
310
65736F75726365732F636F72652E786D6C504B0506000000000E000E0080040000651100000000
  0
XRECORD
  5
187
102
{ACAD_REACTORS
330
186
102
}
330
186
100
AcDbXrecord
280
     1
 70
     1
 90
429727718
  1
887D55A9-D0DD-414E-B741-A7DCD4DA2B4C
310
504B03040A0000080000B670623B3DEE336E79000000790000001B0000006175746F6465736B2D64657369676E2D7061636B6167652E786D6C3C3F786D6C2076657273696F6E3D22312E302220656E636F64696E673D227574662D3822203F3E3C666F726D6174733E3C666F726D61743E687474703A2F2F736368656D612E
310
6175746F6465736B2E636F6D2F64657369676E2D7061636B6167652F323030393C2F666F726D61743E3C2F666F726D6174733E504B0304140006080800B670623BD486FD9CA0000000F4000000130000005B436F6E74656E745F54797065735D2E786D6C7D8EC10E82300C865F65E91D8A1E8C310C0EEA1BF002731658846E
310
D98AC1B77784ABF1D8FE5FBFBF75BBCE937A534CCEB38643598122B6FEE978D0B0485F9C41B54DDD7D022595594E1A469170414C76A4D9A4D207E29CF43ECE46F218070CC6BECC4078ACAA135ACF422C856C0E68EA1BF5669944DDD7BCDE7B1F8E415D77AECB980613C2E4AC91FC167A2B244592486606FC29C8FD7F045B9A
310
EF7053A7E60B504B0304140006080800B670623BBC1638F5EC0000007C01000008000000636F72652E786D6C8D90416EC3201045AF82665B61836BE2D8C24471DB9CA01740401C94182C03558F5F9C3852BBEB6A467FFE9B197D7EF89E6EE8CB2CC17AD7032D0820E394D7D68D3DA478C67B4007C117EFE32F1B202727D3C3
310
2A83E0E3E2D3BC49CABB685CCCAAF3DA6CA20CC14440EA969B1E82BA98491632C5EC08D76296EA2A4753D06797E194AC468F2356E77DF66CCD02825543D50CACC62D39ED70FDC68EB8FD68F6F8787A6784342D1DDA1D2F5758F068A7E77DB518198D065111D2624A31A93E69DD11D6D5EC85EC3B4278B9DAFF4069D6FF8492
310
75F1B5DADE7D600104CD8FDC0782976B16B9DC83CA75CD4DFC00504B0304140006080800B670623B55019EA25F0000007C00000007000000636E782E786D6C4DCB3B0E80201045D1AD90E915ED2CF8AC45050C11660C8261F98AB1B07AC9C97D42D718D865D3E909258CFD00CCE24AC6E326A164D74DC0B4128928FF326038
310
472BA13128B1252AC747C6BAB984FC68F0B87FE8960A5C09FE86CFB69FBA01504B0304140006080800B670623B3586FFB671010000D40300000C0000006662782F636F72652E786D6CC553ED6E8320147D15C2DF4541A76D6D90A6DDD627D80B50A4CE54C120983EFEAE1F4DD7A55BBA5FF3879273EEE59E7310B6393735EA
310
95ED2AA3731C851423A5A5292A5DE6D8BB63B0C268C39935C67D29C3488B46E578803167A535BE9D2169B453DA01AA4DA16650749D7218C91A1639EEE4876A4428BC838AEE14B6429E44A9C228041AEA38EB9C0501681A32BC313F1ECE8C4C3867DE57C5CC56054CAB8E95B298A7F12E5EEED224C8E87E11242FE936C8DE96
310
AB60BB7F4D295D66D12E5B30323473E6AAE6A24E5A259C2A308F29CD82280A68FC1E256B9AAE93F489AED694323294DF34F9B678B0C957DA3DC7B3DCA9ADC33C022123F1CD2D44E450277AD04338234388F01913BE0D1A0281909D38D4171F27807A259DB1093085F157AA17B557309586747CD0CF0B46A64E983A6E0EAEEF
310
CE881F9EF1FB8E70D44297604238581EBC1B74B249C31C5AAB6CD0BB33D2C636A27ECCC62F0EFF445DC5DF95244D6DEC7F2922F30191F9F720C37DE49F504B0304140006080800B670623B4220A0FF7D0000009D0000000B0000006662782F636E782E786D6C4DCCD10A83201886E15B91FFDCE542CB0335D0EC3E6259C84A
310
C3E9D8E5AF46073BFAE0E1E315DD675BD1DBA5978F41C2FD4600B9F088930F8B849267CC01754AA418F3DF0D50183727E164506249B1EC174D6E1ECB9A0F5D7D785E68DB8151CD286E5A5363CA6B8A39E90D36D40E96B086F55A43A544F52B1D7B86D517504B0304140006080800B670623B2FA3FEDE290100001202000031
310
0000006662782F45374635344235342D363743322D343832342D383044432D4334454645303536354442422F636F72652E786D6C8D515B6EC32010BC0AE22B55850D2E386E848994D7097A0117488A1283C5A3CAF10BB523B57FF961D1ECCCECC0F2ED7DBC816FED8371B687A4C210682B9D32F6D2C314CFA883602BB8772E
310
FEA141608751F7B0C050F08B77695A20E96CD43666D43AA5177008414708E42D5F7A18E4971E876A483133C2B59A06791D2EBA22556E679EE021FA1C00CC43CA09C5717D6274C7286AD7FB06D1AEA1A8C3873DDAD3E3E98859CB0EBB1DAF67A1E02919B5C88DCA71CCD968FFAC49110B1ECDF8882FBD1EA256503418BF2342
310
106E3E08DD60B6A1EC15771B8C795DE8FF4469524F8A92B1F1AD59E2CEB20005E1F5DC105CB9F4797B84D1F7C9F908CABC55D0F2050A5C61CC1AD2F27A26E6E767C7962E8E213A9FBF7775FDCC5CC266DB960A5E970DE5F2BBBE5CCB36C50F504B0304140006080800B670623B1B8617914E01000033030000300000006662
310
782F45374635344235342D363743322D343832342D383044432D4334454645303536354442422F636E782E786D6CD593C16EC32010447F0571AD6CE3D489D20813A9877E410FBD62D82434182CC055F3F75D1292E692438FBD206B7698593D61BEFD1E2DF982108D773D6D6B460938E5B571FB9ECE6957AD29D90A1EBC4F77
310
364A9C1CA1A759A682EF839FA72269D8C9D92654AD71C72206887E0E0A22CAF926B15E498B01E0AA19451807D01A34B919F16B070157417138917400F2F6FA41FCF0092A45DEE414C19BDC21783E4BD39D891265658C3D8DEA00A3ACE59CBC8678ACB54CB26EEB6BD7839D7E9348BE70AD9C8321B9BCA7F9A4A26C542347DE
310
E050F09802D22BA6749A800A394DD62899107273365E3C82CFC6A55557BC06C10774B7ABE7AEC3B0F34CF06446280E154026D0542C187BA9DAB6628BF7B6DBB0E5A65B3EB1F58631DE64BBE083F7B65CC218087E22CABB042E51D1F2268F1FE12B3EA24D40D63E9CFE00120194D60B9D5BC67FE6D39CDF37E20AF817881F50
310
4B0304140006080800B670623B29652116630500003C100000340000006662782F45374635344235342D363743322D343832342D383044432D4334454645303536354442422F6F626A656374732E786D6CAD575D739B3814FD2B0CFB0C989834C90EA1639B24E3E9A6EDD4D3CE3E64C623834CD8006224913AFDF57B040203
310
B65BEF871F0C12D2FD3CF7E8CA7FBFCB33E3957291B2E2D674ED8969D02262715A24B76625B7D6B569BC0F7CCE98EC2D338D82E4F4D654D366E0279C55A59E8AE99654991CCDDECFFF3444440B6A1A514684B83545F44C7362934AB2988A173B2692D8C97667BB76B3702836E1A47C1E092D09A78584A5982F20C5688C7287
310
C389E904BEA3BE07BEFAD7ABA6A75739B53F43FD69212429A20365233153D70BEF2E2E6FAC4BCF9B5ADEBB0BD79ADFCF43CBBD9A4E16EF168B9BD9DD0D140BC921495BC2E9D60C1E101B9E46BED37CEA2CD6861F3329624541A3DA7F7858DBAC25C6B4A4458C3CA654405BCFEBC970E8AAD8F43E4FD558ABEC4F9FE7557F47
310
4F506B7BFBEC5BCA367FC105710E2AB8A00A554D7CB4A30DFE26FBA86D18CBF4B75418399194A72433B274C3097F33032C554B027F2046A1932B842B0FCCC0DDCBEBDB8AD2F835768F59B9ADB24C41D30C6A64AF817F2A456D59FA83F2E3DA60137255A585BCD60EC9B7929AC18DEFD49381AF1ED30BFDB109A4B1CD488294
310
C3CDE6EBC8D185AABD6568061FEE37BB95AAC7E3CA4BCE4ACAA5820FA0D526AE7DAA2869B5EE5999531BE0CC20E6FBA07C41E43FA27CF7A6206F3CDD793B4F6B919C1462CB788EDCD893FA674CDA17AB7B3B7C019F8D561FAEE966FED562DFE98C1D12C6A9FC015C2A35D7FF3D7FC398F591DA4B5FE0BFA2C0189FEA50AE22
310
92817A1ED3020951A03432862970F976B33383259812CC8E5D240BBA801CBCF8CE2BBEE3BF910DB6AAD5F79E05123AE2DB33981FB1ACCB02B69D00CB014FD68AB573A7627EF9BFD4CC2C5C7D58557C4B22FAA88925A4DBB44825CECE3D78FB060D1231F0E885BE7D673C86A3874958F593906B5502D1563157814FDAC3420D
310
F69A070A22EC4B98E23CFF171A1E5311D12C23056555ABA53B8614563B92D17D02AAB009E8F46284624E5F53D5490C560CCCC2591FF1B45421EB0EBD8EA7ED13BE7C5D7E0428CD60FEF60779EB13E6664FF711CB185F6FDED60D139A001FF60CD1FD6D086F1D51474901E26B2CB794A343BC8ED3EDB612E0DD2351FCB65CF4
310
33D511C9E14B5B40ADC6A6263DB0336A8F700DDF56271A024E70B0B3629DE21847591E55DED73D56206AB927E46FAABC5C939C55853C274C93D69FD6FA4E78BF8B11DF898C9ECD60553FAD39283BA6F18984AA23E8884F83F45C5F5F859797B31B2B9C84A1E5B9DE9D35BFF25C6B76152E422F9C5DCC3D847F5801ED09D5AF
310
41441327A25FF15487F9EB725FB666F048A4701E9A827292E6F97569A32DF61DEC01C0BB8DCBBCCC684E0B49147C1FD54BF685A0AB18C868E6973949E819523E3DAC463660E68C7D9F55A9D1EFA3BD7A76A16AE1A810F95CE59B82A4D968A376DC2E8B44BBDD86B27B368CDE0ED548C7137DA860591A83706223A12CA712B4
310
7306DBF39C0A20A6DF95C7FAF670C6EED7A61F946493D1D6926782963813403548A78AE470DEF80D2D9CEAA26E4D1C76F60BFE74219A06527D6B82DF641A51616F703CAAC6A7160E08A00BEB4810A0274592A1B36E3675E36E978A0DE80727A0D6DF2D39A75BD27E0D8837276589537B40ABB56D5A41F48F1C6FCD3188C4EB
310
A6929D2FFB89CE995A4D00AE813BDD032DC48B56BD437DFDDC2DD7AED70C2272D63DE9A72068A45A92F0A4BE17A8A06B9366E16707AD80B1FC649459952097E74BB23805982B55E0401150A165964402AA8BDF9F3E7386BB686EDCA780C0D382E5392BF460A6EFB2C6EA1937D3F809B440D5F5435C4C5CF7A9EEFAF54564BD
310
2182DA24162F98680B4E7930C21A0079709CEAEB99A372305ABE0C0D7D6078105A83F6A0296DAEE1068A47DD1C55A9F4C9B2FC69E3EFD44B81028E963DF81B504B0304140006080000B670623B000000000000000000000000350000006662782F45374635344235342D363743322D343832342D383044432D433445464530
310
3536354442422F76657274696365732E62696E504B0304140006080800B670623BF270F1330600000004000000360000006662782F45374635344235342D363743322D343832342D383044432D4334454645303536354442422F747269616E676C65732E62696E636660600000504B0304140006080000B670623B00000000
310
0000000000000000370000006662782F45374635344235342D363743322D343832342D383044432D4334454645303536354442422F617474726962757465732E62696E504B0304140006080800B670623B08DA0BD19000000041010000360000006662782F45374635344235342D363743322D343832342D383044432D4334
310
454645303536354442422F6469726563746F72792E786D6C858F410AC3201045AF22B36F53E9A60B35CBEEBAE80D244E44489C6234F4F835464A48035D0DF398FF9F8AF63D0E6CC63039F212F8F9020C7D47C6792B21C5FE7403D62A1188E2E60C98D7234A5830286103A55745067B9D86B8A3CF9C7F90C11DE607FB144396
310
D7B6A82D282E9A152AD114D5EF2CB866EEE831B8EEA07A7BB5A8D7D61A2BAAEB7FD5F70921FF497D00504B0304140006080800B670623B6378F24DFF000000A00100003B0000006662782F45374635344235342D363743322D343832342D383044432D4334454645303536354442422F7265736F75726365732F636F72652E
310
786D6C8D504B6E833010BD0A9A6D65B0094E42641C85B639412F6099496225D8C89FAAC7AF09546A77DDCC8CDE47F3F4C4F16B7C149FE88371B603565228D06A37187BED20C50BD9437194C23B177FC9A0B06AC40E6618A4B87A97A615D2CE46B431A3D60DB8822A048C50E8473E3A08FA86A32A558A5911EEE5A4F45D5DB1
310
6465A6B34E8A107D0E502C4FE609D26370C96B0CA25A58295232C3AA3143FE692E063D485EF7F5AEE71BD2D2F39634AFFC44DAF7DD9E9CCE6F9CD25DCBFA762BAAD92C4534E34F46ED51451C40D694B6843142EB0FD61C283F34FC85EE0F948A6A96FF31A569F8A729191B37F51A77B105902C0779125254735F793DCBCC7B
310
EE567E03504B010214000A0000080000B670623B3DEE336E79000000790000001B00000000000000000000000000000000006175746F6465736B2D64657369676E2D7061636B6167652E786D6C504B01021400140006080800B670623BD486FD9CA0000000F40000001300000000000000000000000000B20000005B436F6E
310
74656E745F54797065735D2E786D6C504B01021400140006080800B670623BBC1638F5EC0000007C010000080000000000000000000000000083010000636F72652E786D6C504B01021400140006080800B670623B55019EA25F0000007C000000070000000000000000000000000095020000636E782E786D6C504B010214
310
00140006080800B670623B3586FFB671010000D40300000C00000000000000000000000000190300006662782F636F72652E786D6C504B01021400140006080800B670623B4220A0FF7D0000009D0000000B00000000000000000000000000B40400006662782F636E782E786D6C504B01021400140006080800B670623B2F
310
A3FEDE290100001202000031000000000000000000000000005A0500006662782F45374635344235342D363743322D343832342D383044432D4334454645303536354442422F636F72652E786D6C504B01021400140006080800B670623B1B8617914E010000330300003000000000000000000000000000D2060000666278
310
2F45374635344235342D363743322D343832342D383044432D4334454645303536354442422F636E782E786D6C504B01021400140006080800B670623B29652116630500003C10000034000000000000000000000000006E0800006662782F45374635344235342D363743322D343832342D383044432D4334454645303536
310
354442422F6F626A656374732E786D6C504B01021400140006080000B670623B0000000000000000000000003500000000000000000000000000230E00006662782F45374635344235342D363743322D343832342D383044432D4334454645303536354442422F76657274696365732E62696E504B01021400140006080800
310
B670623BF270F13306000000040000003600000000000000000000000000760E00006662782F45374635344235342D363743322D343832342D383044432D4334454645303536354442422F747269616E676C65732E62696E504B01021400140006080000B670623B0000000000000000000000003700000000000000000000
310
000000D00E00006662782F45374635344235342D363743322D343832342D383044432D4334454645303536354442422F617474726962757465732E62696E504B01021400140006080800B670623B08DA0BD190000000410100003600000000000000000000000000250F00006662782F45374635344235342D363743322D34
310
3832342D383044432D4334454645303536354442422F6469726563746F72792E786D6C504B01021400140006080800B670623B6378F24DFF000000A00100003B00000000000000000000000000091000006662782F45374635344235342D363743322D343832342D383044432D4334454645303536354442422F7265736F75
310
726365732F636F72652E786D6C504B0506000000000E000E0080040000611100000000
  0
XRECORD
  5
112
102
{ACAD_REACTORS
330
110
102
}
330
110
100
AcDbXrecord
280
     1
270
     1
271
     1
  0
XRECORD
  5
111
102
{ACAD_REACTORS
330
110
102
}
330
110
100
AcDbXrecord
280
     1
270
     1
271
     1
  0
XRECORD
  5
18A
102
{ACAD_REACTORS
330
110
102
}
330
110
100
AcDbXrecord
280
     1
 70
     0
 90
1778669749
  1
9BF507EE-FAF7-4A99-A33D-4EE51894BC40
310
504B03040A0000080000B670623B3DEE336E79000000790000001B0000006175746F6465736B2D64657369676E2D7061636B6167652E786D6C3C3F786D6C2076657273696F6E3D22312E302220656E636F64696E673D227574662D3822203F3E3C666F726D6174733E3C666F726D61743E687474703A2F2F736368656D612E
310
6175746F6465736B2E636F6D2F64657369676E2D7061636B6167652F323030393C2F666F726D61743E3C2F666F726D6174733E504B0304140006080800B670623BD486FD9CA0000000F4000000130000005B436F6E74656E745F54797065735D2E786D6C7D8EC10E82300C865F65E91D8A1E8C310C0EEA1BF002731658846E
310
D98AC1B77784ABF1D8FE5FBFBF75BBCE937A534CCEB38643598122B6FEE978D0B0485F9C41B54DDD7D022595594E1A469170414C76A4D9A4D207E29CF43ECE46F218070CC6BECC4078ACAA135ACF422C856C0E68EA1BF5669944DDD7BCDE7B1F8E415D77AECB980613C2E4AC91FC167A2B244592486606FC29C8FD7F045B9A
310
EF7053A7E60B504B0304140006080800B670623BCA089DFFEC0000007C01000008000000636F72652E786D6C8D90416E83301045AF62CDB632D8402020E32882F604BD80653BC44AB011B6AB1EBF262152BBEB6A467FFE9B197D76FA9EEFE84BAFDE38DB03CD08206DA553C64E3DC470C1474027CE56E7C22F1B202B66DDC3
310
260367D3EAE2B24BD2D9A06D48AA754AEFA2F05E0740F29E9A1EBCBCEA59642286E4F0B76C11F226269DD15797E0188D42CF2346A57DE662F40ABCAEC77628C6120F654571D50C04B7F5B9C1E3997CD4F550BE3745C3F20DE62C98F9755FAE5A04AD801784B498524C8A4F5A75E4D055873772EC0861F966FF03C545FD138A
310
C686B2D8DF7D621E384D8F3C069CE55B16A93C824A75CB8DFF00504B0304140006080800B670623B55019EA25F0000007C00000007000000636E782E786D6C4DCB3B0E80201045D1AD90E915ED2CF8AC45050C11660C8261F98AB1B07AC9C97D42D718D865D3E909258CFD00CCE24AC6E326A164D74DC0B4128928FF326038
310
472BA13128B1252AC747C6BAB984FC68F0B87FE8960A5C09FE86CFB69FBA01504B0304140006080800B670623B68FC0B7272010000D40300000C0000006662782F636F72652E786D6CC5535B6E833010BC8AE5DF0A6C1E8124328E22D29EA01770C0A128602363A31CBFCB234A53A555FA553EC09AD9F5CE8C31DB5DDA060D
310
D2F4B556190E7C8A9154852E6B5565D8D993B7C668C799D1DA7E29C3488956667884316795D1AE5BA0422B2B950554E9522EA0E87B69312A1A5864B82F3E642B7CE12C54F467BF13C55954D20F7CA0A18EB3DE1A1080E621E31BF3D3F1C2C88C73E65C5D2E6C5DC2B4FA544B8379921C36797888BC3C8A032F4E73EA6D927D
310
EA1DF6F42D49F2E8350D5346C666CE6CDD5ED515460A2B4BCC434A375E1078347C0FE22D5D6DE3D50B5D6F2965642CBF6B725DF96493AB958DC245EEDCD6631E809089F8E61622B2A81703E8219C913144F84C09DF070D8140C8561C9BAB8F3340832CAC363130A576376A108D933095FA747AD0CF0B46E64E983A6D0EAE1F
310
CE089F9EF1FB8E70D44255604258581E9D1D75B259C3125A278D37D80B52DAB4A279CEC62F0EFF44DDC43F9454E8469BFF5244960322CBEF41C6FBC83F01504B0304140006080800B670623B0F71DDB67E0000009D0000000B0000006662782F636E782E786D6C4DCCD10A83201886E15B91FFDCA54DB73F502386BB8F5816
310
32D3703976F9ABD1C18E3E78F87855FB990379BBFCF2296AE02706C4C5471A7C9C349475A408A4352AA7B4FEDD80C47E761A7606A3A69CCA72D0E0C6BE8475D3E0E3F3409428EA6B27A84079A782899AA2EC1A7AE3ECCC2FD858CB2D544655BFD2B67BD87C01504B0304140006080800B670623BE134B4FB28010000120200
310
00310000006662782F38353834323741342D343835462D343034322D383541392D4331303331363839454531452F636F72652E786D6C8D515B6EC32010BC0AE22B55850D0EA424C24451959EA0172086A42831583CAA1CBF503B52FB971F16CDCECC0EACD8DFC71BF836215AEF7A481A0C817183D7D65D7A98D3197108F652
310
04EFD31F1A044E8DA6871586525C82CFD3020DDE25E352419DD76601558C264130DCCAA58771F832A36A544E8511AFCDA486ABBA988634A55D7852C4144A00300FA927949C71DABD1D28A29C7D208A6987383B6CD13BC16BB2E1DBE3911C453B0BA5C8D9EA456E758963CFD684674DAA588A64C747FC2118958C86B2C3788B
310
0841B8FB247487D98EB257CC77188BB6D2FF89F2A49F1465EBD2BA5BE2CEB2082511EDDC9042FB7CBA3DC298FBE4430275DE2A9AE1054ADC60CC08E3A29D89E5F9C5714317C7987C28DFBBBA9E0A97B0D97643A568EB864AF95D5FA9759BF207504B0304140006080800B670623B1B8617914E010000330300003000000066
310
62782F38353834323741342D343835462D343034322D383541392D4331303331363839454531452F636E782E786D6CD593C16EC32010447F0571AD6CE3D489D20813A9877E410FBD62D82434182CC055F3F75D1292E692438FBD206B7698593D61BEFD1E2DF982108D773D6D6B460938E5B571FB9ECE6957AD29D90A1EBC4F
310
77364A9C1CA1A759A682EF839FA72269D8C9D92654AD71C72206887E0E0A22CAF926B15E498B01E0AA19451807D01A34B919F16B070157417138917400F2F6FA41FCF0092A45DEE414C19BDC21783E4BD39D891265658C3D8DEA00A3ACE59CBC8678ACB54CB26EEB6BD7839D7E9348BE70AD9C8321B9BCA7F9A4A26C542347
310
DEE050F09802D22BA6749A800A394DD62899107273365E3C82CFC6A55557BC06C10774B7ABE7AEC3B0F34CF06446280E154026D0542C187BA9DAB6628BF7B6DBB0E5A65B3EB1F58631DE64BBE083F7B65CC218087E22CABB042E51D1F2268F1FE12B3EA24D40D63E9CFE00120194D60B9D5BC67FE6D39CDF37E20AF817881F
310
504B0304140006080800B670623B5933D422630500003B100000340000006662782F38353834323741342D343835462D343034322D383541392D4331303331363839454531452F6F626A656374732E786D6CAD575B6FA33814FE2B887D0642934E9B156594264D158D3A534DD4D13E548A0C38942D60649B4EBABF7E3F8321
310
40924EF6928780CDF1B97EE762EFF32E4B8D37CA45C2F21BD3B547A641F39045491EDF98A5DC5AD7A6F1D9F73863B243661A39C9E88DA9B64DDF8B392B0BBD15D12D295339D85DDEFE618890E6D434C2940871638AF08566C426A5641115AF764424B1E3EDCE76ED9AB0CF36E6A47819302D08A7B984A6D8CFC1C5A89572FB
310
CB91E9F89EA3BEFB9EFAD754E3D3544E654F5F7E920B49F2F040D880CDD89D2CEE2E2EA7D6E56432B6269F2E5CEB7679BBB0DCABF168FE693E9FCEEEA6102C240727AD09A75BD3BF876F78127A4EFDA9D5582B7E4CA590E5390D2BFB6161A5B3E618D182E611E2985001691DAB47FDA5AB7CD3F93C566B2DB2BB7D9E55DD13
310
1D468DEECDB3AB290BFE8409E21C54704115AA6AFF68436BFC8DF65E0B184BF5B74418199194272435D224E084BF9B3E481589EFF5D828747285706581E9BB7B7E5D5D911ABFC6EE312DB7659A2A689A7E85EC0DF04FA5A8344BFEA2FCB834E8845895492EAFB541F2BDA0A63FF59C6AD3F7D4637CA13FD68E34B629891172
310
98597F1D183A57B9B75A98FE9765B05BAB7C3C2EBCE0ACA05C2AF8005A4DE09AA7F29216EB9E15397500C6F47CBE77CA7778FE2BD277AF0AE2C693DD6437D1522427B9D8329E2136F6A8FA19A3E6C56ADF0E5F50CF06D48734EDCEBF22F69C56D97EC138153F804B85E6FABFC7AFEFB32E523BE1F3BD372418E363EDCA7548
310
52949E8724474014288D94610BB57C1BEC4C7F854A89CA8E5324F55B871CBC78CE1BBEE3BFE68D6A5589EF3C730474506FCFA8FCF0659516D0ED04580EEA6425581B77CAE797FF4BCECC16EB2FEB926F49481F746159D06D922712BD730FDEAE42BD40F42C7AA5EF3F198F60E86110D6DD20645A9480B795CF95E3E3A659A8
310
C55E724F408873315335CFFB8584874484344D494E59D94869DB90C26A5B64F49C802CAC1D3ABE18A098D3B7444D123D8A9E5AE8F5214F0AE5B2B6E9B575DA3E61CBD3EA2B4009FA940524DD1305FB6A1FB294F14DF0BEA90BA109ECE1481FDC3FFAE8D60E75141700BE82725371B4873751B2DD960265F788137FACE6DD40
310
B575E4F0A5C99F46629D92131467A41EE11ABD8D4CCC039CA0AFB37C93A08B232B8F0AEFCA1E0A1015DF13FC83322B362463652ECF71D3A8B1A7D1BE65DE1D62C44F22C317D35F574FEB16153BA2D13E543D10A80E74C4A65E78A6B7CBCBD1D5DD9DB59C2DAFACC96C3AB566E3F1C29ADCDD5DBAD7D3C9ED7C822ED74F80A6
310
41755310DE4443F44A9E68373FADF6596BFA0F440AE7BECE2727AE9F4F2B1B53B1E7E00CF0DD1E5C65454A339A4BA2D0FBA05ED2EF0443458F47BDBFCA484CCFE0F2ED7E3DD0013B679C7B5499467F0ECEEADDB9CA85A34CE44B99053949D2C1416DB85DE4B136BB7165FBAC0B7AB3542BED4F8CA182A549847A1319316519
310
95A83A67147B9E5101C47487F2485F1ECE38FD568F839204296D3479219888530154036E6528FBFBC66F98E0D4107563A2D7D9AFF8D389681A08F58D89F22693900A3B407754734FC51C10C010D6D640809EE4718AC1BA3ED4AEDB53CA37283F68805A7E4B72CEB0A4EDEAD5DD8C14059A76AFAA56BA6901E13F32BC51C720
310
12AF41295B5BF61BAD3195181FB506E6B40F4C10AF5AF40EF9F5B159AE5DD1F43C72D635E94310D45C2D49785C5D0B94D3B54AB3C5A38349C0587D338AB48C11CBF339599C02CCA54A70A008A8D03C0B2201D5F9EFCF8F9CE12A9A19CB0410789EB32C63B95ECCF455D658BFE0621A3DA32C5075FB101723D77DAE867E7D0F
310
D90444509B44E2151B4DC2290B065803200FBAA9BE9D392A0603F2D5C2D00D6302A615680F66D2FA166E2079D4C551A54AB758161FCEFD4E450A14704CECFEDF504B0304140006080000B670623B000000000000000000000000350000006662782F38353834323741342D343835462D343034322D383541392D4331303331
310
363839454531452F76657274696365732E62696E504B0304140006080800B670623BF270F1330600000004000000360000006662782F38353834323741342D343835462D343034322D383541392D4331303331363839454531452F747269616E676C65732E62696E636660600000504B0304140006080000B670623B000000
310
000000000000000000370000006662782F38353834323741342D343835462D343034322D383541392D4331303331363839454531452F617474726962757465732E62696E504B0304140006080800B670623B08DA0BD19000000041010000360000006662782F38353834323741342D343835462D343034322D383541392D43
310
31303331363839454531452F6469726563746F72792E786D6C858F410AC3201045AF22B36F53E9A60B35CBEEBAE80D244E44489C6234F4F835464A48035D0DF398FF9F8AF63D0E6CC63039F212F8F9020C7D47C6792B21C5FE7403D62A1188E2E60C98D7234A5830286103A55745067B9D86B8A3CF9C7F90C11DE607FB1443
310
96D7B6A82D282E9A152AD114D5EF2CB866EEE831B8EEA07A7BB5A8D7D61A2BAAEB7FD5F70921FF497D00504B0304140006080800B670623BD9A3B367FE000000A00100003B0000006662782F38353834323741342D343835462D343034322D383541392D4331303331363839454531452F7265736F75726365732F636F7265
310
2E786D6C8D504B6E833010BD0A9A6D65B01D0201194711694FD00B586642AD043BF2A7EAF16B122AB5BB6E6646EFA3797AE2F8B5DC8A4FF4C1383B002B291468B59B8C9D0748F1420E501CA5F0CEC55F3228AC5A708015062966EFD27D83B4B3116DCCA875136EA00A012314FA968F0182FEC045952AC5AC08D7F2AEF455CD
310
58B232D3592745883E07289E4FD609D26370C96B0CA27AB252A464A64D63A6FCD35C0C7A904D73EE467EE664DCD58CD4ED4849D79C5A723ED1B7A61977AF2D6F45B59AA58866F9C9A83DAA8813484E6947182394BFB3BAA7FBBEDEBFD0434FA9A856F91F53BA4FFF342563E38E6F719FB60092E5200F428A6AED2BAF479979
310
AFDDCA6F504B010214000A0000080000B670623B3DEE336E79000000790000001B00000000000000000000000000000000006175746F6465736B2D64657369676E2D7061636B6167652E786D6C504B01021400140006080800B670623BD486FD9CA0000000F40000001300000000000000000000000000B20000005B436F6E
310
74656E745F54797065735D2E786D6C504B01021400140006080800B670623BCA089DFFEC0000007C010000080000000000000000000000000083010000636F72652E786D6C504B01021400140006080800B670623B55019EA25F0000007C000000070000000000000000000000000095020000636E782E786D6C504B010214
310
00140006080800B670623B68FC0B7272010000D40300000C00000000000000000000000000190300006662782F636F72652E786D6C504B01021400140006080800B670623B0F71DDB67E0000009D0000000B00000000000000000000000000B50400006662782F636E782E786D6C504B01021400140006080800B670623BE1
310
34B4FB280100001202000031000000000000000000000000005C0500006662782F38353834323741342D343835462D343034322D383541392D4331303331363839454531452F636F72652E786D6C504B01021400140006080800B670623B1B8617914E010000330300003000000000000000000000000000D3060000666278
310
2F38353834323741342D343835462D343034322D383541392D4331303331363839454531452F636E782E786D6C504B01021400140006080800B670623B5933D422630500003B10000034000000000000000000000000006F0800006662782F38353834323741342D343835462D343034322D383541392D4331303331363839
310
454531452F6F626A656374732E786D6C504B01021400140006080000B670623B0000000000000000000000003500000000000000000000000000240E00006662782F38353834323741342D343835462D343034322D383541392D4331303331363839454531452F76657274696365732E62696E504B01021400140006080800
310
B670623BF270F13306000000040000003600000000000000000000000000770E00006662782F38353834323741342D343835462D343034322D383541392D4331303331363839454531452F747269616E676C65732E62696E504B01021400140006080000B670623B0000000000000000000000003700000000000000000000
310
000000D10E00006662782F38353834323741342D343835462D343034322D383541392D4331303331363839454531452F617474726962757465732E62696E504B01021400140006080800B670623B08DA0BD190000000410100003600000000000000000000000000260F00006662782F38353834323741342D343835462D34
310
3034322D383541392D4331303331363839454531452F6469726563746F72792E786D6C504B01021400140006080800B670623BD9A3B367FE000000A00100003B000000000000000000000000000A1000006662782F38353834323741342D343835462D343034322D383541392D4331303331363839454531452F7265736F75
310
726365732F636F72652E786D6C504B0506000000000E000E0080040000611100000000
  0
XRECORD
  5
113
102
{ACAD_REACTORS
330
110
102
}
330
110
100
AcDbXrecord
280
     1
270
     1
271
     1
  0
XRECORD
  5
114
102
{ACAD_REACTORS
330
110
102
}
330
110
100
AcDbXrecord
280
     1
270
     1
271
     1
  0
CELLSTYLEMAP
  5
71C
102
{ACAD_REACTORS
330
104
102
}
330
104
100
AcDbCellStyleMap
 90
        3
300
CELLSTYLE
  1
TABLEFORMAT_BEGIN
 90
        5
170
     1
 91
        0
 92
    32768
 62
   257
 93
        1
300
CONTENTFORMAT
  1
CONTENTFORMAT_BEGIN
 90
        0
 91
        0
 92
      512
 93
        0
300

 40
0.0
140
1.0
 94
        5
 62
     0
340
11
144
0.25
309
CONTENTFORMAT_END
171
     1
301
MARGIN
  1
CELLMARGIN_BEGIN
 40
0.06
 40
0.06
 40
0.06
 40
0.06
 40
0.18
 40
0.18
309
CELLMARGIN_END
 94
        6
 95
        1
302
GRIDFORMAT
  1
GRIDFORMAT_BEGIN
 90
        0
 91
        1
 62
     0
 92
       -2
340
0
 93
        0
 40
0.045
309
GRIDFORMAT_END
 95
        2
302
GRIDFORMAT
  1
GRIDFORMAT_BEGIN
 90
        0
 91
        1
 62
     0
 92
       -2
340
0
 93
        0
 40
0.045
309
GRIDFORMAT_END
 95
        4
302
GRIDFORMAT
  1
GRIDFORMAT_BEGIN
 90
        0
 91
        1
 62
     0
 92
       -2
340
0
 93
        0
 40
0.045
309
GRIDFORMAT_END
 95
        8
302
GRIDFORMAT
  1
GRIDFORMAT_BEGIN
 90
        0
 91
        1
 62
     0
 92
       -2
340
0
 93
        0
 40
0.045
309
GRIDFORMAT_END
 95
       16
302
GRIDFORMAT
  1
GRIDFORMAT_BEGIN
 90
        0
 91
        1
 62
     0
 92
       -2
340
0
 93
        0
 40
0.045
309
GRIDFORMAT_END
 95
       32
302
GRIDFORMAT
  1
GRIDFORMAT_BEGIN
 90
        0
 91
        1
 62
     0
 92
       -2
340
0
 93
        0
 40
0.045
309
GRIDFORMAT_END
309
TABLEFORMAT_END
  1
CELLSTYLE_BEGIN
 90
        1
 91
        1
300
_TITLE
309
CELLSTYLE_END
300
CELLSTYLE
  1
TABLEFORMAT_BEGIN
 90
        5
170
     1
 91
        0
 92
        0
 62
   257
 93
        1
300
CONTENTFORMAT
  1
CONTENTFORMAT_BEGIN
 90
        0
 91
        0
 92
      512
 93
        0
300

 40
0.0
140
1.0
 94
        5
 62
     0
340
11
144
0.18
309
CONTENTFORMAT_END
171
     1
301
MARGIN
  1
CELLMARGIN_BEGIN
 40
0.06
 40
0.06
 40
0.06
 40
0.06
 40
0.18
 40
0.18
309
CELLMARGIN_END
 94
        6
 95
        1
302
GRIDFORMAT
  1
GRIDFORMAT_BEGIN
 90
        0
 91
        1
 62
     0
 92
       -2
340
0
 93
        0
 40
0.045
309
GRIDFORMAT_END
 95
        2
302
GRIDFORMAT
  1
GRIDFORMAT_BEGIN
 90
        0
 91
        1
 62
     0
 92
       -2
340
0
 93
        0
 40
0.045
309
GRIDFORMAT_END
 95
        4
302
GRIDFORMAT
  1
GRIDFORMAT_BEGIN
 90
        0
 91
        1
 62
     0
 92
       -2
340
0
 93
        0
 40
0.045
309
GRIDFORMAT_END
 95
        8
302
GRIDFORMAT
  1
GRIDFORMAT_BEGIN
 90
        0
 91
        1
 62
     0
 92
       -2
340
0
 93
        0
 40
0.045
309
GRIDFORMAT_END
 95
       16
302
GRIDFORMAT
  1
GRIDFORMAT_BEGIN
 90
        0
 91
        1
 62
     0
 92
       -2
340
0
 93
        0
 40
0.045
309
GRIDFORMAT_END
 95
       32
302
GRIDFORMAT
  1
GRIDFORMAT_BEGIN
 90
        0
 91
        1
 62
     0
 92
       -2
340
0
 93
        0
 40
0.045
309
GRIDFORMAT_END
309
TABLEFORMAT_END
  1
CELLSTYLE_BEGIN
 90
        2
 91
        1
300
_HEADER
309
CELLSTYLE_END
300
CELLSTYLE
  1
TABLEFORMAT_BEGIN
 90
        5
170
     1
 91
        0
 92
        0
 62
   257
 93
        1
300
CONTENTFORMAT
  1
CONTENTFORMAT_BEGIN
 90
        0
 91
        0
 92
      512
 93
        0
300

 40
0.0
140
1.0
 94
        2
 62
     0
340
11
144
0.18
309
CONTENTFORMAT_END
171
     1
301
MARGIN
  1
CELLMARGIN_BEGIN
 40
0.06
 40
0.06
 40
0.06
 40
0.06
 40
0.18
 40
0.18
309
CELLMARGIN_END
 94
        6
 95
        1
302
GRIDFORMAT
  1
GRIDFORMAT_BEGIN
 90
        0
 91
        1
 62
     0
 92
       -2
340
0
 93
        0
 40
0.045
309
GRIDFORMAT_END
 95
        2
302
GRIDFORMAT
  1
GRIDFORMAT_BEGIN
 90
        0
 91
        1
 62
     0
 92
       -2
340
0
 93
        0
 40
0.045
309
GRIDFORMAT_END
 95
        4
302
GRIDFORMAT
  1
GRIDFORMAT_BEGIN
 90
        0
 91
        1
 62
     0
 92
       -2
340
0
 93
        0
 40
0.045
309
GRIDFORMAT_END
 95
        8
302
GRIDFORMAT
  1
GRIDFORMAT_BEGIN
 90
        0
 91
        1
 62
     0
 92
       -2
340
0
 93
        0
 40
0.045
309
GRIDFORMAT_END
 95
       16
302
GRIDFORMAT
  1
GRIDFORMAT_BEGIN
 90
        0
 91
        1
 62
     0
 92
       -2
340
0
 93
        0
 40
0.045
309
GRIDFORMAT_END
 95
       32
302
GRIDFORMAT
  1
GRIDFORMAT_BEGIN
 90
        0
 91
        1
 62
     0
 92
       -2
340
0
 93
        0
 40
0.045
309
GRIDFORMAT_END
309
TABLEFORMAT_END
  1
CELLSTYLE_BEGIN
 90
        3
 91
        2
300
_DATA
309
CELLSTYLE_END
  0
ACDBASSOCARRAYACTIONBODY
  5
2E3
330
2E2
100
AcDbAssocActionBody
 90
        2
100
AcDbAssocArrayActionBody
 90
        1
  1
AcDbAssocArrayPolarParameters
 90
        0
 90
       12
  1
AcDbAssocArrayItem
100
AcDbAssocArrayItem
 90
        0
 90
        0
 90
        0
 90
        0
 90
        8
 11
15.94599757421024
 21
0.1256309112752383
 31
0.0
330
2EB
100
AcDbAssocArrayItem
 90
        0
 90
        1
 90
        0
 90
        0
 90
       12
 40
0.8660254037844389
 40
-0.5
 40
0.0
 40
13.74682353231349
 40
0.4999999999999995
 40
0.8660254037844389
 40
0.0
 40
8.081798347770067
 40
0.0
 40
0.0
 40
1.0
 40
0.0
 40
0.0
 40
0.0
 40
0.0
 40
1.0
330
2EC
100
AcDbAssocArrayItem
 90
        0
 90
        2
 90
        0
 90
        0
 90
       12
 40
0.5000000000000009
 40
-0.8660254037844385
 40
0.0
 40
7.864199226440179
 40
0.8660254037844383
 40
0.5000000000000005
 40
0.0
 40
13.87245444358872
 40
0.0
 40
0.0
 40
1.0
 40
0.0
 40
0.0
 40
0.0
 40
0.0
 40
1.0
330
2ED
100
AcDbAssocArrayItem
 90
        0
 90
        3
 90
        0
 90
        0
 90
       12
 40
0.0000000000000008
 40
-1.0
 40
0.0
 40
-0.1256309112752361
 40
1.0
 40
0.0000000000000004
 40
0.0
 40
15.94599757421024
 40
0.0
 40
0.0
 40
1.0
 40
0.0
 40
0.0
 40
0.0
 40
0.0
 40
1.0
330
2EE
100
AcDbAssocArrayItem
 90
        0
 90
        4
 90
        0
 90
        0
 90
       12
 40
-0.4999999999999989
 40
-0.8660254037844389
 40
0.0
 40
-8.081798347770064
 40
0.8660254037844394
 40
-0.4999999999999997
 40
0.0
 40
13.74682353231349
 40
0.0
 40
0.0
 40
1.0
 40
0.0
 40
0.0
 40
0.0
 40
0.0
 40
1.0
330
2EF
100
AcDbAssocArrayItem
 90
        0
 90
        5
 90
        0
 90
        0
 90
       12
 40
-0.8660254037844376
 40
-0.5000000000000007
 40
0.0
 40
-13.87245444358872
 40
0.500000000000002
 40
-0.8660254037844383
 40
0.0
 40
7.864199226440183
 40
0.0
 40
0.0
 40
1.0
 40
0.0
 40
0.0
 40
0.0
 40
0.0
 40
1.0
330
2F0
100
AcDbAssocArrayItem
 90
        0
 90
        6
 90
        0
 90
        0
 90
       12
 40
-1.0
 40
-0.0000000000000005
 40
0.0
 40
-15.94599757421024
 40
0.0000000000000021
 40
-1.0
 40
0.0
 40
-0.1256309112752352
 40
0.0
 40
0.0
 40
1.0
 40
0.0
 40
0.0
 40
0.0
 40
0.0
 40
1.0
330
2F1
100
AcDbAssocArrayItem
 90
        0
 90
        7
 90
        0
 90
        0
 90
       12
 40
-0.8660254037844397
 40
0.5
 40
0.0
 40
-13.74682353231349
 40
-0.4999999999999986
 40
-0.8660254037844389
 40
0.0
 40
-8.081798347770069
 40
0.0
 40
0.0
 40
1.0
 40
0.0
 40
0.0
 40
0.0
 40
0.0
 40
1.0
330
2F2
100
AcDbAssocArrayItem
 90
        0
 90
        8
 90
        0
 90
        0
 90
       12
 40
-0.5000000000000023
 40
0.8660254037844383
 40
0.0
 40
-7.864199226440184
 40
-0.8660254037844373
 40
-0.5000000000000008
 40
0.0
 40
-13.87245444358872
 40
0.0
 40
0.0
 40
1.0
 40
0.0
 40
0.0
 40
0.0
 40
0.0
 40
1.0
330
2F3
100
AcDbAssocArrayItem
 90
        0
 90
        9
 90
        0
 90
        0
 90
       12
 40
-0.0000000000000025
 40
1.0
 40
0.0
 40
0.1256309112752342
 40
-1.0
 40
-0.0000000000000005
 40
0.0
 40
-15.94599757421024
 40
0.0
 40
0.0
 40
1.0
 40
0.0
 40
0.0
 40
0.0
 40
0.0
 40
1.0
330
2F4
100
AcDbAssocArrayItem
 90
        0
 90
       10
 90
        0
 90
        0
 90
       12
 40
0.4999999999999972
 40
0.8660254037844394
 40
0.0
 40
8.081798347770055
 40
-0.8660254037844403
 40
0.4999999999999992
 40
0.0
 40
-13.74682353231349
 40
0.0
 40
0.0
 40
1.0
 40
0.0
 40
0.0
 40
0.0
 40
0.0
 40
1.0
330
2F5
100
AcDbAssocArrayItem
 90
        0
 90
       11
 90
        0
 90
        0
 90
       12
 40
0.8660254037844376
 40
0.5
 40
0.0
 40
13.87245444358872
 40
-0.5000000000000022
 40
0.8660254037844387
 40
0.0
 40
-7.864199226440172
 40
0.0
 40
0.0
 40
1.0
 40
0.0
 40
0.0
 40
0.0
 40
0.0
 40
1.0
330
2F6
 40
1.0
 40
0.0
 40
0.0
 40
0.0
 40
0.0
 40
1.0
 40
0.0
 40
0.0
 40
0.0
 40
0.0
 40
1.0
 40
0.0
 40
0.0
 40
0.0
 40
0.0
 40
1.0
  0
ACDBASSOCDEPENDENCY
  5
2E6
330
2E2
100
AcDbAssocDependency
 90
        2
 90
        0
290
     0
290
     1
290
     1
290
     1
 90
        0
330
2D3
290
     0
330
0
330
0
360
0
 90
        1
  0
ACDBASSOCDEPENDENCY
  5
2E7
330
2E2
100
AcDbAssocDependency
 90
        2
 90
        0
290
     1
290
     0
290
     1
290
     1
 90
        0
330
2D0
290
     0
330
0
330
0
360
0
 90
        2
  0
ACDBASSOCDEPENDENCY
  5
2E8
330
2E2
100
AcDbAssocDependency
 90
        2
 90
        0
290
     1
290
     1
290
     1
290
     1
 90
-2147483648
330
2D6
290
     0
330
0
330
0
360
0
 90
        3
  0
ACDBASSOCVERTEXACTIONPARAM
  5
2E4
330
2E2
100
AcDbAssocActionParam
 90
        1
 90
        0
  1
BaseNormal
100
AcDbAssocSingleDependencyActionParam
 90
        0
330
0
100
AcDbAssocVertexActionParam
 90
        0
 10
0.0
 20
0.0
 30
1.0
  0
ACDBASSOCVERTEXACTIONPARAM
  5
2E5
330
2E2
100
AcDbAssocActionParam
 90
        1
 90
        0
  1
Origin
100
AcDbAssocSingleDependencyActionParam
 90
        0
330
0
100
AcDbAssocVertexActionParam
 90
        0
 10
0.0
 20
0.0
 30
0.0
  0
ACDBASSOCVERTEXACTIONPARAM
  5
2E9
330
2E2
100
AcDbAssocActionParam
 90
        1
 90
        0
  1
basePoint
100
AcDbAssocSingleDependencyActionParam
 90
        0
330
0
100
AcDbAssocVertexActionParam
 90
        0
 10
0.0
 20
0.0
 30
0.0
  0
ENDSEC
  0
SECTION
  2
ACDSDATA
 70
     2
 71
     8
  0
ACDSSCHEMA
 90
        0
  1
AcDb_Thumbnail_Schema
  2
AcDbDs::ID
280
    10
 91
        8
  2
Thumbnail_Data
280
    15
 91
        0
101
ACDSRECORD
 95
        0
 90
        1
  2
AcDbDs::TreatedAsObjectData
280
     1
291
     1
101
ACDSRECORD
 95
        0
 90
        2
  2
AcDbDs::Legacy
280
     1
291
     1
101
ACDSRECORD
  1
AcDbDs::ID
 90
        3
  2
AcDs:Indexable
280
     1
291
     1
101
ACDSRECORD
  1
AcDbDs::ID
 90
        4
  2
AcDbDs::HandleAttribute
280
     7
282
     1
  0
ACDSSCHEMA
 90
        1
  1
AcDbDs::TreatedAsObjectDataSchema
  2
AcDbDs::TreatedAsObjectData
280
     1
 91
        0
  0
ACDSSCHEMA
 90
        2
  1
AcDbDs::LegacySchema
  2
AcDbDs::Legacy
280
     1
 91
        0
  0
ACDSSCHEMA
 90
        3
  1
AcDbDs::IndexedPropertySchema
  2
AcDs:Indexable
280
     1
 91
        0
  0
ACDSSCHEMA
 90
        4
  1
AcDbDs::HandleAttributeSchema
  2
AcDbDs::HandleAttribute
280
     7
 91
        1
284
     1
  0
ACDSSCHEMA
 90
        5
  1
AcDb3DSolid_ASM_Data
  2
AcDbDs::ID
280
    10
 91
        8
  2
ASM_Data
280
    15
 91
        0
101
ACDSRECORD
 95
        5
 90
        1
  2
AcDbDs::TreatedAsObjectData
280
     1
291
     1
101
ACDSRECORD
 95
        5
 90
        2
  2
AcDbDs::Legacy
280
     1
291
     1
101
ACDSRECORD
  1
AcDbDs::ID
 90
        3
  2
AcDs:Indexable
280
     1
291
     1
101
ACDSRECORD
  1
AcDbDs::ID
 90
        4
  2
AcDbDs::HandleAttribute
280
     7
282
     1
  0
ACDSRECORD
 90
        0
  2
AcDbDs::ID
280
    10
320
22
  2
Thumbnail_Data
280
    15
 94
      896
310
89504E470D0A1A0A0000000D49484452000001000000009108030000001BE1960600000300504C5445212830FFFFFF2128300000000000000000000000000000000000000000000000000000330000660000990000CC0000FF0033000033330033660033990033CC0033FF0066000066330066660066990066CC0066FF0099
310
000099330099660099990099CC0099FF00CC0000CC3300CC6600CC9900CCCC00CCFF00FF0000FF3300FF6600FF9900FFCC00FFFF3300003300333300663300993300CC3300FF3333003333333333663333993333CC3333FF3366003366333366663366993366CC3366FF3399003399333399663399993399CC3399FF33CC00
310
33CC3333CC6633CC9933CCCC33CCFF33FF0033FF3333FF6633FF9933FFCC33FFFF6600006600336600666600996600CC6600FF6633006633336633666633996633CC6633FF6666006666336666666666996666CC6666FF6699006699336699666699996699CC6699FF66CC0066CC3366CC6666CC9966CCCC66CCFF66FF0066
310
FF3366FF6666FF9966FFCC66FFFF9900009900339900669900999900CC9900FF9933009933339933669933999933CC9933FF9966009966339966669966999966CC9966FF9999009999339999669999999999CC9999FF99CC0099CC3399CC6699CC9999CCCC99CCFF99FF0099FF3399FF6699FF9999FFCC99FFFFCC0000CC00
310
33CC0066CC0099CC00CCCC00FFCC3300CC3333CC3366CC3399CC33CCCC33FFCC6600CC6633CC6666CC6699CC66CCCC66FFCC9900CC9933CC9966CC9999CC99CCCC99FFCCCC00CCCC33CCCC66CCCC99CCCCCCCCCCFFCCFF00CCFF33CCFF66CCFF99CCFFCCCCFFFFFF0000FF0033FF0066FF0099FF00CCFF00FFFF3300FF3333
310
FF3366FF3399FF33CCFF33FFFF6600FF6633FF6666FF6699FF66CCFF66FFFF9900FF9933FF9966FF9999FF99CCFF99FFFFCC00FFCC33FFCC66FFCC99FFCCCCFFCCFFFFFF00FFFF33FFFF66FFFF99FFFFCCFFFFFF0000000D0D0D1A1A1A2828283535354343435050505D5D5D6B6B6B787878868686939393A1A1A1AEAEAEBB
310
BBBBC9C9C9D6D6D6E4E4E4F1F1F1FFFFFF0000000000000000000000000000000000000000000000000000000000002E4550F10000003B4944415478DAEDC13101000000C2A0F54F6D0B2FA0000000000000000000000000000000000000000000000000000000000000000000000000CE06919100016C9A5B1B0000000049
310
454E44AE426082
  0
ACDSRECORD
 90
        5
  2
AcDbDs::ID
280
    10
320
456
  2
ASM_Data
280
    15
 94
   100815
310
41534D2042696E61727946696C65341C57000000000000020000000400000007104175746F6465736B204175746F434144071441534D203233322E302E312E3635353335204E5407184D6F6E204A756E2031352031363A34343A33372032303236066666666666663940068DEDB5A0F7C6B03E06BBBDD7D9DF7CDB3D0D0961
310
736D6865616465720CFFFFFFFF04FFFFFFFF070D3233322E302E312E3635353335110D04626F64790CFFFFFFFF04FFFFFFFF0CFFFFFFFF0C020000000CFFFFFFFF0C03000000110D046C756D700CFFFFFFFF04FFFFFFFF0CFFFFFFFF0CFFFFFFFF0C040000000C01000000110D097472616E73666F726D0CFFFFFFFF04FFFF
310
FFFF14000000000000F03F00000000000000000000000000000000140000000000000000000000000000F03F00000000000000001400000000000000000000000000000000000000000000F03F1400000000000000000000000000000000000000000000000006000000000000F03F0B0B0B110D057368656C6C0CFFFFFFFF
310
04FFFFFFFF0CFFFFFFFF0CFFFFFFFF0CFFFFFFFF0C050000000CFFFFFFFF0C02000000110D04666163650C0600000004FFFFFFFF0CFFFFFFFF0C070000000C080000000C040000000CFFFFFFFF0C090000000B0B110E09706572737562656E740E1061636164536F6C6964486973746F72790D066174747269620CFFFFFFFF
310
04FFFFFFFF0CFFFFFFFF0CFFFFFFFF0C050000000401000000040100000004020000000400000000110D04666163650C0A00000004FFFFFFFF0CFFFFFFFF0C0B0000000C0C0000000C040000000CFFFFFFFF0C0D0000000B0B110D046C6F6F700CFFFFFFFF04FFFFFFFF0CFFFFFFFF0CFFFFFFFF0C0E0000000C0500000011
310
0E04636F6E650D07737572666163650CFFFFFFFF04FFFFFFFF0CFFFFFFFF1347ADC36838EC26C0EC9FEEA994F7234000000000000000001400000000000000000000000000000000000000000000F03F14F043DAFE65A1E03FA006B2D8D056EBBF000000000000000006000000000000F03F0B0B0600000000000000000600
310
0000000000F0BF06E1FFFFFFFFFFEF3F0B0B0B0B0B110E09706572737562656E740E1061636164536F6C6964486973746F72790D066174747269620CFFFFFFFF04FFFFFFFF0CFFFFFFFF0CFFFFFFFF0C070000000401000000040100000004030000000400000000110D04666163650C0F00000004FFFFFFFF0CFFFFFFFF0C
310
100000000C110000000C040000000CFFFFFFFF0C120000000B0B110D046C6F6F700CFFFFFFFF04FFFFFFFF0CFFFFFFFF0CFFFFFFFF0C130000000C07000000110E04636F6E650D07737572666163650CFFFFFFFF04FFFFFFFF0CFFFFFFFF13000000000000403D000000000080313D00000000000000001400000000000000
310
000000000000000000000000000000F03F147CA4B20E801023C03F002A5B502F2540000000000000000006000000000000F03F0B0B06000000000000000006000000000000F03F061000000000802C400B0B0B0B0B110D06636F656467650CFFFFFFFF04FFFFFFFF0CFFFFFFFF0C140000000C150000000C160000000C1700
310
00000B0C0800000004000000000CFFFFFFFF110E09706572737562656E740E1061636164536F6C6964486973746F72790D066174747269620CFFFFFFFF04FFFFFFFF0CFFFFFFFF0CFFFFFFFF0C0B0000000401000000040100000004040000000400000000110D04666163650C1800000004FFFFFFFF0CFFFFFFFF0C190000
310
000C1A0000000C040000000CFFFFFFFF0C1B0000000B0B110D046C6F6F700CFFFFFFFF04FFFFFFFF0CFFFFFFFF0CFFFFFFFF0C1C0000000C0B000000110E04636F6E650D07737572666163650CFFFFFFFF04FFFFFFFF0CFFFFFFFF130F20DAD0FD6624C0DE16E5B6E5AB264000000000000000001400000000000000000000
310
000000000000000000000000F03F14D0C99EF2D987E83F402DBC1E738CE43F000000000000000006000000000000F03F0B0B06000000000000000006000000000000F0BF06160000000000F03F0B0B0B0B0B110D06636F656467650CFFFFFFFF04FFFFFFFF0CFFFFFFFF0C1D0000000C1E0000000C1F0000000C200000000B
310
0C0C00000004000000000CFFFFFFFF110D06636F656467650CFFFFFFFF04FFFFFFFF0CFFFFFFFF0C210000000C0E0000000C220000000C230000000B0C0800000004000000000CFFFFFFFF110D06636F656467650CFFFFFFFF04FFFFFFFF0CFFFFFFFF0C0E0000000C210000000C1D0000000C240000000A0C080000000400
310
0000000CFFFFFFFF110D06636F656467650CFFFFFFFF04FFFFFFFF0CFFFFFFFF0C1F0000000C250000000C0E0000000C170000000A0C2600000004000000000CFFFFFFFF110D04656467650CFFFFFFFF04FFFFFFFF0CFFFFFFFF0C270000000600000000000000000C28000000064B6AE36B95E6F33F0C0E0000000C290000
310
000B0707756E6B6E6F776E110E09706572737562656E740E1061636164536F6C6964486973746F72790D066174747269620CFFFFFFFF04FFFFFFFF0CFFFFFFFF0CFFFFFFFF0C100000000401000000040100000004050000000400000000110D04666163650C2A00000004FFFFFFFF0CFFFFFFFF0C2B0000000C2C0000000C
310
040000000CFFFFFFFF0C2D0000000B0B110D046C6F6F700CFFFFFFFF04FFFFFFFF0CFFFFFFFF0CFFFFFFFF0C2E0000000C10000000110E04636F6E650D07737572666163650CFFFFFFFF04FFFFFFFF0CFFFFFFFF130E1AB215909E1BC064A927A7A4312C400000000000000000140000000000000000000000000000000000
310
0000000000F03F14F43DD2DB039E09C06048C2251B86E93F000000000000000006000000000000F03F0B0B06000000000000000006000000000000F03F066C66666666660A400B0B0B0B0B110D06636F656467650CFFFFFFFF04FFFFFFFF0CFFFFFFFF0C2F0000000C300000000C310000000C320000000B0C110000000400
310
0000000CFFFFFFFF110D06636F656467650CFFFFFFFF04FFFFFFFF0CFFFFFFFF0C330000000C130000000C150000000C240000000B0C0C00000004000000000CFFFFFFFF110D06636F656467650CFFFFFFFF04FFFFFFFF0CFFFFFFFF0C130000000C330000000C2F0000000C340000000A0C0C00000004000000000CFFFFFF
310
FF110D06636F656467650CFFFFFFFF04FFFFFFFF0CFFFFFFFF0C310000000C160000000C130000000C200000000A0C2600000004000000000CFFFFFFFF110D04656467650CFFFFFFFF04FFFFFFFF0CFFFFFFFF0C350000000600000000000000000C27000000063893881EB143C23F0C130000000C360000000B0707756E6B
310
6E6F776E110D06636F656467650CFFFFFFFF04FFFFFFFF0CFFFFFFFF0C150000000C140000000C370000000C380000000A0C0800000004000000000CFFFFFFFF110D06636F656467650CFFFFFFFF04FFFFFFFF0CFFFFFFFF0C390000000C3A0000000C140000000C230000000A0C3B00000004000000000CFFFFFFFF110D04
310
656467650CFFFFFFFF04FFFFFFFF0CFFFFFFFF0C280000000600000000000000000C3C0000000600000000000039400C220000000C3D0000000B070774616E67656E74110D04656467650CFFFFFFFF04FFFFFFFF0CFFFFFFFF0C270000000600000000000000000C3E0000000600000000000039400C1D0000000C3F000000
310
0B0707756E6B6E6F776E110D06636F656467650CFFFFFFFF04FFFFFFFF0CFFFFFFFF0C160000000C400000000C390000000C410000000A0C2600000004000000000CFFFFFFFF110D046C6F6F700CFFFFFFFF04FFFFFFFF0CFFFFFFFF0CFFFFFFFF0C250000000C42000000110D067665727465780CFFFFFFFF04FFFFFFFF0C
310
FFFFFFFF0C2000000004010000000C43000000110D067665727465780CFFFFFFFF04FFFFFFFF0CFFFFFFFF0C4100000004000000000C44000000110E07656C6C697073650D0563757276650CFFFFFFFF04FFFFFFFF0CFFFFFFFF1347ADC36838EC26C0EC9FEEA994F723400000000000000000140000000000000000000000
310
0000000000000000000000F0BF14F043DAFE65A1E03FA006B2D8D056EBBF000000000000000006000000000000F03F0A0600000000000000000A064B6AE36B95E6F33F110E09706572737562656E740E1061636164536F6C6964486973746F72790D066174747269620CFFFFFFFF04FFFFFFFF0CFFFFFFFF0CFFFFFFFF0C19
310
0000000402000000040100000004060000000400000000040100000004070000000400000000110D04666163650C4500000004FFFFFFFF0CFFFFFFFF0C460000000C470000000C040000000CFFFFFFFF0C480000000B0B110D046C6F6F700CFFFFFFFF04FFFFFFFF0CFFFFFFFF0CFFFFFFFF0C490000000C19000000110E05
310
706C616E650D07737572666163650CFFFFFFFF04FFFFFFFF0CFFFFFFFF13721B2C70592020C0A22EA3A717133040000000000000000014EFFFFFFFFFFFDFBFAF4C58E87AB6EB3F000000000000000014AF4C58E87AB6EBBFEFFFFFFFFFFFDFBF00000000000000000B0B0B0B0B110D06636F656467650CFFFFFFFF04FFFFFF
310
FF0CFFFFFFFF0C4A0000000C4B0000000C4C0000000C4D0000000B0C1A00000004000000000CFFFFFFFF110D06636F656467650CFFFFFFFF04FFFFFFFF0CFFFFFFFF0C4E0000000C1C0000000C1E0000000C340000000B0C1100000004000000000CFFFFFFFF110D06636F656467650CFFFFFFFF04FFFFFFFF0CFFFFFFFF0C
310
1C0000000C4E0000000C4A0000000C4F0000000A0C1100000004000000000CFFFFFFFF110D06636F656467650CFFFFFFFF04FFFFFFFF0CFFFFFFFF0C4C0000000C1F0000000C1C0000000C320000000A0C2600000004000000000CFFFFFFFF110D04656467650CFFFFFFFF04FFFFFFFF0CFFFFFFFF0C500000000600000000
310
000000000C350000000680E32900AF90F83F0C1C0000000C510000000B0707756E6B6E6F776E110D06636F656467650CFFFFFFFF04FFFFFFFF0CFFFFFFFF0C1E0000000C1D0000000C520000000C530000000A0C0C00000004000000000CFFFFFFFF110D04656467650CFFFFFFFF04FFFFFFFF0CFFFFFFFF0C350000000600
310
000000000000000C540000000600000000000039400C2F0000000C550000000B070774616E67656E74110D067665727465780CFFFFFFFF04FFFFFFFF0CFFFFFFFF0C3200000004010000000C56000000110E07656C6C697073650D0563757276650CFFFFFFFF04FFFFFFFF0CFFFFFFFF13000000000000403D000000000080
310
313D00000000000000001400000000000000800000000000000000000000000000F03F147CA4B20E801023C03F002A5B502F2540000000000000000006000000000000F03F0A0600000000000000000A063893881EB143C23F110D06636F656467650CFFFFFFFF04FFFFFFFF0CFFFFFFFF0C570000000C520000000C210000
310
000C380000000B0C5800000004000000000CFFFFFFFF110D04656467650CFFFFFFFF04FFFFFFFF0CFFFFFFFF0C3E0000000600000000000000000C3C000000064B6AE36B95E6F33F0C210000000C590000000B0707756E6B6E6F776E110D06636F656467650CFFFFFFFF04FFFFFFFF0CFFFFFFFF0C5A0000000C220000000C
310
250000000C410000000B0C3B00000004000000000CFFFFFFFF110D06636F656467650CFFFFFFFF04FFFFFFFF0CFFFFFFFF0C220000000C5A0000000C570000000C5B0000000A0C3B00000004000000000CFFFFFFFF110D046C6F6F700CFFFFFFFF04FFFFFFFF0CFFFFFFFF0CFFFFFFFF0C390000000C5C000000110D067665
310
727465780CFFFFFFFF04FFFFFFFF0CFFFFFFFF0C2300000004010000000C5D000000110E0873747261696768740D0563757276650CFFFFFFFF04FFFFFFFF0CFFFFFFFF131A70AF9AFF3428C054B3C40A176F224000000000000000001400000000000000000000000000000000000000000000F03F0B0B110D067665727465
310
780CFFFFFFFF04FFFFFFFF0CFFFFFFFF0C2400000004010000000C5E000000110E0873747261696768740D0563757276650CFFFFFFFF04FFFFFFFF0CFFFFFFFF130709D60822E225C0807F639C2742224000000000000000001400000000000000000000000000000000000000000000F03F0B0B110D06636F656467650CFF
310
FFFFFF04FFFFFFFF0CFFFFFFFF0C250000000C5F0000000C600000000C610000000A0C2600000004000000000CFFFFFFFF110D04656467650CFFFFFFFF04FFFFFFFF0CFFFFFFFF0C280000000600000000000000000C6200000006712316120F20EE3F0C390000000C630000000B0707756E6B6E6F776E110D04666163650C
310
6400000004FFFFFFFF0CFFFFFFFF0CFFFFFFFF0C260000000C040000000CFFFFFFFF0C650000000A0B110D05706F696E740CFFFFFFFF04FFFFFFFF0CFFFFFFFF130709D60822E225C0807F639C274222400000000000000000110D05706F696E740CFFFFFFFF04FFFFFFFF0CFFFFFFFF131A70AF9AFF3428C054B3C40A176F
310
22400000000000000000110E09706572737562656E740E1061636164536F6C6964486973746F72790D066174747269620CFFFFFFFF04FFFFFFFF0CFFFFFFFF0CFFFFFFFF0C2B0000000401000000040100000004080000000400000000110D04666163650C6600000004FFFFFFFF0CFFFFFFFF0C670000000C680000000C04
310
0000000CFFFFFFFF0C690000000B0B110D046C6F6F700CFFFFFFFF04FFFFFFFF0CFFFFFFFF0CFFFFFFFF0C6A0000000C2B000000110E04636F6E650D07737572666163650CFFFFFFFF04FFFFFFFF0CFFFFFFFF132995F8B06EF221C084A2215F24CE2940000000000000000014000000000000000000000000000000000000
310
00000000F03F14446F1691E0CC0840F04ACBFDAB19F23F000000000000000006000000000000F03F0B0B06000000000000000006000000000000F03F066966666666660A400B0B0B0B0B110D06636F656467650CFFFFFFFF04FFFFFFFF0CFFFFFFFF0C6B0000000C6C0000000C6D0000000C6E0000000B0C2C000000040000
310
00000CFFFFFFFF110D06636F656467650CFFFFFFFF04FFFFFFFF0CFFFFFFFF0C6F0000000C2E0000000C300000000C4F0000000B0C1A00000004000000000CFFFFFFFF110D06636F656467650CFFFFFFFF04FFFFFFFF0CFFFFFFFF0C2E0000000C6F0000000C6B0000000C700000000A0C1A00000004000000000CFFFFFFFF
310
110D06636F656467650CFFFFFFFF04FFFFFFFF0CFFFFFFFF0C6D0000000C310000000C2E0000000C4D0000000A0C2600000004000000000CFFFFFFFF110D04656467650CFFFFFFFF04FFFFFFFF0CFFFFFFFF0C710000000600000000000000000C5000000006912316120F20EE3F0C2E0000000C720000000B0707756E6B6E
310
6F776E110D06636F656467650CFFFFFFFF04FFFFFFFF0CFFFFFFFF0C300000000C2F0000000C730000000C740000000A0C1100000004000000000CFFFFFFFF110D04656467650CFFFFFFFF04FFFFFFFF0CFFFFFFFF0C500000000600000000000000000C750000000600000000000039400C4A0000000C760000000B070774
310
616E67656E74110D067665727465780CFFFFFFFF04FFFFFFFF0CFFFFFFFF0C4D00000004010000000C77000000110E07656C6C697073650D0563757276650CFFFFFFFF04FFFFFFFF0CFFFFFFFF130F20DAD0FD6624C0DE16E5B6E5AB264000000000000000001400000000000000800000000000000000000000000000F0BF
310
14D0C99EF2D987E83F402DBC1E738CE43F000000000000000006000000000000F03F0A0600000000000000000A0680E32900AF90F83F110D06636F656467650CFFFFFFFF04FFFFFFFF0CFFFFFFFF0C370000000C730000000C330000000C530000000B0C5800000004000000000CFFFFFFFF110D04656467650CFFFFFFFF04
310
FFFFFFFF0CFFFFFFFF0C540000000600000000000000000C3E000000063893881EB143C23F0C330000000C780000000B0707756E6B6E6F776E110D067665727465780CFFFFFFFF04FFFFFFFF0CFFFFFFFF0C3400000004010000000C79000000110E0873747261696768740D0563757276650CFFFFFFFF04FFFFFFFF0CFFFF
310
FFFF133CA4B20E801023C063002A5B502F254000000000000000001400000000000000000000000000000000000000000000F03F0B0B110D05706F696E740CFFFFFFFF04FFFFFFFF0CFFFFFFFF133CA4B20E801023C063002A5B502F25400000000000000000110D06636F656467650CFFFFFFFF04FFFFFFFF0CFFFFFFFF0C
310
7A0000000C370000000C3A0000000C5B0000000B0C5800000004000000000CFFFFFFFF110D046C6F6F700CFFFFFFFF04FFFFFFFF0CFFFFFFFF0CFFFFFFFF0C570000000C7B000000110E07656C6C697073650D0563757276650CFFFFFFFF04FFFFFFFF0CFFFFFFFF1347ADC36838EC26C0EC9FEEA994F72340000000000000
310
39401400000000000000000000000000000000000000000000F0BF14F043DAFE65A1E03FA006B2D8D056EBBF000000000000000006000000000000F03F0B0B110D06636F656467650CFFFFFFFF04FFFFFFFF0CFFFFFFFF0C3A0000000C390000000C7C0000000C7D0000000B0C3B00000004000000000CFFFFFFFF110D0465
310
6467650CFFFFFFFF04FFFFFFFF0CFFFFFFFF0C3C0000000600000000000000000C7E00000006712316120F20EE3F0C3A0000000C7F0000000B0707756E6B6E6F776E110D04666163650C8000000004FFFFFFFF0CFFFFFFFF0C7B0000000C3B0000000C040000000CFFFFFFFF0C810000000B0B110D05706F696E740CFFFFFF
310
FF04FFFFFFFF0CFFFFFFFF131A70AF9AFF3428C054B3C40A176F22400000000000003940110D05706F696E740CFFFFFFFF04FFFFFFFF0CFFFFFFFF130709D60822E225C0807F639C274222400000000000003940110D06636F656467650CFFFFFFFF04FFFFFFFF0CFFFFFFFF0C400000000C820000000C830000000C840000
310
000A0C2600000004000000000CFFFFFFFF110D06636F656467650CFFFFFFFF04FFFFFFFF0CFFFFFFFF0C850000000C7C0000000C400000000C610000000B0C8600000004000000000CFFFFFFFF110D04656467650CFFFFFFFF04FFFFFFFF0CFFFFFFFF0C620000000600000000000000000C8700000006D97A14AE47E10240
310
0C600000000C880000000B0707756E6B6E6F776E110D067665727465780CFFFFFFFF04FFFFFFFF0CFFFFFFFF0C4100000004010000000C89000000110E07656C6C697073650D0563757276650CFFFFFFFF04FFFFFFFF0CFFFFFFFF13D63F0659F7712CC0CE19DBC7BDBF1A4000000000000000001400000000000000000000
310
000000000000000000000000F03F14F03E5BF9DEF30040B4995C9BE03C0440000000000000000006000000000000F03F0A0600000000000000000A06712316120F20EE3F110E09706572737562656E740E1061636164536F6C6964486973746F72790D066174747269620CFFFFFFFF04FFFFFFFF0CFFFFFFFF0CFFFFFFFF0C
310
42000000040100000004010000000400CA9A3B0401000000110E05706C616E650D07737572666163650CFFFFFFFF04FFFFFFFF0CFFFFFFFF1307D874C33994A63C7745504CAE6FEABC00000000000000001400000000000000000000000000000000000000000000F03F14000000000000F03F000000000000000000000000
310
000000000B0B0B0B0B110E09706572737562656E740E1061636164536F6C6964486973746F72790D066174747269620CFFFFFFFF04FFFFFFFF0CFFFFFFFF0CFFFFFFFF0C460000000401000000040100000004090000000400000000110D04666163650C8A00000004FFFFFFFF0CFFFFFFFF0C8B0000000C8C0000000C0400
310
00000CFFFFFFFF0C8D0000000B0B110D046C6F6F700CFFFFFFFF04FFFFFFFF0CFFFFFFFF0CFFFFFFFF0C8E0000000C46000000110E04636F6E650D07737572666163650CFFFFFFFF04FFFFFFFF0CFFFFFFFF132218919E79BC13C025812A72DEC02C4000000000000000001400000000000000000000000000000000000000
310
000000F03F140022B0DB6E73973FD0E090FBD9FDEFBF000000000000000006000000000000F03F0B0B06000000000000000006000000000000F0BF06070000000000F03F0B0B0B0B0B110D06636F656467650CFFFFFFFF04FFFFFFFF0CFFFFFFFF0C8F0000000C900000000C910000000C920000000B0C4700000004000000
310
000CFFFFFFFF110D06636F656467650CFFFFFFFF04FFFFFFFF0CFFFFFFFF0C930000000C490000000C4B0000000C700000000B0C2C00000004000000000CFFFFFFFF110D06636F656467650CFFFFFFFF04FFFFFFFF0CFFFFFFFF0C490000000C930000000C8F0000000C940000000A0C2C00000004000000000CFFFFFFFF11
310
0D06636F656467650CFFFFFFFF04FFFFFFFF0CFFFFFFFF0C910000000C4C0000000C490000000C6E0000000A0C2600000004000000000CFFFFFFFF110D04656467650CFFFFFFFF04FFFFFFFF0CFFFFFFFF0C950000000600000000000000000C7100000006DF7A14AE47E102400C490000000C960000000B0707756E6B6E6F
310
776E110D06636F656467650CFFFFFFFF04FFFFFFFF0CFFFFFFFF0C4B0000000C4A0000000C970000000C980000000A0C1A00000004000000000CFFFFFFFF110D04656467650CFFFFFFFF04FFFFFFFF0CFFFFFFFF0C710000000600000000000000000C990000000600000000000039400C6B0000000C9A0000000B0707756E
310
6B6E6F776E110D067665727465780CFFFFFFFF04FFFFFFFF0CFFFFFFFF0C6E00000004010000000C9B000000110E07656C6C697073650D0563757276650CFFFFFFFF04FFFFFFFF0CFFFFFFFF130E1AB215909E1BC064A927A7A4312C4000000000000000001400000000000000800000000000000000000000000000F03F14
310
F43DD2DB039E09C06048C2251B86E93F000000000000000006000000000000F03F0A0600000000000000000A06912316120F20EE3F110D06636F656467650CFFFFFFFF04FFFFFFFF0CFFFFFFFF0C520000000C970000000C4E0000000C740000000B0C5800000004000000000CFFFFFFFF110D04656467650CFFFFFFFF04FF
310
FFFFFF0CFFFFFFFF0C750000000600000000000000000C540000000680E32900AF90F83F0C4E0000000C9C0000000B0707756E6B6E6F776E110D067665727465780CFFFFFFFF04FFFFFFFF0CFFFFFFFF0C4F00000004010000000C9D000000110E0873747261696768740D0563757276650CFFFFFFFF04FFFFFFFF0CFFFFFF
310
FF137233B03180DE22C0B2D9D0E8ACF4274000000000000000001400000000000000000000000000000000000000000000F03F0B0B110D05706F696E740CFFFFFFFF04FFFFFFFF0CFFFFFFFF137233B03180DE22C0B2D9D0E8ACF427400000000000000000110E07656C6C697073650D0563757276650CFFFFFFFF04FFFFFF
310
FF0CFFFFFFFF13000000000000403D000000000080313D00000000000039401400000000000000000000000000000000000000000000F03F147CA4B20E801023C03F002A5B502F2540000000000000000006000000000000F03F0B0B110D05706F696E740CFFFFFFFF04FFFFFFFF0CFFFFFFFF133CA4B20E801023C063002A
310
5B502F25400000000000003940110D06636F656467650CFFFFFFFF04FFFFFFFF0CFFFFFFFF0C9E0000000C570000000C9F0000000CA00000000B0C5800000004000000000CFFFFFFFF110D04666163650CA100000004FFFFFFFF0CFFFFFFFF0C420000000C580000000C040000000CFFFFFFFF0CA20000000B0B110D06636F
310
656467650CFFFFFFFF04FFFFFFFF0CFFFFFFFF0C600000000C9F0000000C5A0000000C7D0000000A0C8600000004000000000CFFFFFFFF110D04656467650CFFFFFFFF04FFFFFFFF0CFFFFFFFF0C620000000600000000000000000C7E0000000600000000000039400C5A0000000CA30000000B0707756E6B6E6F776E110D
310
067665727465780CFFFFFFFF04FFFFFFFF0CFFFFFFFF0C7D00000004010000000CA4000000110E07656C6C697073650D0563757276650CFFFFFFFF04FFFFFFFF0CFFFFFFFF13D63F0659F7712CC0CE19DBC7BDBF1A4000000000000039401400000000000000000000000000000000000000000000F03F14F03E5BF9DEF300
310
40B4995C9BE03C0440000000000000000006000000000000F03F0B0B110E09706572737562656E740E1061636164536F6C6964486973746F72790D066174747269620CFFFFFFFF04FFFFFFFF0CFFFFFFFF0CFFFFFFFF0C5C0000000401000000040100000004010000000400000000110E04636F6E650D0773757266616365
310
0CFFFFFFFF04FFFFFFFF0CFFFFFFFF13D63F0659F7712CC0CE19DBC7BDBF1A4000000000000000001400000000000000000000000000000000000000000000F03F14F03E5BF9DEF30040B4995C9BE03C0440000000000000000006000000000000F03F0B0B06000000000000000006000000000000F03F068E66666666660A
310
400B0B0B0B0B110D06636F656467650CFFFFFFFF04FFFFFFFF0CFFFFFFFF0C5F0000000CA50000000CA60000000CA70000000A0C2600000004000000000CFFFFFFFF110D06636F656467650CFFFFFFFF04FFFFFFFF0CFFFFFFFF0CA80000000CA90000000C5F0000000C840000000B0CAA00000004000000000CFFFFFFFF11
310
0D04656467650CFFFFFFFF04FFFFFFFF0CFFFFFFFF0C870000000600000000000000000CAB00000006A22316120F20EE3F0C830000000CAC0000000B0707756E6B6E6F776E110D06636F656467650CFFFFFFFF04FFFFFFFF0CFFFFFFFF0C9F0000000C600000000CA90000000CAD0000000B0C8600000004000000000CFFFF
310
FFFF110D046C6F6F700CFFFFFFFF04FFFFFFFF0CFFFFFFFF0CFFFFFFFF0C600000000CAE000000110D067665727465780CFFFFFFFF04FFFFFFFF0CFFFFFFFF0C6100000004010000000CAF000000110E0873747261696768740D0563757276650CFFFFFFFF04FFFFFFFF0CFFFFFFFF135264620B590A2EC06E1CE2DA5FC723
310
400000000000000000140F0000000000E0BFA24C58E87AB6EBBF00000000000000000A0600000000000000000A06D97A14AE47E10240110D05706F696E740CFFFFFFFF04FFFFFFFF0CFFFFFFFF135264620B590A2EC0701CE2DA5FC723400000000000000000110E09706572737562656E740E1061636164536F6C69644869
310
73746F72790D066174747269620CFFFFFFFF04FFFFFFFF0CFFFFFFFF0CFFFFFFFF0C6700000004010000000401000000040A0000000400000000110D04666163650CB000000004FFFFFFFF0CFFFFFFFF0CB10000000CB20000000C040000000CFFFFFFFF0CB30000000B0B110D046C6F6F700CFFFFFFFF04FFFFFFFF0CFFFF
310
FFFF0CFFFFFFFF0CB40000000C67000000110E04636F6E650D07737572666163650CFFFFFFFF04FFFFFFFF0CFFFFFFFF1300000000008046BD000000000050613D00000000000000001400000000000000000000000000000000000000000000F03F144816E7C1EBAB07C042177F4BFAE02B40000000000000000006000000
310
000000F03F0B0B06000000000000000006000000000000F03F06DFFEFFFFFF7F2C400B0B0B0B0B110D06636F656467650CFFFFFFFF04FFFFFFFF0CFFFFFFFF0CB50000000CB60000000CB70000000CB80000000B0C6800000004000000000CFFFFFFFF110D06636F656467650CFFFFFFFF04FFFFFFFF0CFFFFFFFF0CB90000
310
000C6A0000000C6C0000000C940000000B0C4700000004000000000CFFFFFFFF110D06636F656467650CFFFFFFFF04FFFFFFFF0CFFFFFFFF0C6A0000000CB90000000CB50000000CBA0000000A0C4700000004000000000CFFFFFFFF110D06636F656467650CFFFFFFFF04FFFFFFFF0CFFFFFFFF0CB70000000C6D0000000C
310
6A0000000C920000000A0C2600000004000000000CFFFFFFFF110D04656467650CFFFFFFFF04FFFFFFFF0CFFFFFFFF0CBB0000000600000000000000000C95000000068E2316120F20EE3F0C6A0000000CBC0000000B0707756E6B6E6F776E110D06636F656467650CFFFFFFFF04FFFFFFFF0CFFFFFFFF0C6C0000000C6B00
310
00000CBD0000000CBE0000000A0C2C00000004000000000CFFFFFFFF110D04656467650CFFFFFFFF04FFFFFFFF0CFFFFFFFF0C950000000600000000000000000CBF0000000600000000000039400C8F0000000CC00000000B0707756E6B6E6F776E110D067665727465780CFFFFFFFF04FFFFFFFF0CFFFFFFFF0C92000000
310
04010000000CC1000000110E0873747261696768740D0563757276650CFFFFFFFF04FFFFFFFF0CFFFFFFFF13721B2C70592020C0A22EA3A717133040000000000000000014AF4C58E87AB6EBBFEFFFFFFFFFFFDFBF00000000000000000A0600000000000000000A06DF7A14AE47E10240110D06636F656467650CFFFFFFFF
310
04FFFFFFFF0CFFFFFFFF0C730000000CBD0000000C6F0000000C980000000B0C5800000004000000000CFFFFFFFF110D04656467650CFFFFFFFF04FFFFFFFF0CFFFFFFFF0C990000000600000000000000000C7500000006912316120F20EE3F0C6F0000000CC20000000B0707756E6B6E6F776E110D067665727465780CFF
310
FFFFFF04FFFFFFFF0CFFFFFFFF0C7000000004010000000CC3000000110E0873747261696768740D0563757276650CFFFFFFFF04FFFFFFFF0CFFFFFFFF13849CCD01C93624C0EACD835906CA2D4000000000000000001400000000000000000000000000000000000000000000F03F0B0B110D05706F696E740CFFFFFFFF04
310
FFFFFFFF0CFFFFFFFF13849CCD01C93624C0EACD835906CA2D400000000000000000110E07656C6C697073650D0563757276650CFFFFFFFF04FFFFFFFF0CFFFFFFFF130F20DAD0FD6624C0DE16E5B6E5AB264000000000000039401400000000000000000000000000000000000000000000F0BF14D0C99EF2D987E83F402D
310
BC1E738CE43F000000000000000006000000000000F03F0B0B110D05706F696E740CFFFFFFFF04FFFFFFFF0CFFFFFFFF137233B03180DE22C0B2D9D0E8ACF427400000000000003940110D06636F656467650CFFFFFFFF04FFFFFFFF0CFFFFFFFF0CC40000000C7A0000000CC50000000CC60000000B0C5800000004000000
310
000CFFFFFFFF110D06636F656467650CFFFFFFFF04FFFFFFFF0CFFFFFFFF0C7C0000000C850000000C7A0000000CA00000000A0C8600000004000000000CFFFFFFFF110D04656467650CFFFFFFFF04FFFFFFFF0CFFFFFFFF0C7E0000000600000000000000000CC700000006D97A14AE47E102400C9F0000000CC80000000B
310
0707756E6B6E6F776E110E09706572737562656E740E1061636164536F6C6964486973746F72790D066174747269620CFFFFFFFF04FFFFFFFF0CFFFFFFFF0CFFFFFFFF0C7B000000040100000004010000000400CA9A3B0402000000110E05706C616E650D07737572666163650CFFFFFFFF04FFFFFFFF0CFFFFFFFF1307D8
310
74C33994A63C7745504CAE6FEABC00000000000039401400000000000000000000000000000000000000000000F03F14000000000000F03F000000000000000000000000000000000B0B0B0B0B110E0873747261696768740D0563757276650CFFFFFFFF04FFFFFFFF0CFFFFFFFF135264620B590A2EC0701CE2DA5FC72340
310
00000000000000001400000000000000000000000000000000000000000000F03F0B0B110D05706F696E740CFFFFFFFF04FFFFFFFF0CFFFFFFFF135264620B590A2EC0701CE2DA5FC723400000000000003940110D06636F656467650CFFFFFFFF04FFFFFFFF0CFFFFFFFF0C820000000CC90000000CCA0000000CCB000000
310
0A0C2600000004000000000CFFFFFFFF110D06636F656467650CFFFFFFFF04FFFFFFFF0CFFFFFFFF0CCC0000000CCD0000000C820000000CA70000000B0CCE00000004000000000CFFFFFFFF110D04656467650CFFFFFFFF04FFFFFFFF0CFFFFFFFF0CAB0000000600000000000000000CCF0000000671E32900AF90F83F0C
310
A60000000CD00000000B0707756E6B6E6F776E110D06636F656467650CFFFFFFFF04FFFFFFFF0CFFFFFFFF0CC50000000C830000000CCD0000000CD10000000B0CAA00000004000000000CFFFFFFFF110D06636F656467650CFFFFFFFF04FFFFFFFF0CFFFFFFFF0C830000000CC50000000C850000000CAD0000000A0CAA00
310
000004000000000CFFFFFFFF110D046C6F6F700CFFFFFFFF04FFFFFFFF0CFFFFFFFF0CFFFFFFFF0C830000000CD2000000110D067665727465780CFFFFFFFF04FFFFFFFF0CFFFFFFFF0C8400000004010000000CD3000000110E07656C6C697073650D0563757276650CFFFFFFFF04FFFFFFFF0CFFFFFFFF13EF380011770E
310
2AC00F150D8A0583214000000000000000001400000000000000800000000000000080000000000000F03F1404EB92C02B6009C0F09AC70C5421EDBF000000000000000006000000000000F03F0A0600000000000000000A06A22316120F20EE3F110D04656467650CFFFFFFFF04FFFFFFFF0CFFFFFFFF0C87000000060000
310
0000000000000CC70000000600000000000039400C850000000CD40000000B0707756E6B6E6F776E110D04666163650CD500000004FFFFFFFF0CFFFFFFFF0C5C0000000C860000000C040000000CFFFFFFFF0CD60000000B0B110D05706F696E740CFFFFFFFF04FFFFFFFF0CFFFFFFFF13D8799200413330C0C0368192E061
310
1F400000000000000000110E09706572737562656E740E1061636164536F6C6964486973746F72790D066174747269620CFFFFFFFF04FFFFFFFF0CFFFFFFFF0CFFFFFFFF0C8B00000004010000000401000000040B0000000400000000110D04666163650CD700000004FFFFFFFF0CFFFFFFFF0CD80000000CD90000000C04
310
0000000CFFFFFFFF0CDA0000000B0B110D046C6F6F700CFFFFFFFF04FFFFFFFF0CFFFFFFFF0CFFFFFFFF0CDB0000000C8B000000110E04636F6E650D07737572666163650CFFFFFFFF04FFFFFFFF0CFFFFFFFF13E30290B42D5509C0032C3779D1D52D40000000000000000014000000000000000000000000000000000000
310
00000000F03F146C81B353BC84EF3FC02A2090071FC63F000000000000000006000000000000F03F0B0B06000000000000000006000000000000F0BF060C0000000000F03F0B0B0B0B0B110D06636F656467650CFFFFFFFF04FFFFFFFF0CFFFFFFFF0CDC0000000CDD0000000CDE0000000CDF0000000B0C8C000000040000
310
00000CFFFFFFFF110D06636F656467650CFFFFFFFF04FFFFFFFF0CFFFFFFFF0CE00000000C8E0000000C900000000CBA0000000B0C6800000004000000000CFFFFFFFF110D06636F656467650CFFFFFFFF04FFFFFFFF0CFFFFFFFF0C8E0000000CE00000000CDC0000000CE10000000A0C6800000004000000000CFFFFFFFF
310
110D06636F656467650CFFFFFFFF04FFFFFFFF0CFFFFFFFF0CDE0000000C910000000C8E0000000CB80000000A0C2600000004000000000CFFFFFFFF110D04656467650CFFFFFFFF04FFFFFFFF0CFFFFFFFF0CE20000000600000000000000000CBB00000006A869E36B95E6F33F0C8E0000000CE30000000B0707756E6B6E
310
6F776E110D06636F656467650CFFFFFFFF04FFFFFFFF0CFFFFFFFF0C900000000C8F0000000CE40000000CE50000000A0C4700000004000000000CFFFFFFFF110D04656467650CFFFFFFFF04FFFFFFFF0CFFFFFFFF0CBB0000000600000000000000000CE60000000600000000000039400CB50000000CE70000000B070774
310
616E67656E74110D067665727465780CFFFFFFFF04FFFFFFFF0CFFFFFFFF0CB800000004010000000CE8000000110E07656C6C697073650D0563757276650CFFFFFFFF04FFFFFFFF0CFFFFFFFF132995F8B06EF221C084A2215F24CE294000000000000000001400000000000000000000000000000000000000000000F03F
310
14446F1691E0CC0840F04ACBFDAB19F23F000000000000000006000000000000F03F0A0600000000000000000A068E2316120F20EE3F110D06636F656467650CFFFFFFFF04FFFFFFFF0CFFFFFFFF0C970000000CE40000000C930000000CBE0000000B0C5800000004000000000CFFFFFFFF110D04656467650CFFFFFFFF04
310
FFFFFFFF0CFFFFFFFF0CBF0000000600000000000000000C9900000006DF7A14AE47E102400C930000000CE90000000B0707756E6B6E6F776E110D067665727465780CFFFFFFFF04FFFFFFFF0CFFFFFFFF0C9400000004010000000CEA000000110E0873747261696768740D0563757276650CFFFFFFFF04FFFFFFFF0CFFFF
310
FFFF13721B2C70592020C0A22EA3A71713304000000000000000001400000000000000000000000000000000000000000000F03F0B0B110D05706F696E740CFFFFFFFF04FFFFFFFF0CFFFFFFFF13721B2C70592020C0A22EA3A7171330400000000000000000110E07656C6C697073650D0563757276650CFFFFFFFF04FFFF
310
FFFF0CFFFFFFFF130E1AB215909E1BC064A927A7A4312C4000000000000039401400000000000000000000000000000000000000000000F03F14F43DD2DB039E09C06048C2251B86E93F000000000000000006000000000000F03F0B0B110D05706F696E740CFFFFFFFF04FFFFFFFF0CFFFFFFFF13849CCD01C93624C0EACD
310
835906CA2D400000000000003940110D06636F656467650CFFFFFFFF04FFFFFFFF0CFFFFFFFF0CEB0000000C9E0000000CEC0000000CED0000000B0C5800000004000000000CFFFFFFFF110D06636F656467650CFFFFFFFF04FFFFFFFF0CFFFFFFFF0CA90000000CA80000000C9E0000000CC60000000A0CAA000000040000
310
00000CFFFFFFFF110D04656467650CFFFFFFFF04FFFFFFFF0CFFFFFFFF0CC70000000600000000000000000CEE00000006A22316120F20EE3F0CC50000000CEF0000000B0707756E6B6E6F776E110D067665727465780CFFFFFFFF04FFFFFFFF0CFFFFFFFF0CAD00000004010000000CF0000000110E087374726169676874
310
0D0563757276650CFFFFFFFF04FFFFFFFF0CFFFFFFFF135264620B590A2EC06E1CE2DA5FC723400000000000003940140F0000000000E0BFA24C58E87AB6EBBF00000000000000000B0B110D06636F656467650CFFFFFFFF04FFFFFFFF0CFFFFFFFF0CA50000000CF10000000CF20000000CF30000000A0C26000000040000
310
00000CFFFFFFFF110D06636F656467650CFFFFFFFF04FFFFFFFF0CFFFFFFFF0CF40000000CF50000000CA50000000CCB0000000B0CF600000004000000000CFFFFFFFF110D04656467650CFFFFFFFF04FFFFFFFF0CFFFFFFFF0CCF0000000600000000000000000CF700000006C892881EB143C23F0CCA0000000CF8000000
310
0B0707756E6B6E6F776E110D06636F656467650CFFFFFFFF04FFFFFFFF0CFFFFFFFF0CEC0000000CA60000000CF50000000CF90000000B0CCE00000004000000000CFFFFFFFF110D06636F656467650CFFFFFFFF04FFFFFFFF0CFFFFFFFF0CA60000000CEC0000000CA80000000CD10000000A0CCE00000004000000000CFF
310
FFFFFF110D046C6F6F700CFFFFFFFF04FFFFFFFF0CFFFFFFFF0CFFFFFFFF0CA60000000CFA000000110D067665727465780CFFFFFFFF04FFFFFFFF0CFFFFFFFF0CA700000004010000000CFB000000110E07656C6C697073650D0563757276650CFFFFFFFF04FFFFFFFF0CFFFFFFFF139717092431012DC0F117BA50A7DD12
310
4000000000000000001400000000000000800000000000000080000000000000F0BF14E0A8EE6992F0D53F88D4A6D69B0FEE3F000000000000000006000000000000F03F0A0600000000000000000A0671E32900AF90F83F110D04656467650CFFFFFFFF04FFFFFFFF0CFFFFFFFF0CAB0000000600000000000000000CEE00
310
00000600000000000039400CA80000000CFC0000000B070774616E67656E74110D04666163650CFD00000004FFFFFFFF0CFFFFFFFF0CAE0000000CAA0000000C040000000CFFFFFFFF0CFE0000000B0B110D05706F696E740CFFFFFFFF04FFFFFFFF0CFFFFFFFF1351A2B990AC512CC082F28ECB9A9F164000000000000000
310
00110E0873747261696768740D0563757276650CFFFFFFFF04FFFFFFFF0CFFFFFFFF13D8799200413330C0C0368192E0611F4000000000000000001400000000000000000000000000000000000000000000F03F0B0B110E09706572737562656E740E1061636164536F6C6964486973746F72790D066174747269620CFFFF
310
FFFF04FFFFFFFF0CFFFFFFFF0CFFFFFFFF0CAE0000000402000000040100000004530000000400000000040100000004540000000400000000110E05706C616E650D07737572666163650CFFFFFFFF04FFFFFFFF0CFFFFFFFF135264620B590A2EC06E1CE2DA5FC72340000000000000000014A24C58E87AB6EBBF0F000000
310
0000E03F0000000000000000140F0000000000E0BFA24C58E87AB6EBBF00000000000000000B0B0B0B0B110E09706572737562656E740E1061636164536F6C6964486973746F72790D066174747269620CFFFFFFFF04FFFFFFFF0CFFFFFFFF0CFFFFFFFF0CB100000004010000000401000000040C0000000400000000110D
310
04666163650CFF00000004FFFFFFFF0CFFFFFFFF0C000100000C010100000C040000000CFFFFFFFF0C020100000B0B110D046C6F6F700CFFFFFFFF04FFFFFFFF0CFFFFFFFF0CFFFFFFFF0C030100000CB1000000110E04636F6E650D07737572666163650CFFFFFFFF04FFFFFFFF0CFFFFFFFF13C2833BB16C19F13F1422E6
310
944D522F4000000000000000001400000000000000000000000000000000000000000000F03F14115922F7A4FE02C03057A0D8AE550240000000000000000006000000000000F03F0B0B06000000000000000006000000000000F03F068766666666660A400B0B0B0B0B110D06636F656467650CFFFFFFFF04FFFFFFFF0CFF
310
FFFFFF0C040100000C050100000C060100000C070100000B0CB200000004000000000CFFFFFFFF110D06636F656467650CFFFFFFFF04FFFFFFFF0CFFFFFFFF0C080100000CB40000000CB60000000CE10000000B0C8C00000004000000000CFFFFFFFF110D06636F656467650CFFFFFFFF04FFFFFFFF0CFFFFFFFF0CB40000
310
000C080100000C040100000C090100000A0C8C00000004000000000CFFFFFFFF110D06636F656467650CFFFFFFFF04FFFFFFFF0CFFFFFFFF0C060100000CB70000000CB40000000CDF0000000A0C2600000004000000000CFFFFFFFF110D04656467650CFFFFFFFF04FFFFFFFF0CFFFFFFFF0C0A0100000600000000000000
310
000CE2000000063694881EB143C23F0CB40000000C0B0100000B0707756E6B6E6F776E110D06636F656467650CFFFFFFFF04FFFFFFFF0CFFFFFFFF0CB60000000CB50000000C0C0100000C0D0100000A0C6800000004000000000CFFFFFFFF110D04656467650CFFFFFFFF04FFFFFFFF0CFFFFFFFF0CE20000000600000000
310
000000000C0E0100000600000000000039400CDC0000000C0F0100000B0707756E6B6E6F776E110D067665727465780CFFFFFFFF04FFFFFFFF0CFFFFFFFF0CDF00000004010000000C10010000110E07656C6C697073650D0563757276650CFFFFFFFF04FFFFFFFF0CFFFFFFFF132218919E79BC13C025812A72DEC02C4000
310
000000000000001400000000000000000000000000000000000000000000F0BF140022B0DB6E73973FD0E090FBD9FDEFBF000000000000000006000000000000F03F0A0600000000000000000A06A869E36B95E6F33F110D06636F656467650CFFFFFFFF04FFFFFFFF0CFFFFFFFF0CBD0000000C0C0100000CB90000000CE5
310
0000000B0C5800000004000000000CFFFFFFFF110D04656467650CFFFFFFFF04FFFFFFFF0CFFFFFFFF0CE60000000600000000000000000CBF000000068E2316120F20EE3F0CB90000000C110100000B0707756E6B6E6F776E110D067665727465780CFFFFFFFF04FFFFFFFF0CFFFFFFFF0CBA00000004010000000C120100
310
00110E0873747261696768740D0563757276650CFFFFFFFF04FFFFFFFF0CFFFFFFFF13B2F265196D7E17C0E20BDBDE59112C4000000000000000001400000000000000000000000000000000000000000000F03F0B0B110D05706F696E740CFFFFFFFF04FFFFFFFF0CFFFFFFFF13B2F265196D7E17C0E20BDBDE59112C4000
310
00000000000000110E0873747261696768740D0563757276650CFFFFFFFF04FFFFFFFF0CFFFFFFFF13721B2C70592020C0A22EA3A717133040000000000000394014AF4C58E87AB6EBBFEFFFFFFFFFFFDFBF00000000000000000B0B110D05706F696E740CFFFFFFFF04FFFFFFFF0CFFFFFFFF13721B2C70592020C0A22EA3
310
A7171330400000000000003940110D06636F656467650CFFFFFFFF04FFFFFFFF0CFFFFFFFF0C130100000CC40000000C140100000C150100000B0C5800000004000000000CFFFFFFFF110D06636F656467650CFFFFFFFF04FFFFFFFF0CFFFFFFFF0CCD0000000CCC0000000CC40000000CED0000000A0CCE00000004000000
310
000CFFFFFFFF110D04656467650CFFFFFFFF04FFFFFFFF0CFFFFFFFF0CEE0000000600000000000000000C160100000671E32900AF90F83F0CEC0000000C170100000B0707756E6B6E6F776E110D067665727465780CFFFFFFFF04FFFFFFFF0CFFFFFFFF0CD100000004010000000C18010000110E07656C6C697073650D05
310
63757276650CFFFFFFFF04FFFFFFFF0CFFFFFFFF13EF380011770E2AC00F150D8A0583214000000000000039401400000000000000000000000000000000000000000000F03F1404EB92C02B6009C0F09AC70C5421EDBF000000000000000006000000000000F03F0B0B110D05706F696E740CFFFFFFFF04FFFFFFFF0CFFFF
310
FFFF13D8799200413330C0C0368192E0611F400000000000003940110D06636F656467650CFFFFFFFF04FFFFFFFF0CFFFFFFFF0CC90000000C190100000C1A0100000C1B0100000A0C2600000004000000000CFFFFFFFF110D06636F656467650CFFFFFFFF04FFFFFFFF0CFFFFFFFF0C1C0100000C1D0100000CC90000000C
310
F30000000B0C1E01000004000000000CFFFFFFFF110D04656467650CFFFFFFFF04FFFFFFFF0CFFFFFFFF0CF70000000600000000000000000C1F01000006236AE36B95E6F33F0CF20000000C200100000B0707756E6B6E6F776E110D06636F656467650CFFFFFFFF04FFFFFFFF0CFFFFFFFF0C140100000CCA0000000C1D01
310
00000C210100000B0CF600000004000000000CFFFFFFFF110D06636F656467650CFFFFFFFF04FFFFFFFF0CFFFFFFFF0CCA0000000C140100000CCC0000000CF90000000A0CF600000004000000000CFFFFFFFF110D046C6F6F700CFFFFFFFF04FFFFFFFF0CFFFFFFFF0CFFFFFFFF0CCA0000000C22010000110D0676657274
310
65780CFFFFFFFF04FFFFFFFF0CFFFFFFFF0CCB00000004010000000C23010000110E07656C6C697073650D0563757276650CFFFFFFFF04FFFFFFFF0CFFFFFFFF130000000000E0593D0000000000C02EBD00000000000000001400000000000000800000000000000000000000000000F03F141BC7A34B4B1A2BC076E89879
310
F4A01140000000000000000006000000000000F03F0A0600000000000000000A06C892881EB143C23F110D04656467650CFFFFFFFF04FFFFFFFF0CFFFFFFFF0CCF0000000600000000000000000C160100000600000000000039400CCC0000000C240100000B070774616E67656E74110D04666163650C2501000004FFFFFF
310
FF0CFFFFFFFF0CD20000000CCE0000000C040000000CFFFFFFFF0C260100000B0B110D05706F696E740CFFFFFFFF04FFFFFFFF0CFFFFFFFF134BC6A34B4B1A2BC038E89879F4A011400000000000000000110E0873747261696768740D0563757276650CFFFFFFFF04FFFFFFFF0CFFFFFFFF1351A2B990AC512CC082F28ECB
310
9A9F164000000000000000001400000000000000000000000000000000000000000000F03F0B0B110E09706572737562656E740E1061636164536F6C6964486973746F72790D066174747269620CFFFFFFFF04FFFFFFFF0CFFFFFFFF0CFFFFFFFF0CD20000000401000000040100000004520000000400000000110E04636F
310
6E650D07737572666163650CFFFFFFFF04FFFFFFFF0CFFFFFFFF13EF380011770E2AC00F150D8A0583214000000000000000001400000000000000000000000000000000000000000000F03F1404EB92C02B6009C0F09AC70C5421EDBF000000000000000006000000000000F03F0B0B060000000000000000060000000000
310
00F03F066466666666660A400B0B0B0B0B110E09706572737562656E740E1061636164536F6C6964486973746F72790D066174747269620CFFFFFFFF04FFFFFFFF0CFFFFFFFF0CFFFFFFFF0CD800000004020000000401000000040D00000004000000000401000000040E0000000400000000110D04666163650C27010000
310
04FFFFFFFF0CFFFFFFFF0C280100000C290100000C040000000CFFFFFFFF0C2A0100000B0B110D046C6F6F700CFFFFFFFF04FFFFFFFF0CFFFFFFFF0CFFFFFFFF0C2B0100000CD8000000110E05706C616E650D07737572666163650CFFFFFFFF04FFFFFFFF0CFFFFFFFF1360C71F1FB2DEF03FF01B87A5DCF3314000000000
310
00000000140000000000000000000000000000F03F000000000000008014000000000000F0BF000000000000000000000000000000000B0B0B0B0B110D06636F656467650CFFFFFFFF04FFFFFFFF0CFFFFFFFF0C2C0100000C2D0100000C2E0100000C2F0100000B0CD900000004000000000CFFFFFFFF110D06636F656467
310
650CFFFFFFFF04FFFFFFFF0CFFFFFFFF0C300100000CDB0000000CDD0000000C090100000B0CB200000004000000000CFFFFFFFF110D06636F656467650CFFFFFFFF04FFFFFFFF0CFFFFFFFF0CDB0000000C300100000C2C0100000C310100000A0CB200000004000000000CFFFFFFFF110D06636F656467650CFFFFFFFF04
310
FFFFFFFF0CFFFFFFFF0C2E0100000CDE0000000CDB0000000C070100000A0C2600000004000000000CFFFFFFFF110D04656467650CFFFFFFFF04FFFFFFFF0CFFFFFFFF0C320100000600000000000000000C0A0100000698E32900AF90F83F0CDB0000000C330100000B0707756E6B6E6F776E110D06636F656467650CFFFF
310
FFFF04FFFFFFFF0CFFFFFFFF0CDD0000000CDC0000000C340100000C350100000A0C8C00000004000000000CFFFFFFFF110D04656467650CFFFFFFFF04FFFFFFFF0CFFFFFFFF0C0A0100000600000000000000000C360100000600000000000039400C040100000C370100000B070774616E67656E74110D06766572746578
310
0CFFFFFFFF04FFFFFFFF0CFFFFFFFF0C0701000004010000000C38010000110E07656C6C697073650D0563757276650CFFFFFFFF04FFFFFFFF0CFFFFFFFF1300000000008046BD000000000050613D00000000000000001400000000000000800000000000000000000000000000F03F144816E7C1EBAB07C042177F4BFAE0
310
2B40000000000000000006000000000000F03F0A0600000000000000000A063694881EB143C23F110D06636F656467650CFFFFFFFF04FFFFFFFF0CFFFFFFFF0CE40000000C340100000CE00000000C0D0100000B0C5800000004000000000CFFFFFFFF110D04656467650CFFFFFFFF04FFFFFFFF0CFFFFFFFF0C0E01000006
310
00000000000000000CE600000006A869E36B95E6F33F0CE00000000C390100000B0707756E6B6E6F776E110D067665727465780CFFFFFFFF04FFFFFFFF0CFFFFFFFF0CE100000004010000000C3A010000110E0873747261696768740D0563757276650CFFFFFFFF04FFFFFFFF0CFFFFFFFF13FF67B52F06A513C0177371D2
310
00C12A4000000000000000001400000000000000000000000000000000000000000000F03F0B0B110D05706F696E740CFFFFFFFF04FFFFFFFF0CFFFFFFFF13FF67B52F06A513C0177371D200C12A400000000000000000110E07656C6C697073650D0563757276650CFFFFFFFF04FFFFFFFF0CFFFFFFFF132995F8B06EF221
310
C084A2215F24CE294000000000000039401400000000000000000000000000000000000000000000F03F14446F1691E0CC0840F04ACBFDAB19F23F000000000000000006000000000000F03F0B0B110D05706F696E740CFFFFFFFF04FFFFFFFF0CFFFFFFFF13B2F265196D7E17C0E20BDBDE59112C40000000000000394011
310
0D06636F656467650CFFFFFFFF04FFFFFFFF0CFFFFFFFF0C3B0100000CEB0000000C3C0100000C3D0100000B0C5800000004000000000CFFFFFFFF110D06636F656467650CFFFFFFFF04FFFFFFFF0CFFFFFFFF0CF50000000CF40000000CEB0000000C150100000A0CF600000004000000000CFFFFFFFF110D04656467650C
310
FFFFFFFF04FFFFFFFF0CFFFFFFFF0C160100000600000000000000000C3E01000006C892881EB143C23F0C140100000C3F0100000B0707756E6B6E6F776E110D067665727465780CFFFFFFFF04FFFFFFFF0CFFFFFFFF0CF900000004010000000C40010000110E07656C6C697073650D0563757276650CFFFFFFFF04FFFFFF
310
FF0CFFFFFFFF139717092431012DC0F117BA50A7DD124000000000000039401400000000000000800000000000000080000000000000F0BF14E0A8EE6992F0D53F88D4A6D69B0FEE3F000000000000000006000000000000F03F0B0B110D05706F696E740CFFFFFFFF04FFFFFFFF0CFFFFFFFF1351A2B990AC512CC082F28E
310
CB9A9F16400000000000003940110D06636F656467650CFFFFFFFF04FFFFFFFF0CFFFFFFFF0CF10000000C410100000C420100000C430100000A0C2600000004000000000CFFFFFFFF110D06636F656467650CFFFFFFFF04FFFFFFFF0CFFFFFFFF0C440100000C450100000CF10000000C1B0100000B0C4601000004000000
310
000CFFFFFFFF110D04656467650CFFFFFFFF04FFFFFFFF0CFFFFFFFF0C1F0100000600000000000000000C4701000006792316120F20EE3F0C1A0100000C480100000B0707756E6B6E6F776E110D06636F656467650CFFFFFFFF04FFFFFFFF0CFFFFFFFF0C3C0100000CF20000000C450100000C490100000B0C1E01000004
310
000000000CFFFFFFFF110D06636F656467650CFFFFFFFF04FFFFFFFF0CFFFFFFFF0CF20000000C3C0100000CF40000000C210100000A0C1E01000004000000000CFFFFFFFF110D046C6F6F700CFFFFFFFF04FFFFFFFF0CFFFFFFFF0CFFFFFFFF0CF20000000C4A010000110D067665727465780CFFFFFFFF04FFFFFFFF0CFF
310
FFFFFF0CF300000004010000000C4B010000110E07656C6C697073650D0563757276650CFFFFFFFF04FFFFFFFF0CFFFFFFFF13052C3779D1D52DC0614F9B259852074000000000000000001400000000000000800000000000000000000000000000F0BF14F0888F4F6C12EC3FA8396DF9E7B8DEBF00000000000000000600
310
0000000000F03F0A0600000000000000000A06236AE36B95E6F33F110D04656467650CFFFFFFFF04FFFFFFFF0CFFFFFFFF0CF70000000600000000000000000C3E0100000600000000000039400CF40000000C4C0100000B0707756E6B6E6F776E110D04666163650C4D01000004FFFFFFFF0CFFFFFFFF0CFA0000000CF600
310
00000C040000000CFFFFFFFF0C4E0100000B0B110D05706F696E740CFFFFFFFF04FFFFFFFF0CFFFFFFFF1375333EB4AA142CC02CA86D267B7B03400000000000000000110E0873747261696768740D0563757276650CFFFFFFFF04FFFFFFFF0CFFFFFFFF134BC6A34B4B1A2BC038E89879F4A0114000000000000000001400
310
000000000000000000000000000000000000000000F03F0B0B110E09706572737562656E740E1061636164536F6C6964486973746F72790D066174747269620CFFFFFFFF04FFFFFFFF0CFFFFFFFF0CFFFFFFFF0CFA0000000401000000040100000004510000000400000000110E04636F6E650D07737572666163650CFFFF
310
FFFF04FFFFFFFF0CFFFFFFFF139717092431012DC0F117BA50A7DD124000000000000000001400000000000000000000000000000000000000000000F03F14E0A8EE6992F0D53F88D4A6D69B0FEE3F000000000000000006000000000000F03F0B0B06000000000000000006000000000000F0BF06160000000000F03F0B0B
310
0B0B0B110E09706572737562656E740E1061636164536F6C6964486973746F72790D066174747269620CFFFFFFFF04FFFFFFFF0CFFFFFFFF0CFFFFFFFF0C0001000004010000000401000000040F0000000400000000110D04666163650C4F01000004FFFFFFFF0CFFFFFFFF0C500100000C510100000C040000000CFFFFFF
310
FF0C520100000B0B110D046C6F6F700CFFFFFFFF04FFFFFFFF0CFFFFFFFF0CFFFFFFFF0C530100000C00010000110E04636F6E650D07737572666163650CFFFFFFFF04FFFFFFFF0CFFFFFFFF137EEA24CF971EF5BF1822E6944D522F4000000000000000001400000000000000000000000000000000000000000000F03F14
310
46E440F8B4000A40A056E7D6FF3FE2BF000000000000000006000000000000F03F0B0B06000000000000000006000000000000F03F066366666666660A400B0B0B0B0B110D06636F656467650CFFFFFFFF04FFFFFFFF0CFFFFFFFF0C540100000C550100000C560100000C570100000B0C0101000004000000000CFFFFFFFF
310
110D06636F656467650CFFFFFFFF04FFFFFFFF0CFFFFFFFF0C580100000C030100000C050100000C310100000B0CD900000004000000000CFFFFFFFF110D06636F656467650CFFFFFFFF04FFFFFFFF0CFFFFFFFF0C030100000C580100000C540100000C590100000A0CD900000004000000000CFFFFFFFF110D06636F6564
310
67650CFFFFFFFF04FFFFFFFF0CFFFFFFFF0C560100000C060100000C030100000C2F0100000A0C2600000004000000000CFFFFFFFF110D04656467650CFFFFFFFF04FFFFFFFF0CFFFFFFFF0C5A0100000600000000000000000C3201000006742316120F20EE3F0C030100000C5B0100000B0707756E6B6E6F776E110D0663
310
6F656467650CFFFFFFFF04FFFFFFFF0CFFFFFFFF0C050100000C040100000C5C0100000C5D0100000A0CB200000004000000000CFFFFFFFF110D04656467650CFFFFFFFF04FFFFFFFF0CFFFFFFFF0C320100000600000000000000000C5E0100000600000000000039400C2C0100000C5F0100000B070774616E67656E7411
310
0D067665727465780CFFFFFFFF04FFFFFFFF0CFFFFFFFF0C2F01000004010000000C60010000110E07656C6C697073650D0563757276650CFFFFFFFF04FFFFFFFF0CFFFFFFFF13E30290B42D5509C0032C3779D1D52D4000000000000000001400000000000000800000000000000000000000000000F0BF146C81B353BC84
310
EF3FC02A2090071FC63F000000000000000006000000000000F03F0A0600000000000000000A0698E32900AF90F83F110D06636F656467650CFFFFFFFF04FFFFFFFF0CFFFFFFFF0C0C0100000C5C0100000C080100000C350100000B0C5800000004000000000CFFFFFFFF110D04656467650CFFFFFFFF04FFFFFFFF0CFFFF
310
FFFF0C360100000600000000000000000C0E010000063694881EB143C23F0C080100000C610100000B0707756E6B6E6F776E110D067665727465780CFFFFFFFF04FFFFFFFF0CFFFFFFFF0C0901000004010000000C62010000110E0873747261696768740D0563757276650CFFFFFFFF04FFFFFFFF0CFFFFFFFF13B017E7C1
310
EBAB07C055187F4BFAE02B4000000000000000001400000000000000000000000000000000000000000000F03F0B0B110D05706F696E740CFFFFFFFF04FFFFFFFF0CFFFFFFFF13B017E7C1EBAB07C055187F4BFAE02B400000000000000000110E07656C6C697073650D0563757276650CFFFFFFFF04FFFFFFFF0CFFFFFFFF
310
132218919E79BC13C025812A72DEC02C4000000000000039401400000000000000000000000000000000000000000000F0BF140022B0DB6E73973FD0E090FBD9FDEFBF000000000000000006000000000000F03F0B0B110D05706F696E740CFFFFFFFF04FFFFFFFF0CFFFFFFFF13FF67B52F06A513C0177371D200C12A4000
310
00000000003940110D06636F656467650CFFFFFFFF04FFFFFFFF0CFFFFFFFF0C630100000C130100000C640100000C650100000B0C5800000004000000000CFFFFFFFF110D06636F656467650CFFFFFFFF04FFFFFFFF0CFFFFFFFF0C1D0100000C1C0100000C130100000C3D0100000A0C1E01000004000000000CFFFFFFFF
310
110D04656467650CFFFFFFFF04FFFFFFFF0CFFFFFFFF0C3E0100000600000000000000000C6601000006236AE36B95E6F33F0C3C0100000C670100000B0707756E6B6E6F776E110D067665727465780CFFFFFFFF04FFFFFFFF0CFFFFFFFF0C2101000004010000000C68010000110E07656C6C697073650D0563757276650C
310
FFFFFFFF04FFFFFFFF0CFFFFFFFF130000000000E0593D0000000000C02EBD00000000000039401400000000000000000000000000000000000000000000F03F141BC7A34B4B1A2BC076E89879F4A01140000000000000000006000000000000F03F0B0B110D05706F696E740CFFFFFFFF04FFFFFFFF0CFFFFFFFF134BC6A3
310
4B4B1A2BC038E89879F4A011400000000000003940110D06636F656467650CFFFFFFFF04FFFFFFFF0CFFFFFFFF0C190100000C690100000C6A0100000C6B0100000A0C2600000004000000000CFFFFFFFF110D06636F656467650CFFFFFFFF04FFFFFFFF0CFFFFFFFF0C6C0100000C6D0100000C190100000C430100000B0C
310
6E01000004000000000CFFFFFFFF110D04656467650CFFFFFFFF04FFFFFFFF0CFFFFFFFF0C470100000600000000000000000C6F01000006DE7A14AE47E102400C420100000C700100000B0707756E6B6E6F776E110D06636F656467650CFFFFFFFF04FFFFFFFF0CFFFFFFFF0C640100000C1A0100000C6D0100000C710100
310
000B0C4601000004000000000CFFFFFFFF110D06636F656467650CFFFFFFFF04FFFFFFFF0CFFFFFFFF0C1A0100000C640100000C1C0100000C490100000A0C4601000004000000000CFFFFFFFF110D046C6F6F700CFFFFFFFF04FFFFFFFF0CFFFFFFFF0CFFFFFFFF0C1A0100000C72010000110D067665727465780CFFFFFF
310
FF04FFFFFFFF0CFFFFFFFF0C1B01000004010000000C73010000110E07656C6C697073650D0563757276650CFFFFFFFF04FFFFFFFF0CFFFFFFFF131922E6944D522FC0A4EA24CF971EF5BF00000000000000001400000000000000800000000000000000000000000000F03F149056E7D6FF3FE23F5AE440F8B4000A400000
310
00000000000006000000000000F03F0A0600000000000000000A06792316120F20EE3F110D04656467650CFFFFFFFF04FFFFFFFF0CFFFFFFFF0C1F0100000600000000000000000C660100000600000000000039400C1C0100000C740100000B070774616E67656E74110D04666163650C7501000004FFFFFFFF0CFFFFFFFF
310
0C220100000C1E0100000C040000000CFFFFFFFF0C760100000B0B110D05706F696E740CFFFFFFFF04FFFFFFFF0CFFFFFFFF13B0AC77974D2E2EC00EDE5C21D2E2FE3F0000000000000000110E0873747261696768740D0563757276650CFFFFFFFF04FFFFFFFF0CFFFFFFFF1375333EB4AA142CC02CA86D267B7B03400000
310
0000000000001400000000000000000000000000000000000000000000F03F0B0B110E09706572737562656E740E1061636164536F6C6964486973746F72790D066174747269620CFFFFFFFF04FFFFFFFF0CFFFFFFFF0CFFFFFFFF0C220100000401000000040100000004500000000400000000110E04636F6E650D077375
310
72666163650CFFFFFFFF04FFFFFFFF0CFFFFFFFF130000000000E0593D0000000000C02EBD00000000000000001400000000000000000000000000000000000000000000F03F141BC7A34B4B1A2BC076E89879F4A01140000000000000000006000000000000F03F0B0B06000000000000000006000000000000F03F06D000
310
000000802C400B0B0B0B0B110E09706572737562656E740E1061636164536F6C6964486973746F72790D066174747269620CFFFFFFFF04FFFFFFFF0CFFFFFFFF0CFFFFFFFF0C280100000401000000040100000004100000000400000000110D04666163650C7701000004FFFFFFFF0CFFFFFFFF0C780100000C790100000C
310
040000000CFFFFFFFF0C7A0100000B0B110D046C6F6F700CFFFFFFFF04FFFFFFFF0CFFFFFFFF0CFFFFFFFF0C7B0100000C28010000110E04636F6E650D07737572666163650CFFFFFFFF04FFFFFFFF0CFFFFFFFF13664F9B2598520740042C3779D1D52D400000000000000000140000000000000000000000000000000000
310
0000000000F03F14303A6DF9E7B8DEBFE0888F4F6C12ECBF000000000000000006000000000000F03F0B0B06000000000000000006000000000000F0BF06130000000000F03F0B0B0B0B0B110D06636F656467650CFFFFFFFF04FFFFFFFF0CFFFFFFFF0C7C0100000C7D0100000C7E0100000C7F0100000B0C290100000400
310
0000000CFFFFFFFF110D06636F656467650CFFFFFFFF04FFFFFFFF0CFFFFFFFF0C800100000C2B0100000C2D0100000C590100000B0C0101000004000000000CFFFFFFFF110D06636F656467650CFFFFFFFF04FFFFFFFF0CFFFFFFFF0C2B0100000C800100000C7C0100000C810100000A0C0101000004000000000CFFFFFF
310
FF110D06636F656467650CFFFFFFFF04FFFFFFFF0CFFFFFFFF0C7E0100000C2E0100000C2B0100000C570100000A0C2600000004000000000CFFFFFFFF110D04656467650CFFFFFFFF04FFFFFFFF0CFFFFFFFF0C820100000600000000000000000C5A01000006E07A14AE47E102400C2B0100000C830100000B0707756E6B
310
6E6F776E110D06636F656467650CFFFFFFFF04FFFFFFFF0CFFFFFFFF0C2D0100000C2C0100000C840100000C850100000A0CD900000004000000000CFFFFFFFF110D04656467650CFFFFFFFF04FFFFFFFF0CFFFFFFFF0C5A0100000600000000000000000C860100000600000000000039400C540100000C870100000B0707
310
756E6B6E6F776E110D067665727465780CFFFFFFFF04FFFFFFFF0CFFFFFFFF0C5701000004010000000C88010000110E07656C6C697073650D0563757276650CFFFFFFFF04FFFFFFFF0CFFFFFFFF13C2833BB16C19F13F1422E6944D522F4000000000000000001400000000000000800000000000000000000000000000F0
310
3F14115922F7A4FE02C03057A0D8AE550240000000000000000006000000000000F03F0A0600000000000000000A06742316120F20EE3F110D06636F656467650CFFFFFFFF04FFFFFFFF0CFFFFFFFF0C340100000C840100000C300100000C5D0100000B0C5800000004000000000CFFFFFFFF110D04656467650CFFFFFFFF
310
04FFFFFFFF0CFFFFFFFF0C5E0100000600000000000000000C360100000698E32900AF90F83F0C300100000C890100000B0707756E6B6E6F776E110D067665727465780CFFFFFFFF04FFFFFFFF0CFFFFFFFF0C3101000004010000000C8A010000110E0873747261696768740D0563757276650CFFFFFFFF04FFFFFFFF0CFF
310
FFFFFF138C22A39FFE7301C0AEAC77974D2E2E4000000000000000001400000000000000000000000000000000000000000000F03F0B0B110D05706F696E740CFFFFFFFF04FFFFFFFF0CFFFFFFFF138C22A39FFE7301C0AEAC77974D2E2E400000000000000000110E07656C6C697073650D0563757276650CFFFFFFFF04FF
310
FFFFFF0CFFFFFFFF1300000000008046BD000000000050613D00000000000039401400000000000000000000000000000000000000000000F03F144816E7C1EBAB07C042177F4BFAE02B40000000000000000006000000000000F03F0B0B110D05706F696E740CFFFFFFFF04FFFFFFFF0CFFFFFFFF13B017E7C1EBAB07C055
310
187F4BFAE02B400000000000003940110D06636F656467650CFFFFFFFF04FFFFFFFF0CFFFFFFFF0C8B0100000C3B0100000C8C0100000C8D0100000B0C5800000004000000000CFFFFFFFF110D06636F656467650CFFFFFFFF04FFFFFFFF0CFFFFFFFF0C450100000C440100000C3B0100000C650100000A0C460100000400
310
0000000CFFFFFFFF110D04656467650CFFFFFFFF04FFFFFFFF0CFFFFFFFF0C660100000600000000000000000C8E01000006792316120F20EE3F0C640100000C8F0100000B0707756E6B6E6F776E110D067665727465780CFFFFFFFF04FFFFFFFF0CFFFFFFFF0C4901000004010000000C90010000110E07656C6C69707365
310
0D0563757276650CFFFFFFFF04FFFFFFFF0CFFFFFFFF13052C3779D1D52DC0614F9B259852074000000000000039401400000000000000000000000000000000000000000000F0BF14F0888F4F6C12EC3FA8396DF9E7B8DEBF000000000000000006000000000000F03F0B0B110D05706F696E740CFFFFFFFF04FFFFFFFF0C
310
FFFFFFFF1375333EB4AA142CC02CA86D267B7B03400000000000003940110D06636F656467650CFFFFFFFF04FFFFFFFF0CFFFFFFFF0C410100000C910100000C920100000C930100000A0C2600000004000000000CFFFFFFFF110D06636F656467650CFFFFFFFF04FFFFFFFF0CFFFFFFFF0C940100000C950100000C410100
310
000C6B0100000B0C9601000004000000000CFFFFFFFF110D04656467650CFFFFFFFF04FFFFFFFF0CFFFFFFFF0C6F0100000600000000000000000C9701000006A52316120F20EE3F0C6A0100000C980100000B0707756E6B6E6F776E110D06636F656467650CFFFFFFFF04FFFFFFFF0CFFFFFFFF0C8C0100000C420100000C
310
950100000C990100000B0C6E01000004000000000CFFFFFFFF110D06636F656467650CFFFFFFFF04FFFFFFFF0CFFFFFFFF0C420100000C8C0100000C440100000C710100000A0C6E01000004000000000CFFFFFFFF110D046C6F6F700CFFFFFFFF04FFFFFFFF0CFFFFFFFF0CFFFFFFFF0C420100000C9A010000110D067665
310
727465780CFFFFFFFF04FFFFFFFF0CFFFFFFFF0C4301000004010000000C9B010000110E0873747261696768740D0563757276650CFFFFFFFF04FFFFFFFF0CFFFFFFFF13F01B87A5DCF331C070C71F1FB2DEF03F0000000000000000140000000000000000000000000000F0BF00000000000000000A060000000000000000
310
0A06DE7A14AE47E10240110D04656467650CFFFFFFFF04FFFFFFFF0CFFFFFFFF0C470100000600000000000000000C8E0100000600000000000039400C440100000C9C0100000B0707756E6B6E6F776E110D04666163650C9D01000004FFFFFFFF0CFFFFFFFF0C4A0100000C460100000C040000000CFFFFFFFF0C9E010000
310
0B0B110D05706F696E740CFFFFFFFF04FFFFFFFF0CFFFFFFFF13F01B87A5DCF331C075C71F1FB2DEF03F0000000000000000110E0873747261696768740D0563757276650CFFFFFFFF04FFFFFFFF0CFFFFFFFF13B0AC77974D2E2EC00EDE5C21D2E2FE3F000000000000000014000000000000000000000000000000000000
310
00000000F03F0B0B110E09706572737562656E740E1061636164536F6C6964486973746F72790D066174747269620CFFFFFFFF04FFFFFFFF0CFFFFFFFF0CFFFFFFFF0C4A01000004010000000401000000044F0000000400000000110E04636F6E650D07737572666163650CFFFFFFFF04FFFFFFFF0CFFFFFFFF13052C3779
310
D1D52DC0614F9B259852074000000000000000001400000000000000000000000000000000000000000000F03F14F0888F4F6C12EC3FA8396DF9E7B8DEBF000000000000000006000000000000F03F0B0B06000000000000000006000000000000F0BF06090000000000F03F0B0B0B0B0B110E09706572737562656E740E10
310
61636164536F6C6964486973746F72790D066174747269620CFFFFFFFF04FFFFFFFF0CFFFFFFFF0CFFFFFFFF0C500100000401000000040100000004110000000400000000110D04666163650C9F01000004FFFFFFFF0CFFFFFFFF0CA00100000CA10100000C040000000CFFFFFFFF0CA20100000B0B110D046C6F6F700CFF
310
FFFFFF04FFFFFFFF0CFFFFFFFF0CFFFFFFFF0CA30100000C50010000110E04636F6E650D07737572666163650CFFFFFFFF04FFFFFFFF0CFFFFFFFF130000000000D041BD0000000000E05DBD00000000000000001400000000000000000000000000000000000000000000F03F14C2E89879F4A0114039C7A34B4B1A2B4000
310
0000000000000006000000000000F03F0B0B06000000000000000006000000000000F03F06F800000000802C400B0B0B0B0B110D06636F656467650CFFFFFFFF04FFFFFFFF0CFFFFFFFF0CA40100000CA50100000CA60100000CA70100000B0C5101000004000000000CFFFFFFFF110D06636F656467650CFFFFFFFF04FFFF
310
FFFF0CFFFFFFFF0CA80100000C530100000C550100000C810100000B0C2901000004000000000CFFFFFFFF110D06636F656467650CFFFFFFFF04FFFFFFFF0CFFFFFFFF0C530100000CA80100000CA40100000CA90100000A0C2901000004000000000CFFFFFFFF110D06636F656467650CFFFFFFFF04FFFFFFFF0CFFFFFFFF
310
0CA60100000C560100000C530100000C7F0100000A0C2600000004000000000CFFFFFFFF110D04656467650CFFFFFFFF04FFFFFFFF0CFFFFFFFF0CAA0100000600000000000000000C82010000069C2316120F20EE3F0C530100000CAB0100000B0707756E6B6E6F776E110D06636F656467650CFFFFFFFF04FFFFFFFF0CFF
310
FFFFFF0C550100000C540100000CAC0100000CAD0100000A0C0101000004000000000CFFFFFFFF110D04656467650CFFFFFFFF04FFFFFFFF0CFFFFFFFF0C820100000600000000000000000CAE0100000600000000000039400C7C0100000CAF0100000B0707756E6B6E6F776E110D067665727465780CFFFFFFFF04FFFFFF
310
FF0CFFFFFFFF0C7F01000004010000000CB0010000110E0873747261696768740D0563757276650CFFFFFFFF04FFFFFFFF0CFFFFFFFF1360C71F1FB2DEF03FF01B87A5DCF33140000000000000000014000000000000F0BF000000000000000000000000000000000A0600000000000000000A06E07A14AE47E10240110D06
310
636F656467650CFFFFFFFF04FFFFFFFF0CFFFFFFFF0C5C0100000CAC0100000C580100000C850100000B0C5800000004000000000CFFFFFFFF110D04656467650CFFFFFFFF04FFFFFFFF0CFFFFFFFF0C860100000600000000000000000C5E01000006742316120F20EE3F0C580100000CB10100000B0707756E6B6E6F776E
310
110D067665727465780CFFFFFFFF04FFFFFFFF0CFFFFFFFF0C5901000004010000000CB2010000110E0873747261696768740D0563757276650CFFFFFFFF04FFFFFFFF0CFFFFFFFF13602E093DDDE3F4BFF01B87A5DCF3314000000000000000001400000000000000000000000000000000000000000000F03F0B0B110D05
310
706F696E740CFFFFFFFF04FFFFFFFF0CFFFFFFFF13602E093DDDE3F4BFF01B87A5DCF331400000000000000000110E07656C6C697073650D0563757276650CFFFFFFFF04FFFFFFFF0CFFFFFFFF13E30290B42D5509C0032C3779D1D52D4000000000000039401400000000000000000000000000000000000000000000F0BF
310
146C81B353BC84EF3FC02A2090071FC63F000000000000000006000000000000F03F0B0B110D05706F696E740CFFFFFFFF04FFFFFFFF0CFFFFFFFF138C22A39FFE7301C0AEAC77974D2E2E400000000000003940110D06636F656467650CFFFFFFFF04FFFFFFFF0CFFFFFFFF0CB30100000C630100000CB40100000CB50100
310
000B0C5800000004000000000CFFFFFFFF110D06636F656467650CFFFFFFFF04FFFFFFFF0CFFFFFFFF0C6D0100000C6C0100000C630100000C8D0100000A0C6E01000004000000000CFFFFFFFF110D04656467650CFFFFFFFF04FFFFFFFF0CFFFFFFFF0C8E0100000600000000000000000CB601000006DE7A14AE47E10240
310
0C8C0100000CB70100000B0707756E6B6E6F776E110D067665727465780CFFFFFFFF04FFFFFFFF0CFFFFFFFF0C7101000004010000000CB8010000110E07656C6C697073650D0563757276650CFFFFFFFF04FFFFFFFF0CFFFFFFFF131922E6944D522FC0A4EA24CF971EF5BF00000000000039401400000000000000000000
310
000000000000000000000000F03F149056E7D6FF3FE23F5AE440F8B4000A40000000000000000006000000000000F03F0B0B110D05706F696E740CFFFFFFFF04FFFFFFFF0CFFFFFFFF13B0AC77974D2E2EC010DE5C21D2E2FE3F0000000000003940110D06636F656467650CFFFFFFFF04FFFFFFFF0CFFFFFFFF0C69010000
310
0CB90100000CBA0100000CBB0100000A0C2600000004000000000CFFFFFFFF110D06636F656467650CFFFFFFFF04FFFFFFFF0CFFFFFFFF0CBC0100000CBD0100000C690100000C930100000B0CBE01000004000000000CFFFFFFFF110D04656467650CFFFFFFFF04FFFFFFFF0CFFFFFFFF0C97010000060000000000000000
310
0CBF010000067BE32900AF90F83F0C920100000CC00100000B0707756E6B6E6F776E110D06636F656467650CFFFFFFFF04FFFFFFFF0CFFFFFFFF0CB40100000C6A0100000CBD0100000CC10100000B0C9601000004000000000CFFFFFFFF110D06636F656467650CFFFFFFFF04FFFFFFFF0CFFFFFFFF0C6A0100000CB40100
310
000C6C0100000C990100000A0C9601000004000000000CFFFFFFFF110D046C6F6F700CFFFFFFFF04FFFFFFFF0CFFFFFFFF0CFFFFFFFF0C6A0100000CC2010000110D067665727465780CFFFFFFFF04FFFFFFFF0CFFFFFFFF0C6B01000004010000000CC3010000110E07656C6C697073650D0563757276650CFFFFFFFF04FF
310
FFFFFF0CFFFFFFFF131722E6944D522FC094833BB16C19F13F00000000000000001400000000000000800000000000000080000000000000F03F142457A0D8AE5502C0F05822F7A4FE02C0000000000000000006000000000000F03F0A0600000000000000000A06A52316120F20EE3F110D04656467650CFFFFFFFF04FFFF
310
FFFF0CFFFFFFFF0C6F0100000600000000000000000CB60100000600000000000039400C6C0100000CC40100000B0707756E6B6E6F776E110D04666163650CC501000004FFFFFFFF0CFFFFFFFF0C720100000C6E0100000C040000000CFFFFFFFF0CC60100000B0B110D05706F696E740CFFFFFFFF04FFFFFFFF0CFFFFFFFF
310
13F01B87A5DCF331C04C2E093DDDE3F4BF0000000000000000110E0873747261696768740D0563757276650CFFFFFFFF04FFFFFFFF0CFFFFFFFF13F01B87A5DCF331C075C71F1FB2DEF03F00000000000000001400000000000000000000000000000000000000000000F03F0B0B110E09706572737562656E740E10616361
310
64536F6C6964486973746F72790D066174747269620CFFFFFFFF04FFFFFFFF0CFFFFFFFF0CFFFFFFFF0C7201000004010000000401000000044E0000000400000000110E04636F6E650D07737572666163650CFFFFFFFF04FFFFFFFF0CFFFFFFFF131922E6944D522FC0A4EA24CF971EF5BF00000000000000001400000000
310
000000000000000000000000000000000000F03F149056E7D6FF3FE23F5AE440F8B4000A40000000000000000006000000000000F03F0B0B06000000000000000006000000000000F03F067666666666660A400B0B0B0B0B110E09706572737562656E740E1061636164536F6C6964486973746F72790D066174747269620C
310
FFFFFFFF04FFFFFFFF0CFFFFFFFF0CFFFFFFFF0C780100000401000000040100000004120000000400000000110D04666163650CC701000004FFFFFFFF0CFFFFFFFF0CC80100000CC90100000C040000000CFFFFFFFF0CCA0100000B0B110D046C6F6F700CFFFFFFFF04FFFFFFFF0CFFFFFFFF0CFFFFFFFF0CCB0100000C78
310
010000110E04636F6E650D07737572666163650CFFFFFFFF04FFFFFFFF0CFFFFFFFF13F117BA50A7DD12409317092431012D4000000000000000001400000000000000000000000000000000000000000000F03F1468D4A6D69B0FEE3F60A8EE6992F0D5BF000000000000000006000000000000F03F0B0B06000000000000
310
000006000000000000F0BF06F8FFFFFFFFFFEF3F0B0B0B0B0B110D06636F656467650CFFFFFFFF04FFFFFFFF0CFFFFFFFF0CCC0100000CCD0100000CCE0100000CCF0100000B0C7901000004000000000CFFFFFFFF110D06636F656467650CFFFFFFFF04FFFFFFFF0CFFFFFFFF0CD00100000C7B0100000C7D0100000CA901
310
00000B0C5101000004000000000CFFFFFFFF110D06636F656467650CFFFFFFFF04FFFFFFFF0CFFFFFFFF0C7B0100000CD00100000CCC0100000CD10100000A0C5101000004000000000CFFFFFFFF110D06636F656467650CFFFFFFFF04FFFFFFFF0CFFFFFFFF0CCE0100000C7E0100000C7B0100000CA70100000A0C260000
310
0004000000000CFFFFFFFF110D04656467650CFFFFFFFF04FFFFFFFF0CFFFFFFFF0CD20100000600000000000000000CAA01000006F869E36B95E6F33F0C7B0100000CD30100000B0707756E6B6E6F776E110D06636F656467650CFFFFFFFF04FFFFFFFF0CFFFFFFFF0C7D0100000C7C0100000CD40100000CD50100000A0C
310
2901000004000000000CFFFFFFFF110D04656467650CFFFFFFFF04FFFFFFFF0CFFFFFFFF0CAA0100000600000000000000000CD60100000600000000000039400CA40100000CD70100000B070774616E67656E74110D067665727465780CFFFFFFFF04FFFFFFFF0CFFFFFFFF0CA701000004010000000CD8010000110E0765
310
6C6C697073650D0563757276650CFFFFFFFF04FFFFFFFF0CFFFFFFFF137EEA24CF971EF5BF1822E6944D522F4000000000000000001400000000000000000000000000000000000000000000F03F1446E440F8B4000A40A056E7D6FF3FE2BF000000000000000006000000000000F03F0A0600000000000000000A069C2316
310
120F20EE3F110D06636F656467650CFFFFFFFF04FFFFFFFF0CFFFFFFFF0C840100000CD40100000C800100000CAD0100000B0C5800000004000000000CFFFFFFFF110D04656467650CFFFFFFFF04FFFFFFFF0CFFFFFFFF0CAE0100000600000000000000000C8601000006E07A14AE47E102400C800100000CD90100000B07
310
07756E6B6E6F776E110D067665727465780CFFFFFFFF04FFFFFFFF0CFFFFFFFF0C8101000004010000000CDA010000110E0873747261696768740D0563757276650CFFFFFFFF04FFFFFFFF0CFFFFFFFF1362C71F1FB2DEF03FF01B87A5DCF33140000000000000000014000000000000000000000000000000000000000000
310
00F03F0B0B110D05706F696E740CFFFFFFFF04FFFFFFFF0CFFFFFFFF1362C71F1FB2DEF03FF01B87A5DCF331400000000000000000110E07656C6C697073650D0563757276650CFFFFFFFF04FFFFFFFF0CFFFFFFFF13C2833BB16C19F13F1422E6944D522F4000000000000039401400000000000000000000000000000000
310
000000000000F03F14115922F7A4FE02C03057A0D8AE550240000000000000000006000000000000F03F0B0B110D05706F696E740CFFFFFFFF04FFFFFFFF0CFFFFFFFF13602E093DDDE3F4BFF01B87A5DCF331400000000000003940110D06636F656467650CFFFFFFFF04FFFFFFFF0CFFFFFFFF0CDB0100000C8B0100000C
310
DC0100000CDD0100000B0C5800000004000000000CFFFFFFFF110D06636F656467650CFFFFFFFF04FFFFFFFF0CFFFFFFFF0C950100000C940100000C8B0100000CB50100000A0C9601000004000000000CFFFFFFFF110D04656467650CFFFFFFFF04FFFFFFFF0CFFFFFFFF0CB60100000600000000000000000CDE01000006
310
A52316120F20EE3F0CB40100000CDF0100000B0707756E6B6E6F776E110D067665727465780CFFFFFFFF04FFFFFFFF0CFFFFFFFF0C9901000004010000000CE0010000110E0873747261696768740D0563757276650CFFFFFFFF04FFFFFFFF0CFFFFFFFF13F01B87A5DCF331C070C71F1FB2DEF03F00000000000039401400
310
00000000000000000000000000F0BF00000000000000000B0B110D05706F696E740CFFFFFFFF04FFFFFFFF0CFFFFFFFF13F01B87A5DCF331C078C71F1FB2DEF03F0000000000003940110D06636F656467650CFFFFFFFF04FFFFFFFF0CFFFFFFFF0C910100000CE10100000CE20100000CE30100000A0C2600000004000000
310
000CFFFFFFFF110D06636F656467650CFFFFFFFF04FFFFFFFF0CFFFFFFFF0CE40100000CE50100000C910100000CBB0100000B0CE601000004000000000CFFFFFFFF110D04656467650CFFFFFFFF04FFFFFFFF0CFFFFFFFF0CBF0100000600000000000000000CE7010000066795881EB143C23F0CBA0100000CE80100000B
310
0707756E6B6E6F776E110D06636F656467650CFFFFFFFF04FFFFFFFF0CFFFFFFFF0CDC0100000C920100000CE50100000CE90100000B0CBE01000004000000000CFFFFFFFF110D06636F656467650CFFFFFFFF04FFFFFFFF0CFFFFFFFF0C920100000CDC0100000C940100000CC10100000A0CBE01000004000000000CFFFF
310
FFFF110D046C6F6F700CFFFFFFFF04FFFFFFFF0CFFFFFFFF0CFFFFFFFF0C920100000CEA010000110D067665727465780CFFFFFFFF04FFFFFFFF0CFFFFFFFF0C9301000004010000000CEB010000110E07656C6C697073650D0563757276650CFFFFFFFF04FFFFFFFF0CFFFFFFFF13042C3779D1D52DC0D60290B42D5509C0
310
00000000000000001400000000000000800000000000000080000000000000F0BF14002A2090071FC6BF5881B353BC84EF3F000000000000000006000000000000F03F0A0600000000000000000A067BE32900AF90F83F110D04656467650CFFFFFFFF04FFFFFFFF0CFFFFFFFF0C970100000600000000000000000CDE0100
310
000600000000000039400C940100000CEC0100000B070774616E67656E74110D04666163650CED01000004FFFFFFFF0CFFFFFFFF0C9A0100000C960100000C040000000CFFFFFFFF0CEE0100000B0B110D05706F696E740CFFFFFFFF04FFFFFFFF0CFFFFFFFF13ABAC77974D2E2EC07F22A39FFE7301C00000000000000000
310
110E0873747261696768740D0563757276650CFFFFFFFF04FFFFFFFF0CFFFFFFFF13F01B87A5DCF331C04C2E093DDDE3F4BF00000000000000001400000000000000000000000000000000000000000000F03F0B0B110E09706572737562656E740E1061636164536F6C6964486973746F72790D066174747269620CFFFFFF
310
FF04FFFFFFFF0CFFFFFFFF0CFFFFFFFF0C9A01000004020000000401000000044C00000004000000000401000000044D0000000400000000110E05706C616E650D07737572666163650CFFFFFFFF04FFFFFFFF0CFFFFFFFF13F01B87A5DCF331C070C71F1FB2DEF03F000000000000000014000000000000F0BF0000000000
310
0000000000000000000000140000000000000000000000000000F0BF00000000000000000B0B0B0B0B110E09706572737562656E740E1061636164536F6C6964486973746F72790D066174747269620CFFFFFFFF04FFFFFFFF0CFFFFFFFF0CFFFFFFFF0CA00100000401000000040100000004130000000400000000110D04
310
666163650CEF01000004FFFFFFFF0CFFFFFFFF0CF00100000CF10100000C040000000CFFFFFFFF0CF20100000B0B110D046C6F6F700CFFFFFFFF04FFFFFFFF0CFFFFFFFF0CFFFFFFFF0CF30100000CA0010000110E04636F6E650D07737572666163650CFFFFFFFF04FFFFFFFF0CFFFFFFFF130F150D8A05832140F2380011
310
770E2A4000000000000000001400000000000000000000000000000000000000000000F03F14309BC70C5421EDBF00EB92C02B600940000000000000000006000000000000F03F0B0B06000000000000000006000000000000F03F066566666666660A400B0B0B0B0B110D06636F656467650CFFFFFFFF04FFFFFFFF0CFFFF
310
FFFF0CF40100000CF50100000CF60100000CF70100000B0CA101000004000000000CFFFFFFFF110D06636F656467650CFFFFFFFF04FFFFFFFF0CFFFFFFFF0CF80100000CA30100000CA50100000CD10100000B0C7901000004000000000CFFFFFFFF110D06636F656467650CFFFFFFFF04FFFFFFFF0CFFFFFFFF0CA3010000
310
0CF80100000CF40100000CF90100000A0C7901000004000000000CFFFFFFFF110D06636F656467650CFFFFFFFF04FFFFFFFF0CFFFFFFFF0CF60100000CA60100000CA30100000CCF0100000A0C2600000004000000000CFFFFFFFF110D04656467650CFFFFFFFF04FFFFFFFF0CFFFFFFFF0CFA010000060000000000000000
310
0CD201000006B992881EB143C23F0CA30100000CFB0100000B0707756E6B6E6F776E110D06636F656467650CFFFFFFFF04FFFFFFFF0CFFFFFFFF0CA50100000CA40100000CFC0100000CFD0100000A0C5101000004000000000CFFFFFFFF110D04656467650CFFFFFFFF04FFFFFFFF0CFFFFFFFF0CD2010000060000000000
310
0000000CFE0100000600000000000039400CCC0100000CFF0100000B0707756E6B6E6F776E110D067665727465780CFFFFFFFF04FFFFFFFF0CFFFFFFFF0CCF01000004010000000C00020000110E07656C6C697073650D0563757276650CFFFFFFFF04FFFFFFFF0CFFFFFFFF13664F9B2598520740042C3779D1D52D400000
310
0000000000001400000000000000000000000000000000000000000000F0BF14303A6DF9E7B8DEBFE0888F4F6C12ECBF000000000000000006000000000000F03F0A0600000000000000000A06F869E36B95E6F33F110D06636F656467650CFFFFFFFF04FFFFFFFF0CFFFFFFFF0CAC0100000CFC0100000CA80100000CD501
310
00000B0C5800000004000000000CFFFFFFFF110D04656467650CFFFFFFFF04FFFFFFFF0CFFFFFFFF0CD60100000600000000000000000CAE010000069C2316120F20EE3F0CA80100000C010200000B0707756E6B6E6F776E110D067665727465780CFFFFFFFF04FFFFFFFF0CFFFFFFFF0CA901000004010000000C02020000
310
110E0873747261696768740D0563757276650CFFFFFFFF04FFFFFFFF0CFFFFFFFF130EDE5C21D2E2FE3FAEAC77974D2E2E4000000000000000001400000000000000000000000000000000000000000000F03F0B0B110D05706F696E740CFFFFFFFF04FFFFFFFF0CFFFFFFFF130EDE5C21D2E2FE3FAEAC77974D2E2E400000
310
000000000000110E0873747261696768740D0563757276650CFFFFFFFF04FFFFFFFF0CFFFFFFFF1360C71F1FB2DEF03FF01B87A5DCF33140000000000000394014000000000000F0BF000000000000000000000000000000000B0B110D05706F696E740CFFFFFFFF04FFFFFFFF0CFFFFFFFF1360C71F1FB2DEF03FF01B87A5
310
DCF331400000000000003940110D06636F656467650CFFFFFFFF04FFFFFFFF0CFFFFFFFF0C030200000CB30100000C040200000C050200000B0C5800000004000000000CFFFFFFFF110D06636F656467650CFFFFFFFF04FFFFFFFF0CFFFFFFFF0CBD0100000CBC0100000CB30100000CDD0100000A0CBE0100000400000000
310
0CFFFFFFFF110D04656467650CFFFFFFFF04FFFFFFFF0CFFFFFFFF0CDE0100000600000000000000000C06020000067BE32900AF90F83F0CDC0100000C070200000B0707756E6B6E6F776E110D067665727465780CFFFFFFFF04FFFFFFFF0CFFFFFFFF0CC101000004010000000C08020000110E07656C6C697073650D0563
310
757276650CFFFFFFFF04FFFFFFFF0CFFFFFFFF131722E6944D522FC094833BB16C19F13F00000000000039401400000000000000000000000000000000000000000000F03F142457A0D8AE5502C0F05822F7A4FE02C0000000000000000006000000000000F03F0B0B110D05706F696E740CFFFFFFFF04FFFFFFFF0CFFFFFF
310
FF13F01B87A5DCF331C0502E093DDDE3F4BF0000000000003940110D06636F656467650CFFFFFFFF04FFFFFFFF0CFFFFFFFF0CB90100000C090200000C0A0200000C0B0200000A0C2600000004000000000CFFFFFFFF110D06636F656467650CFFFFFFFF04FFFFFFFF0CFFFFFFFF0C0C0200000C0D0200000CB90100000CE3
310
0100000B0C0E02000004000000000CFFFFFFFF110D04656467650CFFFFFFFF04FFFFFFFF0CFFFFFFFF0CE70100000600000000000000000C0F020000065B69E36B95E6F33F0CE20100000C100200000B0707756E6B6E6F776E110D06636F656467650CFFFFFFFF04FFFFFFFF0CFFFFFFFF0C040200000CBA0100000C0D0200
310
000C110200000B0CE601000004000000000CFFFFFFFF110D06636F656467650CFFFFFFFF04FFFFFFFF0CFFFFFFFF0CBA0100000C040200000CBC0100000CE90100000A0CE601000004000000000CFFFFFFFF110D046C6F6F700CFFFFFFFF04FFFFFFFF0CFFFFFFFF0CFFFFFFFF0CBA0100000C12020000110D067665727465
310
780CFFFFFFFF04FFFFFFFF0CFFFFFFFF0CBB01000004010000000C13020000110E07656C6C697073650D0563757276650CFFFFFFFF04FFFFFFFF0CFFFFFFFF1300000000007073BD00000000003857BD00000000000000001400000000000000800000000000000080000000000000F03F14EA157F4BFAE02BC0B914E7C1EB
310
AB07C0000000000000000006000000000000F03F0A0600000000000000000A066795881EB143C23F110D04656467650CFFFFFFFF04FFFFFFFF0CFFFFFFFF0CBF0100000600000000000000000C060200000600000000000039400CBC0100000C140200000B070774616E67656E74110D04666163650C1502000004FFFFFFFF
310
0CFFFFFFFF0CC20100000CBE0100000C040000000CFFFFFFFF0C160200000B0B110D05706F696E740CFFFFFFFF04FFFFFFFF0CFFFFFFFF1358187F4BFAE02BC0A117E7C1EBAB07C00000000000000000110E0873747261696768740D0563757276650CFFFFFFFF04FFFFFFFF0CFFFFFFFF13ABAC77974D2E2EC07F22A39FFE
310
7301C000000000000000001400000000000000000000000000000000000000000000F03F0B0B110E09706572737562656E740E1061636164536F6C6964486973746F72790D066174747269620CFFFFFFFF04FFFFFFFF0CFFFFFFFF0CFFFFFFFF0CC201000004010000000401000000044B0000000400000000110E04636F6E
310
650D07737572666163650CFFFFFFFF04FFFFFFFF0CFFFFFFFF131722E6944D522FC094833BB16C19F13F00000000000000001400000000000000000000000000000000000000000000F03F142457A0D8AE5502C0F05822F7A4FE02C0000000000000000006000000000000F03F0B0B06000000000000000006000000000000
310
F03F066766666666660A400B0B0B0B0B110E09706572737562656E740E1061636164536F6C6964486973746F72790D066174747269620CFFFFFFFF04FFFFFFFF0CFFFFFFFF0CFFFFFFFF0CC80100000402000000040100000004140000000400000000040100000004150000000400000000110D04666163650C1702000004
310
FFFFFFFF0CFFFFFFFF0C180200000C190200000C040000000CFFFFFFFF0C1A0200000B0B110D046C6F6F700CFFFFFFFF04FFFFFFFF0CFFFFFFFF0CFFFFFFFF0C1B0200000CC8010000110E05706C616E650D07737572666163650CFFFFFFFF04FFFFFFFF0CFFFFFFFF136C1CE2DA5FC723405464620B590A2E400000000000
310
00000014040000000000E03FA94C58E87AB6EB3F000000000000008014A94C58E87AB6EBBF040000000000E03F00000000000000000B0B0B0B0B110D06636F656467650CFFFFFFFF04FFFFFFFF0CFFFFFFFF0C1C0200000C1D0200000C1E0200000C1F0200000B0CC901000004000000000CFFFFFFFF110D06636F65646765
310
0CFFFFFFFF04FFFFFFFF0CFFFFFFFF0C200200000CCB0100000CCD0100000CF90100000B0CA101000004000000000CFFFFFFFF110D06636F656467650CFFFFFFFF04FFFFFFFF0CFFFFFFFF0CCB0100000C200200000C1C0200000C210200000A0CA101000004000000000CFFFFFFFF110D06636F656467650CFFFFFFFF04FF
310
FFFFFF0CFFFFFFFF0C1E0200000CCE0100000CCB0100000CF70100000A0C2600000004000000000CFFFFFFFF110D04656467650CFFFFFFFF04FFFFFFFF0CFFFFFFFF0C220200000600000000000000000CFA01000006A3E32900AF90F83F0CCB0100000C230200000B0707756E6B6E6F776E110D06636F656467650CFFFFFF
310
FF04FFFFFFFF0CFFFFFFFF0CCD0100000CCC0100000C240200000C250200000A0C7901000004000000000CFFFFFFFF110D04656467650CFFFFFFFF04FFFFFFFF0CFFFFFFFF0CFA0100000600000000000000000C260200000600000000000039400CF40100000C270200000B070774616E67656E74110D067665727465780C
310
FFFFFFFF04FFFFFFFF0CFFFFFFFF0CF701000004010000000C28020000110E07656C6C697073650D0563757276650CFFFFFFFF04FFFFFFFF0CFFFFFFFF130000000000D041BD0000000000E05DBD00000000000000001400000000000000000000000000000000000000000000F03F14C2E89879F4A0114039C7A34B4B1A2B
310
40000000000000000006000000000000F03F0A0600000000000000000A06B992881EB143C23F110D06636F656467650CFFFFFFFF04FFFFFFFF0CFFFFFFFF0CD40100000C240200000CD00100000CFD0100000B0C5800000004000000000CFFFFFFFF110D04656467650CFFFFFFFF04FFFFFFFF0CFFFFFFFF0CFE0100000600
310
000000000000000CD601000006F869E36B95E6F33F0CD00100000C290200000B0707756E6B6E6F776E110D067665727465780CFFFFFFFF04FFFFFFFF0CFFFFFFFF0CD101000004010000000C2A020000110E0873747261696768740D0563757276650CFFFFFFFF04FFFFFFFF0CFFFFFFFF131BA86D267B7B034078333EB4AA
310
142C4000000000000000001400000000000000000000000000000000000000000000F03F0B0B110D05706F696E740CFFFFFFFF04FFFFFFFF0CFFFFFFFF131BA86D267B7B034078333EB4AA142C400000000000000000110E07656C6C697073650D0563757276650CFFFFFFFF04FFFFFFFF0CFFFFFFFF137EEA24CF971EF5BF
310
1822E6944D522F4000000000000039401400000000000000000000000000000000000000000000F03F1446E440F8B4000A40A056E7D6FF3FE2BF000000000000000006000000000000F03F0B0B110D05706F696E740CFFFFFFFF04FFFFFFFF0CFFFFFFFF1310DE5C21D2E2FE3FAEAC77974D2E2E400000000000003940110D
310
06636F656467650CFFFFFFFF04FFFFFFFF0CFFFFFFFF0C2B0200000CDB0100000C2C0200000C2D0200000B0C5800000004000000000CFFFFFFFF110D06636F656467650CFFFFFFFF04FFFFFFFF0CFFFFFFFF0CE50100000CE40100000CDB0100000C050200000A0CE601000004000000000CFFFFFFFF110D04656467650CFF
310
FFFFFF04FFFFFFFF0CFFFFFFFF0C060200000600000000000000000C2E020000066795881EB143C23F0C040200000C2F0200000B0707756E6B6E6F776E110D067665727465780CFFFFFFFF04FFFFFFFF0CFFFFFFFF0CE901000004010000000C30020000110E07656C6C697073650D0563757276650CFFFFFFFF04FFFFFFFF
310
0CFFFFFFFF13042C3779D1D52DC0D60290B42D5509C000000000000039401400000000000000800000000000000080000000000000F0BF14002A2090071FC6BF5881B353BC84EF3F000000000000000006000000000000F03F0B0B110D05706F696E740CFFFFFFFF04FFFFFFFF0CFFFFFFFF13ABAC77974D2E2EC08022A39F
310
FE7301C00000000000003940110D06636F656467650CFFFFFFFF04FFFFFFFF0CFFFFFFFF0CE10100000C310200000C320200000C330200000A0C2600000004000000000CFFFFFFFF110D06636F656467650CFFFFFFFF04FFFFFFFF0CFFFFFFFF0C340200000C350200000CE10100000C0B0200000B0C360200000400000000
310
0CFFFFFFFF110D04656467650CFFFFFFFF04FFFFFFFF0CFFFFFFFF0C0F0200000600000000000000000C37020000068A2316120F20EE3F0C0A0200000C380200000B0707756E6B6E6F776E110D06636F656467650CFFFFFFFF04FFFFFFFF0CFFFFFFFF0C2C0200000CE20100000C350200000C390200000B0C0E0200000400
310
0000000CFFFFFFFF110D06636F656467650CFFFFFFFF04FFFFFFFF0CFFFFFFFF0CE20100000C2C0200000CE40100000C110200000A0C0E02000004000000000CFFFFFFFF110D046C6F6F700CFFFFFFFF04FFFFFFFF0CFFFFFFFF0CFFFFFFFF0CE20100000C3A020000110D067665727465780CFFFFFFFF04FFFFFFFF0CFFFF
310
FFFF0CE301000004010000000C3B020000110E07656C6C697073650D0563757276650CFFFFFFFF04FFFFFFFF0CFFFFFFFF1320812A72DEC02CC02218919E79BC13C000000000000000001400000000000000800000000000000000000000000000F0BF14E0E090FBD9FDEF3F000CB0DB6E73973F0000000000000000060000
310
00000000F03F0A0600000000000000000A065B69E36B95E6F33F110D04656467650CFFFFFFFF04FFFFFFFF0CFFFFFFFF0CE70100000600000000000000000C2E0200000600000000000039400CE40100000C3C0200000B0707756E6B6E6F776E110D04666163650C3D02000004FFFFFFFF0CFFFFFFFF0CEA0100000CE60100
310
000C040000000CFFFFFFFF0C3E0200000B0B110D05706F696E740CFFFFFFFF04FFFFFFFF0CFFFFFFFF13127371D200C12AC01768B52F06A513C00000000000000000110E0873747261696768740D0563757276650CFFFFFFFF04FFFFFFFF0CFFFFFFFF1358187F4BFAE02BC0A117E7C1EBAB07C00000000000000000140000
310
0000000000000000000000000000000000000000F03F0B0B110E09706572737562656E740E1061636164536F6C6964486973746F72790D066174747269620CFFFFFFFF04FFFFFFFF0CFFFFFFFF0CFFFFFFFF0CEA01000004010000000401000000044A0000000400000000110E04636F6E650D07737572666163650CFFFFFF
310
FF04FFFFFFFF0CFFFFFFFF13042C3779D1D52DC0D60290B42D5509C000000000000000001400000000000000000000000000000000000000000000F03F14002A2090071FC6BF5881B353BC84EF3F000000000000000006000000000000F03F0B0B06000000000000000006000000000000F0BF06FCFFFFFFFFFFEF3F0B0B0B
310
0B0B110E09706572737562656E740E1061636164536F6C6964486973746F72790D066174747269620CFFFFFFFF04FFFFFFFF0CFFFFFFFF0CFFFFFFFF0CF00100000401000000040100000004160000000400000000110D04666163650C3F02000004FFFFFFFF0CFFFFFFFF0C400200000C410200000C040000000CFFFFFFFF
310
0C420200000B0B110D046C6F6F700CFFFFFFFF04FFFFFFFF0CFFFFFFFF0CFFFFFFFF0C430200000CF0010000110E04636F6E650D07737572666163650CFFFFFFFF04FFFFFFFF0CFFFFFFFF13D319DBC7BDBF1A40D43F0659F7712C4000000000000000001400000000000000000000000000000000000000000000F03F14AE
310
995C9BE03C0440E03E5BF9DEF300C0000000000000000006000000000000F03F0B0B06000000000000000006000000000000F03F067F66666666660A400B0B0B0B0B110D06636F656467650CFFFFFFFF04FFFFFFFF0CFFFFFFFF0C440200000C450200000C460200000C470200000B0CF101000004000000000CFFFFFFFF11
310
0D06636F656467650CFFFFFFFF04FFFFFFFF0CFFFFFFFF0C480200000CF30100000CF50100000C210200000B0CC901000004000000000CFFFFFFFF110D06636F656467650CFFFFFFFF04FFFFFFFF0CFFFFFFFF0CF30100000C480200000C440200000C490200000A0CC901000004000000000CFFFFFFFF110D06636F656467
310
650CFFFFFFFF04FFFFFFFF0CFFFFFFFF0C460200000CF60100000CF30100000C1F0200000A0C2600000004000000000CFFFFFFFF110D04656467650CFFFFFFFF04FFFFFFFF0CFFFFFFFF0C4A0200000600000000000000000C22020000069F2316120F20EE3F0CF30100000C4B0200000B0707756E6B6E6F776E110D06636F
310
656467650CFFFFFFFF04FFFFFFFF0CFFFFFFFF0CF50100000CF40100000C4C0200000C4D0200000A0CA101000004000000000CFFFFFFFF110D04656467650CFFFFFFFF04FFFFFFFF0CFFFFFFFF0C220200000600000000000000000C4E0200000600000000000039400C1C0200000C4F0200000B070774616E67656E74110D
310
067665727465780CFFFFFFFF04FFFFFFFF0CFFFFFFFF0C1F02000004010000000C50020000110E07656C6C697073650D0563757276650CFFFFFFFF04FFFFFFFF0CFFFFFFFF13F117BA50A7DD12409317092431012D4000000000000000001400000000000000800000000000000000000000000000F0BF1468D4A6D69B0FEE
310
3F60A8EE6992F0D5BF000000000000000006000000000000F03F0A0600000000000000000A06A3E32900AF90F83F110D06636F656467650CFFFFFFFF04FFFFFFFF0CFFFFFFFF0CFC0100000C4C0200000CF80100000C250200000B0C5800000004000000000CFFFFFFFF110D04656467650CFFFFFFFF04FFFFFFFF0CFFFFFF
310
FF0C260200000600000000000000000CFE01000006B992881EB143C23F0CF80100000C510200000B0707756E6B6E6F776E110D067665727465780CFFFFFFFF04FFFFFFFF0CFFFFFFFF0CF901000004010000000C52020000110E0873747261696768740D0563757276650CFFFFFFFF04FFFFFFFF0CFFFFFFFF1334E89879F4
310
A011404BC6A34B4B1A2B4000000000000000001400000000000000000000000000000000000000000000F03F0B0B110D05706F696E740CFFFFFFFF04FFFFFFFF0CFFFFFFFF1334E89879F4A011404BC6A34B4B1A2B400000000000000000110E07656C6C697073650D0563757276650CFFFFFFFF04FFFFFFFF0CFFFFFFFF13
310
664F9B2598520740042C3779D1D52D4000000000000039401400000000000000000000000000000000000000000000F0BF14303A6DF9E7B8DEBFE0888F4F6C12ECBF000000000000000006000000000000F03F0B0B110D05706F696E740CFFFFFFFF04FFFFFFFF0CFFFFFFFF131CA86D267B7B034078333EB4AA142C400000
310
000000003940110D06636F656467650CFFFFFFFF04FFFFFFFF0CFFFFFFFF0C530200000C030200000C540200000C550200000B0C5800000004000000000CFFFFFFFF110D06636F656467650CFFFFFFFF04FFFFFFFF0CFFFFFFFF0C0D0200000C0C0200000C030200000C2D0200000A0C0E02000004000000000CFFFFFFFF11
310
0D04656467650CFFFFFFFF04FFFFFFFF0CFFFFFFFF0C2E0200000600000000000000000C56020000065B69E36B95E6F33F0C2C0200000C570200000B0707756E6B6E6F776E110D067665727465780CFFFFFFFF04FFFFFFFF0CFFFFFFFF0C1102000004010000000C58020000110E07656C6C697073650D0563757276650CFF
310
FFFFFF04FFFFFFFF0CFFFFFFFF1300000000007073BD00000000003857BD00000000000039401400000000000000000000000000000000000000000000F03F14EA157F4BFAE02BC0B914E7C1EBAB07C0000000000000000006000000000000F03F0B0B110D05706F696E740CFFFFFFFF04FFFFFFFF0CFFFFFFFF1358187F4B
310
FAE02BC0A017E7C1EBAB07C00000000000003940110D06636F656467650CFFFFFFFF04FFFFFFFF0CFFFFFFFF0C090200000C590200000C5A0200000C5B0200000A0C2600000004000000000CFFFFFFFF110D06636F656467650CFFFFFFFF04FFFFFFFF0CFFFFFFFF0C5C0200000C5D0200000C090200000C330200000B0C5E
310
02000004000000000CFFFFFFFF110D04656467650CFFFFFFFF04FFFFFFFF0CFFFFFFFF0C370200000600000000000000000C5F02000006E07A14AE47E102400C320200000C600200000B0707756E6B6E6F776E110D06636F656467650CFFFFFFFF04FFFFFFFF0CFFFFFFFF0C540200000C0A0200000C5D0200000C61020000
310
0B0C3602000004000000000CFFFFFFFF110D06636F656467650CFFFFFFFF04FFFFFFFF0CFFFFFFFF0C0A0200000C540200000C0C0200000C390200000A0C3602000004000000000CFFFFFFFF110D046C6F6F700CFFFFFFFF04FFFFFFFF0CFFFFFFFF0CFFFFFFFF0C0A0200000C62020000110D067665727465780CFFFFFFFF
310
04FFFFFFFF0CFFFFFFFF0C0B02000004010000000C63020000110E07656C6C697073650D0563757276650CFFFFFFFF04FFFFFFFF0CFFFFFFFF1380A2215F24CE29C02D95F8B06EF221C000000000000000001400000000000000800000000000000000000000000000F03F14F04ACBFDAB19F2BF4C6F1691E0CC0840000000
310
000000000006000000000000F03F0A0600000000000000000A068A2316120F20EE3F110D04656467650CFFFFFFFF04FFFFFFFF0CFFFFFFFF0C0F0200000600000000000000000C560200000600000000000039400C0C0200000C640200000B070774616E67656E74110D04666163650C6502000004FFFFFFFF0CFFFFFFFF0C
310
120200000C0E0200000C040000000CFFFFFFFF0C660200000B0B110D05706F696E740CFFFFFFFF04FFFFFFFF0CFFFFFFFF13DE0BDBDE59112CC0B4F265196D7E17C00000000000000000110E0873747261696768740D0563757276650CFFFFFFFF04FFFFFFFF0CFFFFFFFF13127371D200C12AC01768B52F06A513C0000000
310
00000000001400000000000000000000000000000000000000000000F03F0B0B110E09706572737562656E740E1061636164536F6C6964486973746F72790D066174747269620CFFFFFFFF04FFFFFFFF0CFFFFFFFF0CFFFFFFFF0C120200000401000000040100000004490000000400000000110E04636F6E650D07737572
310
666163650CFFFFFFFF04FFFFFFFF0CFFFFFFFF1300000000007073BD00000000003857BD00000000000000001400000000000000000000000000000000000000000000F03F14EA157F4BFAE02BC0B914E7C1EBAB07C0000000000000000006000000000000F03F0B0B06000000000000000006000000000000F03F067AFDFF
310
FFFF7F2C400B0B0B0B0B110E09706572737562656E740E1061636164536F6C6964486973746F72790D066174747269620CFFFFFFFF04FFFFFFFF0CFFFFFFFF0CFFFFFFFF0C180200000401000000040100000004170000000400000000110D04666163650C6702000004FFFFFFFF0CFFFFFFFF0C680200000C690200000C04
310
0000000CFFFFFFFF0C6A0200000B0B110D046C6F6F700CFFFFFFFF04FFFFFFFF0CFFFFFFFF0CFFFFFFFF0C6B0200000C18020000110E04636F6E650D07737572666163650CFFFFFFFF04FFFFFFFF0CFFFFFFFF13F19FEEA994F7234049ADC36838EC2640000000000000000014000000000000000000000000000000000000
310
00000000F03F143007B2D8D056EBBF7043DAFE65A1E0BF000000000000000006000000000000F03F0B0B06000000000000000006000000000000F0BF060D0000000000F03F0B0B0B0B0B110D06636F656467650CFFFFFFFF04FFFFFFFF0CFFFFFFFF0C6C0200000C6D0200000C6E0200000C6F0200000B0C19020000040000
310
00000CFFFFFFFF110D06636F656467650CFFFFFFFF04FFFFFFFF0CFFFFFFFF0C700200000C1B0200000C1D0200000C490200000B0CF101000004000000000CFFFFFFFF110D06636F656467650CFFFFFFFF04FFFFFFFF0CFFFFFFFF0C1B0200000C700200000C6C0200000C710200000A0CF101000004000000000CFFFFFFFF
310
110D06636F656467650CFFFFFFFF04FFFFFFFF0CFFFFFFFF0C6E0200000C1E0200000C1B0200000C470200000A0C2600000004000000000CFFFFFFFF110D04656467650CFFFFFFFF04FFFFFFFF0CFFFFFFFF0C720200000600000000000000000C4A02000006E07A14AE47E102400C1B0200000C730200000B0707756E6B6E
310
6F776E110D06636F656467650CFFFFFFFF04FFFFFFFF0CFFFFFFFF0C1D0200000C1C0200000C740200000C750200000A0CC901000004000000000CFFFFFFFF110D04656467650CFFFFFFFF04FFFFFFFF0CFFFFFFFF0C4A0200000600000000000000000C760200000600000000000039400C440200000C770200000B070775
310
6E6B6E6F776E110D067665727465780CFFFFFFFF04FFFFFFFF0CFFFFFFFF0C4702000004010000000C78020000110E07656C6C697073650D0563757276650CFFFFFFFF04FFFFFFFF0CFFFFFFFF130F150D8A05832140F2380011770E2A4000000000000000001400000000000000800000000000000000000000000000F03F
310
14309BC70C5421EDBF00EB92C02B600940000000000000000006000000000000F03F0A0600000000000000000A069F2316120F20EE3F110D06636F656467650CFFFFFFFF04FFFFFFFF0CFFFFFFFF0C240200000C740200000C200200000C4D0200000B0C5800000004000000000CFFFFFFFF110D04656467650CFFFFFFFF04
310
FFFFFFFF0CFFFFFFFF0C4E0200000600000000000000000C2602000006A3E32900AF90F83F0C200200000C790200000B0707756E6B6E6F776E110D067665727465780CFFFFFFFF04FFFFFFFF0CFFFFFFFF0C2102000004010000000C7A020000110E0873747261696768740D0563757276650CFFFFFFFF04FFFFFFFF0CFFFF
310
FFFF137EF28ECB9A9F16404FA2B990AC512C4000000000000000001400000000000000000000000000000000000000000000F03F0B0B110D05706F696E740CFFFFFFFF04FFFFFFFF0CFFFFFFFF137EF28ECB9A9F16404FA2B990AC512C400000000000000000110E07656C6C697073650D0563757276650CFFFFFFFF04FFFF
310
FFFF0CFFFFFFFF130000000000D041BD0000000000E05DBD00000000000039401400000000000000000000000000000000000000000000F03F14C2E89879F4A0114039C7A34B4B1A2B40000000000000000006000000000000F03F0B0B110D05706F696E740CFFFFFFFF04FFFFFFFF0CFFFFFFFF1334E89879F4A011404BC6
310
A34B4B1A2B400000000000003940110D06636F656467650CFFFFFFFF04FFFFFFFF0CFFFFFFFF0C7B0200000C2B0200000C7C0200000C7D0200000B0C5800000004000000000CFFFFFFFF110D06636F656467650CFFFFFFFF04FFFFFFFF0CFFFFFFFF0C350200000C340200000C2B0200000C550200000A0C36020000040000
310
00000CFFFFFFFF110D04656467650CFFFFFFFF04FFFFFFFF0CFFFFFFFF0C560200000600000000000000000C7E020000068A2316120F20EE3F0C540200000C7F0200000B0707756E6B6E6F776E110D067665727465780CFFFFFFFF04FFFFFFFF0CFFFFFFFF0C3902000004010000000C80020000110E07656C6C697073650D
310
0563757276650CFFFFFFFF04FFFFFFFF0CFFFFFFFF1320812A72DEC02CC02218919E79BC13C000000000000039401400000000000000000000000000000000000000000000F0BF14E0E090FBD9FDEF3F000CB0DB6E73973F000000000000000006000000000000F03F0B0B110D05706F696E740CFFFFFFFF04FFFFFFFF0CFF
310
FFFFFF13127371D200C12AC01868B52F06A513C00000000000003940110D06636F656467650CFFFFFFFF04FFFFFFFF0CFFFFFFFF0C310200000C810200000C820200000C830200000A0C2600000004000000000CFFFFFFFF110D06636F656467650CFFFFFFFF04FFFFFFFF0CFFFFFFFF0C840200000C850200000C31020000
310
0C5B0200000B0C8602000004000000000CFFFFFFFF110D04656467650CFFFFFFFF04FFFFFFFF0CFFFFFFFF0C5F0200000600000000000000000C87020000068B2316120F20EE3F0C5A0200000C880200000B0707756E6B6E6F776E110D06636F656467650CFFFFFFFF04FFFFFFFF0CFFFFFFFF0C7C0200000C320200000C85
310
0200000C890200000B0C5E02000004000000000CFFFFFFFF110D06636F656467650CFFFFFFFF04FFFFFFFF0CFFFFFFFF0C320200000C7C0200000C340200000C610200000A0C5E02000004000000000CFFFFFFFF110D046C6F6F700CFFFFFFFF04FFFFFFFF0CFFFFFFFF0CFFFFFFFF0C320200000C8A020000110D06766572
310
7465780CFFFFFFFF04FFFFFFFF0CFFFFFFFF0C3302000004010000000C8B020000110E0873747261696768740D0563757276650CFFFFFFFF04FFFFFFFF0CFFFFFFFF13A12EA3A7171330C0741B2C70592020C0000000000000000014D2FFFFFFFFFFDF3FB74C58E87AB6EBBF00000000000000000A0600000000000000000A
310
06E07A14AE47E10240110D04656467650CFFFFFFFF04FFFFFFFF0CFFFFFFFF0C370200000600000000000000000C7E0200000600000000000039400C340200000C8C0200000B0707756E6B6E6F776E110D04666163650C8D02000004FFFFFFFF0CFFFFFFFF0C3A0200000C360200000C040000000CFFFFFFFF0C8E0200000B
310
0B110D05706F696E740CFFFFFFFF04FFFFFFFF0CFFFFFFFF13A12EA3A7171330C0741B2C70592020C00000000000000000110E0873747261696768740D0563757276650CFFFFFFFF04FFFFFFFF0CFFFFFFFF13DE0BDBDE59112CC0B4F265196D7E17C000000000000000001400000000000000000000000000000000000000
310
000000F03F0B0B110E09706572737562656E740E1061636164536F6C6964486973746F72790D066174747269620CFFFFFFFF04FFFFFFFF0CFFFFFFFF0CFFFFFFFF0C3A0200000401000000040100000004480000000400000000110E04636F6E650D07737572666163650CFFFFFFFF04FFFFFFFF0CFFFFFFFF1320812A72DE
310
C02CC02218919E79BC13C000000000000000001400000000000000000000000000000000000000000000F03F14E0E090FBD9FDEF3F000CB0DB6E73973F000000000000000006000000000000F03F0B0B06000000000000000006000000000000F0BF060D0000000000F03F0B0B0B0B0B110E09706572737562656E740E1061
310
636164536F6C6964486973746F72790D066174747269620CFFFFFFFF04FFFFFFFF0CFFFFFFFF0CFFFFFFFF0C400200000401000000040100000004180000000400000000110D04666163650C8F02000004FFFFFFFF0CFFFFFFFF0C900200000C910200000C040000000CFFFFFFFF0C920200000B0B110D046C6F6F700CFFFF
310
FFFF04FFFFFFFF0CFFFFFFFF0CFFFFFFFF0C930200000C40020000110E04636F6E650D07737572666163650CFFFFFFFF04FFFFFFFF0CFFFFFFFF13000000000000293D000000000000000000000000000000001400000000000000000000000000000000000000000000F03F1449002A5B502F25403DA4B20E801023400000
310
00000000000006000000000000F03F0B0B06000000000000000006000000000000F03F06EDFFFFFFFF7F2C400B0B0B0B0B110D06636F656467650CFFFFFFFF04FFFFFFFF0CFFFFFFFF0C940200000C950200000C960200000C970200000B0C4102000004000000000CFFFFFFFF110D06636F656467650CFFFFFFFF04FFFFFF
310
FF0CFFFFFFFF0C980200000C430200000C450200000C710200000B0C1902000004000000000CFFFFFFFF110D06636F656467650CFFFFFFFF04FFFFFFFF0CFFFFFFFF0C430200000C980200000C940200000C990200000A0C1902000004000000000CFFFFFFFF110D06636F656467650CFFFFFFFF04FFFFFFFF0CFFFFFFFF0C
310
960200000C460200000C430200000C6F0200000A0C2600000004000000000CFFFFFFFF110D04656467650CFFFFFFFF04FFFFFFFF0CFFFFFFFF0C9A0200000600000000000000000C7202000006802316120F20EE3F0C430200000C9B0200000B0707756E6B6E6F776E110D06636F656467650CFFFFFFFF04FFFFFFFF0CFFFF
310
FFFF0C450200000C440200000C9C0200000C9D0200000A0CF101000004000000000CFFFFFFFF110D04656467650CFFFFFFFF04FFFFFFFF0CFFFFFFFF0C720200000600000000000000000C9E0200000600000000000039400C6C0200000C9F0200000B0707756E6B6E6F776E110D067665727465780CFFFFFFFF04FFFFFFFF
310
0CFFFFFFFF0C6F02000004010000000CA0020000110E0873747261696768740D0563757276650CFFFFFFFF04FFFFFFFF0CFFFFFFFF136C1CE2DA5FC723405464620B590A2E40000000000000000014A84C58E87AB6EBBF030000000000E03F00000000000000000A0600000000000000000A06E07A14AE47E10240110D0663
310
6F656467650CFFFFFFFF04FFFFFFFF0CFFFFFFFF0C4C0200000C9C0200000C480200000C750200000B0C5800000004000000000CFFFFFFFF110D04656467650CFFFFFFFF04FFFFFFFF0CFFFFFFFF0C760200000600000000000000000C4E020000069F2316120F20EE3F0C480200000CA10200000B0707756E6B6E6F776E11
310
0D067665727465780CFFFFFFFF04FFFFFFFF0CFFFFFFFF0C4902000004010000000CA2020000110E0873747261696768740D0563757276650CFFFFFFFF04FFFFFFFF0CFFFFFFFF13B8368192E0611F40D97992004133304000000000000000001400000000000000000000000000000000000000000000F03F0B0B110D0570
310
6F696E740CFFFFFFFF04FFFFFFFF0CFFFFFFFF13B8368192E0611F40D9799200413330400000000000000000110E07656C6C697073650D0563757276650CFFFFFFFF04FFFFFFFF0CFFFFFFFF13F117BA50A7DD12409317092431012D4000000000000039401400000000000000000000000000000000000000000000F0BF14
310
68D4A6D69B0FEE3F60A8EE6992F0D5BF000000000000000006000000000000F03F0B0B110D05706F696E740CFFFFFFFF04FFFFFFFF0CFFFFFFFF137CF28ECB9A9F16404FA2B990AC512C400000000000003940110D06636F656467650CFFFFFFFF04FFFFFFFF0CFFFFFFFF0CA30200000C530200000CA40200000CA5020000
310
0B0C5800000004000000000CFFFFFFFF110D06636F656467650CFFFFFFFF04FFFFFFFF0CFFFFFFFF0C5D0200000C5C0200000C530200000C7D0200000A0C5E02000004000000000CFFFFFFFF110D04656467650CFFFFFFFF04FFFFFFFF0CFFFFFFFF0C7E0200000600000000000000000CA602000006E07A14AE47E102400C
310
7C0200000CA70200000B0707756E6B6E6F776E110D067665727465780CFFFFFFFF04FFFFFFFF0CFFFFFFFF0C6102000004010000000CA8020000110E07656C6C697073650D0563757276650CFFFFFFFF04FFFFFFFF0CFFFFFFFF1380A2215F24CE29C02D95F8B06EF221C00000000000003940140000000000000000000000
310
0000000000000000000000F03F14F04ACBFDAB19F2BF4C6F1691E0CC0840000000000000000006000000000000F03F0B0B110D05706F696E740CFFFFFFFF04FFFFFFFF0CFFFFFFFF13DE0BDBDE59112CC0B4F265196D7E17C00000000000003940110D06636F656467650CFFFFFFFF04FFFFFFFF0CFFFFFFFF0C590200000C
310
A90200000CAA0200000CAB0200000A0C2600000004000000000CFFFFFFFF110D06636F656467650CFFFFFFFF04FFFFFFFF0CFFFFFFFF0CAC0200000CAD0200000C590200000C830200000B0CAE02000004000000000CFFFFFFFF110D04656467650CFFFFFFFF04FFFFFFFF0CFFFFFFFF0C870200000600000000000000000C
310
AF02000006ADE32900AF90F83F0C820200000CB00200000B0707756E6B6E6F776E110D06636F656467650CFFFFFFFF04FFFFFFFF0CFFFFFFFF0CA40200000C5A0200000CAD0200000CB10200000B0C8602000004000000000CFFFFFFFF110D06636F656467650CFFFFFFFF04FFFFFFFF0CFFFFFFFF0C5A0200000CA4020000
310
0C5C0200000C890200000A0C8602000004000000000CFFFFFFFF110D046C6F6F700CFFFFFFFF04FFFFFFFF0CFFFFFFFF0CFFFFFFFF0C5A0200000CB2020000110D067665727465780CFFFFFFFF04FFFFFFFF0CFFFFFFFF0C5B02000004010000000CB3020000110E07656C6C697073650D0563757276650CFFFFFFFF04FFFF
310
FFFF0CFFFFFFFF1361A927A7A4312CC0101AB215909E1BC000000000000000001400000000000000000000000000000080000000000000F03F147048C2251B86E9BFF83DD2DB039E09C0000000000000000006000000000000F03F0A0600000000000000000A068B2316120F20EE3F110D04656467650CFFFFFFFF04FFFFFF
310
FF0CFFFFFFFF0C5F0200000600000000000000000CA60200000600000000000039400C5C0200000CB40200000B0707756E6B6E6F776E110D04666163650CB502000004FFFFFFFF0CFFFFFFFF0C620200000C5E0200000C040000000CFFFFFFFF0CB60200000B0B110D05706F696E740CFFFFFFFF04FFFFFFFF0CFFFFFFFF13
310
E8CD835906CA2DC0869CCD01C93624C00000000000000000110E0873747261696768740D0563757276650CFFFFFFFF04FFFFFFFF0CFFFFFFFF13A12EA3A7171330C0741B2C70592020C000000000000000001400000000000000000000000000000000000000000000F03F0B0B110E09706572737562656E740E1061636164
310
536F6C6964486973746F72790D066174747269620CFFFFFFFF04FFFFFFFF0CFFFFFFFF0CFFFFFFFF0C620200000401000000040100000004470000000400000000110E04636F6E650D07737572666163650CFFFFFFFF04FFFFFFFF0CFFFFFFFF1380A2215F24CE29C02D95F8B06EF221C00000000000000000140000000000
310
0000000000000000000000000000000000F03F14F04ACBFDAB19F2BF4C6F1691E0CC0840000000000000000006000000000000F03F0B0B06000000000000000006000000000000F03F067066666666660A400B0B0B0B0B110E09706572737562656E740E1061636164536F6C6964486973746F72790D066174747269620CFF
310
FFFFFF04FFFFFFFF0CFFFFFFFF0CFFFFFFFF0C680200000401000000040100000004190000000400000000110D04666163650CB702000004FFFFFFFF0CFFFFFFFF0CB80200000CB90200000C040000000CFFFFFFFF0CBA0200000B0B110D046C6F6F700CFFFFFFFF04FFFFFFFF0CFFFFFFFF0CFFFFFFFF0CBB0200000C6802
310
0000110E04636F6E650D07737572666163650CFFFFFFFF04FFFFFFFF0CFFFFFFFF13DF16E5B6E5AB26400E20DAD0FD66244000000000000000001400000000000000000000000000000000000000000000F03F14002DBC1E738CE43FE0C99EF2D987E8BF000000000000000006000000000000F03F0B0B0600000000000000
310
0006000000000000F0BF06080000000000F03F0B0B0B0B0B110D06636F656467650CFFFFFFFF04FFFFFFFF0CFFFFFFFF0CBC0200000CBD0200000CBE0200000CBF0200000B0C6902000004000000000CFFFFFFFF110D06636F656467650CFFFFFFFF04FFFFFFFF0CFFFFFFFF0CC00200000C6B0200000C6D0200000C990200
310
000B0C4102000004000000000CFFFFFFFF110D06636F656467650CFFFFFFFF04FFFFFFFF0CFFFFFFFF0C6B0200000CC00200000CBC0200000CC10200000A0C4102000004000000000CFFFFFFFF110D06636F656467650CFFFFFFFF04FFFFFFFF0CFFFFFFFF0CBE0200000C6E0200000C6B0200000C970200000A0C26000000
310
04000000000CFFFFFFFF110D04656467650CFFFFFFFF04FFFFFFFF0CFFFFFFFF0CC20200000600000000000000000C9A02000006DA69E36B95E6F33F0C6B0200000CC30200000B0707756E6B6E6F776E110D06636F656467650CFFFFFFFF04FFFFFFFF0CFFFFFFFF0C6D0200000C6C0200000CC40200000CC50200000A0C19
310
02000004000000000CFFFFFFFF110D04656467650CFFFFFFFF04FFFFFFFF0CFFFFFFFF0C9A0200000600000000000000000CC60200000600000000000039400C940200000CC70200000B070774616E67656E74110D067665727465780CFFFFFFFF04FFFFFFFF0CFFFFFFFF0C9702000004010000000CC8020000110E07656C
310
6C697073650D0563757276650CFFFFFFFF04FFFFFFFF0CFFFFFFFF13D319DBC7BDBF1A40D43F0659F7712C4000000000000000001400000000000000000000000000000000000000000000F03F14AE995C9BE03C0440E03E5BF9DEF300C0000000000000000006000000000000F03F0A0600000000000000000A0680231612
310
0F20EE3F110D06636F656467650CFFFFFFFF04FFFFFFFF0CFFFFFFFF0C740200000CC40200000C700200000C9D0200000B0C5800000004000000000CFFFFFFFF110D04656467650CFFFFFFFF04FFFFFFFF0CFFFFFFFF0C9E0200000600000000000000000C7602000006E07A14AE47E102400C700200000CC90200000B0707
310
756E6B6E6F776E110D067665727465780CFFFFFFFF04FFFFFFFF0CFFFFFFFF0C7102000004010000000CCA020000110E0873747261696768740D0563757276650CFFFFFFFF04FFFFFFFF0CFFFFFFFF136D1CE2DA5FC723405464620B590A2E4000000000000000001400000000000000000000000000000000000000000000
310
F03F0B0B110D05706F696E740CFFFFFFFF04FFFFFFFF0CFFFFFFFF136D1CE2DA5FC723405464620B590A2E400000000000000000110E07656C6C697073650D0563757276650CFFFFFFFF04FFFFFFFF0CFFFFFFFF130F150D8A05832140F2380011770E2A400000000000003940140000000000000000000000000000000000
310
0000000000F03F14309BC70C5421EDBF00EB92C02B600940000000000000000006000000000000F03F0B0B110D05706F696E740CFFFFFFFF04FFFFFFFF0CFFFFFFFF13B8368192E0611F40D9799200413330400000000000003940110D06636F656467650CFFFFFFFF04FFFFFFFF0CFFFFFFFF0CCB0200000C7B0200000CCC
310
0200000CCD0200000B0C5800000004000000000CFFFFFFFF110D06636F656467650CFFFFFFFF04FFFFFFFF0CFFFFFFFF0C850200000C840200000C7B0200000CA50200000A0C8602000004000000000CFFFFFFFF110D04656467650CFFFFFFFF04FFFFFFFF0CFFFFFFFF0CA60200000600000000000000000CCE020000068B
310
2316120F20EE3F0CA40200000CCF0200000B0707756E6B6E6F776E110D067665727465780CFFFFFFFF04FFFFFFFF0CFFFFFFFF0C8902000004010000000CD0020000110E0873747261696768740D0563757276650CFFFFFFFF04FFFFFFFF0CFFFFFFFF13A12EA3A7171330C0741B2C70592020C0000000000000394014D2FF
310
FFFFFFFFDF3FB74C58E87AB6EBBF00000000000000000B0B110D05706F696E740CFFFFFFFF04FFFFFFFF0CFFFFFFFF13A12EA3A7171330C0741B2C70592020C00000000000003940110D06636F656467650CFFFFFFFF04FFFFFFFF0CFFFFFFFF0C810200000CD10200000CD20200000CD30200000A0C260000000400000000
310
0CFFFFFFFF110D06636F656467650CFFFFFFFF04FFFFFFFF0CFFFFFFFF0CD40200000CD50200000C810200000CAB0200000B0CD602000004000000000CFFFFFFFF110D04656467650CFFFFFFFF04FFFFFFFF0CFFFFFFFF0CAF0200000600000000000000000CD7020000061D93881EB143C23F0CAA0200000CD80200000B07
310
07756E6B6E6F776E110D06636F656467650CFFFFFFFF04FFFFFFFF0CFFFFFFFF0CCC0200000C820200000CD50200000CD90200000B0CAE02000004000000000CFFFFFFFF110D06636F656467650CFFFFFFFF04FFFFFFFF0CFFFFFFFF0C820200000CCC0200000C840200000CB10200000A0CAE02000004000000000CFFFFFF
310
FF110D046C6F6F700CFFFFFFFF04FFFFFFFF0CFFFFFFFF0CFFFFFFFF0C820200000CDA020000110D067665727465780CFFFFFFFF04FFFFFFFF0CFFFFFFFF0C8302000004010000000CDB020000110E07656C6C697073650D0563757276650CFFFFFFFF04FFFFFFFF0CFFFFFFFF13DC16E5B6E5AB26C00F20DAD0FD6624C000
310
000000000000001400000000000000000000000000000080000000000000F0BF14402DBC1E738CE4BFA0C99EF2D987E83F000000000000000006000000000000F03F0A0600000000000000000A06ADE32900AF90F83F110D04656467650CFFFFFFFF04FFFFFFFF0CFFFFFFFF0C870200000600000000000000000CCE020000
310
0600000000000039400C840200000CDC0200000B070774616E67656E74110D04666163650CDD02000004FFFFFFFF0CFFFFFFFF0C8A0200000C860200000C040000000CFFFFFFFF0CDE0200000B0B110D05706F696E740CFFFFFFFF04FFFFFFFF0CFFFFFFFF13B0D9D0E8ACF427C07433B03180DE22C0000000000000000011
310
0E0873747261696768740D0563757276650CFFFFFFFF04FFFFFFFF0CFFFFFFFF13E8CD835906CA2DC0869CCD01C93624C000000000000000001400000000000000000000000000000000000000000000F03F0B0B110E09706572737562656E740E1061636164536F6C6964486973746F72790D066174747269620CFFFFFFFF
310
04FFFFFFFF0CFFFFFFFF0CFFFFFFFF0C8A0200000402000000040100000004450000000400000000040100000004460000000400000000110E05706C616E650D07737572666163650CFFFFFFFF04FFFFFFFF0CFFFFFFFF13A12EA3A7171330C0741B2C70592020C0000000000000000014B84C58E87AB6EBBFD3FFFFFFFFFF
310
DFBF000000000000000014D3FFFFFFFFFFDF3FB84C58E87AB6EBBF00000000000000000B0B0B0B0B110E09706572737562656E740E1061636164536F6C6964486973746F72790D066174747269620CFFFFFFFF04FFFFFFFF0CFFFFFFFF0CFFFFFFFF0C9002000004010000000401000000041A0000000400000000110D0466
310
6163650CDF02000004FFFFFFFF0CFFFFFFFF0CE00200000CE10200000C040000000CFFFFFFFF0CE20200000B0B110D046C6F6F700CFFFFFFFF04FFFFFFFF0CFFFFFFFF0CFFFFFFFF0CE30200000C90020000110E04636F6E650D07737572666163650CFFFFFFFF04FFFFFFFF0CFFFFFFFF1364A927A7A4312C402A1AB21590
310
9E1B4000000000000000001400000000000000000000000000000000000000000000F03F142048C2251B86E93FCC3DD2DB039E0940000000000000000006000000000000F03F0B0B06000000000000000006000000000000F03F064066666666660A400B0B0B0B0B110D06636F656467650CFFFFFFFF04FFFFFFFF0CFFFFFF
310
FF0CE40200000CE50200000CE60200000CE70200000B0C9102000004000000000CFFFFFFFF110D06636F656467650CFFFFFFFF04FFFFFFFF0CFFFFFFFF0CE80200000C930200000C950200000CC10200000B0C6902000004000000000CFFFFFFFF110D06636F656467650CFFFFFFFF04FFFFFFFF0CFFFFFFFF0C930200000C
310
E80200000CE40200000CE90200000A0C6902000004000000000CFFFFFFFF110D06636F656467650CFFFFFFFF04FFFFFFFF0CFFFFFFFF0CE60200000C960200000C930200000CBF0200000A0C2600000004000000000CFFFFFFFF110D04656467650CFFFFFFFF04FFFFFFFF0CFFFFFFFF0CEA0200000600000000000000000C
310
C2020000067093881EB143C23F0C930200000CEB0200000B0707756E6B6E6F776E110D06636F656467650CFFFFFFFF04FFFFFFFF0CFFFFFFFF0C950200000C940200000CEC0200000CED0200000A0C4102000004000000000CFFFFFFFF110D04656467650CFFFFFFFF04FFFFFFFF0CFFFFFFFF0CC202000006000000000000
310
00000CEE0200000600000000000039400CBC0200000CEF0200000B0707756E6B6E6F776E110D067665727465780CFFFFFFFF04FFFFFFFF0CFFFFFFFF0CBF02000004010000000CF0020000110E07656C6C697073650D0563757276650CFFFFFFFF04FFFFFFFF0CFFFFFFFF13F19FEEA994F7234049ADC36838EC2640000000
310
00000000001400000000000000000000000000000000000000000000F0BF143007B2D8D056EBBF7043DAFE65A1E0BF000000000000000006000000000000F03F0A0600000000000000000A06DA69E36B95E6F33F110D06636F656467650CFFFFFFFF04FFFFFFFF0CFFFFFFFF0C9C0200000CEC0200000C980200000CC50200
310
000B0C5800000004000000000CFFFFFFFF110D04656467650CFFFFFFFF04FFFFFFFF0CFFFFFFFF0CC60200000600000000000000000C9E02000006802316120F20EE3F0C980200000CF10200000B0707756E6B6E6F776E110D067665727465780CFFFFFFFF04FFFFFFFF0CFFFFFFFF0C9902000004010000000CF202000011
310
0E0873747261696768740D0563757276650CFFFFFFFF04FFFFFFFF0CFFFFFFFF1355B3C40A176F22401C70AF9AFF34284000000000000000001400000000000000000000000000000000000000000000F03F0B0B110D05706F696E740CFFFFFFFF04FFFFFFFF0CFFFFFFFF1355B3C40A176F22401C70AF9AFF342840000000
310
0000000000110E0873747261696768740D0563757276650CFFFFFFFF04FFFFFFFF0CFFFFFFFF136C1CE2DA5FC723405464620B590A2E40000000000000394014A84C58E87AB6EBBF030000000000E03F00000000000000000B0B110D05706F696E740CFFFFFFFF04FFFFFFFF0CFFFFFFFF136E1CE2DA5FC723405464620B59
310
0A2E400000000000003940110D06636F656467650CFFFFFFFF04FFFFFFFF0CFFFFFFFF0CF30200000CA30200000CF40200000CF50200000B0C5800000004000000000CFFFFFFFF110D06636F656467650CFFFFFFFF04FFFFFFFF0CFFFFFFFF0CAD0200000CAC0200000CA30200000CCD0200000A0CAE02000004000000000C
310
FFFFFFFF110D04656467650CFFFFFFFF04FFFFFFFF0CFFFFFFFF0CCE0200000600000000000000000CF602000006ADE32900AF90F83F0CCC0200000CF70200000B0707756E6B6E6F776E110D067665727465780CFFFFFFFF04FFFFFFFF0CFFFFFFFF0CB102000004010000000CF8020000110E07656C6C697073650D056375
310
7276650CFFFFFFFF04FFFFFFFF0CFFFFFFFF1361A927A7A4312CC0101AB215909E1BC000000000000039401400000000000000000000000000000000000000000000F03F147048C2251B86E9BFF83DD2DB039E09C0000000000000000006000000000000F03F0B0B110D05706F696E740CFFFFFFFF04FFFFFFFF0CFFFFFFFF
310
13E8CD835906CA2DC0869CCD01C93624C00000000000003940110D06636F656467650CFFFFFFFF04FFFFFFFF0CFFFFFFFF0CA90200000CF90200000CFA0200000CFB0200000A0C2600000004000000000CFFFFFFFF110D06636F656467650CFFFFFFFF04FFFFFFFF0CFFFFFFFF0CFC0200000CFD0200000CA90200000CD302
310
00000B0CFE02000004000000000CFFFFFFFF110D04656467650CFFFFFFFF04FFFFFFFF0CFFFFFFFF0CD70200000600000000000000000CFF02000006CD69E36B95E6F33F0CD20200000C000300000B0707756E6B6E6F776E110D06636F656467650CFFFFFFFF04FFFFFFFF0CFFFFFFFF0CF40200000CAA0200000CFD020000
310
0C010300000B0CD602000004000000000CFFFFFFFF110D06636F656467650CFFFFFFFF04FFFFFFFF0CFFFFFFFF0CAA0200000CF40200000CAC0200000CD90200000A0CD602000004000000000CFFFFFFFF110D046C6F6F700CFFFFFFFF04FFFFFFFF0CFFFFFFFF0CFFFFFFFF0CAA0200000C02030000110D06766572746578
310
0CFFFFFFFF04FFFFFFFF0CFFFFFFFF0CAB02000004010000000C03030000110E07656C6C697073650D0563757276650CFFFFFFFF04FFFFFFFF0CFFFFFFFF13000000000040413D000000000000483D00000000000000001400000000000000800000000000000080000000000000F03F14A5002A5B502F25C0A0A4B20E8010
310
23C0000000000000000006000000000000F03F0A0600000000000000000A061D93881EB143C23F110D04656467650CFFFFFFFF04FFFFFFFF0CFFFFFFFF0CAF0200000600000000000000000CF60200000600000000000039400CAC0200000C040300000B070774616E67656E74110D04666163650C0503000004FFFFFFFF0C
310
FFFFFFFF0CB20200000CAE0200000C040000000CFFFFFFFF0C060300000B0B110D05706F696E740CFFFFFFFF04FFFFFFFF0CFFFFFFFF1360002A5B502F25C040A4B20E801023C00000000000000000110E0873747261696768740D0563757276650CFFFFFFFF04FFFFFFFF0CFFFFFFFF13B0D9D0E8ACF427C07433B03180DE
310
22C000000000000000001400000000000000000000000000000000000000000000F03F0B0B110E09706572737562656E740E1061636164536F6C6964486973746F72790D066174747269620CFFFFFFFF04FFFFFFFF0CFFFFFFFF0CFFFFFFFF0CB20200000401000000040100000004440000000400000000110E04636F6E65
310
0D07737572666163650CFFFFFFFF04FFFFFFFF0CFFFFFFFF1361A927A7A4312CC0101AB215909E1BC000000000000000001400000000000000000000000000000000000000000000F03F147048C2251B86E9BFF83DD2DB039E09C0000000000000000006000000000000F03F0B0B06000000000000000006000000000000F0
310
3F067066666666660A400B0B0B0B0B110E09706572737562656E740E1061636164536F6C6964486973746F72790D066174747269620CFFFFFFFF04FFFFFFFF0CFFFFFFFF0CFFFFFFFF0CB802000004020000000401000000041B00000004000000000401000000041C0000000400000000110D04666163650C0703000004FF
310
FFFFFF0CFFFFFFFF0C080300000C090300000C040000000CFFFFFFFF0C0A0300000B0B110D046C6F6F700CFFFFFFFF04FFFFFFFF0CFFFFFFFF0CFFFFFFFF0C0B0300000CB8020000110E05706C616E650D07737572666163650CFFFFFFFF04FFFFFFFF0CFFFFFFFF13A12EA3A717133040761B2C7059202040000000000000
310
000014A94C58E87AB6EB3F040000000000E03F000000000000008014040000000000E0BFA94C58E87AB6EB3F00000000000000000B0B0B0B0B110D06636F656467650CFFFFFFFF04FFFFFFFF0CFFFFFFFF0C0C0300000C0D0300000C0E0300000C0F0300000B0CB902000004000000000CFFFFFFFF110D06636F656467650C
310
FFFFFFFF04FFFFFFFF0CFFFFFFFF0C100300000CBB0200000CBD0200000CE90200000B0C9102000004000000000CFFFFFFFF110D06636F656467650CFFFFFFFF04FFFFFFFF0CFFFFFFFF0CBB0200000C100300000C0C0300000C110300000A0C9102000004000000000CFFFFFFFF110D06636F656467650CFFFFFFFF04FFFF
310
FFFF0CFFFFFFFF0C0E0300000CBE0200000CBB0200000CE70200000A0C2600000004000000000CFFFFFFFF110D04656467650CFFFFFFFF04FFFFFFFF0CFFFFFFFF0C120300000600000000000000000CEA0200000680E32900AF90F83F0CBB0200000C130300000B0707756E6B6E6F776E110D06636F656467650CFFFFFFFF
310
04FFFFFFFF0CFFFFFFFF0CBD0200000CBC0200000C140300000C150300000A0C6902000004000000000CFFFFFFFF110D04656467650CFFFFFFFF04FFFFFFFF0CFFFFFFFF0CEA0200000600000000000000000C160300000600000000000039400CE40200000C170300000B070774616E67656E74110D067665727465780CFF
310
FFFFFF04FFFFFFFF0CFFFFFFFF0CE702000004010000000C18030000110E07656C6C697073650D0563757276650CFFFFFFFF04FFFFFFFF0CFFFFFFFF13000000000000293D000000000000000000000000000000001400000000000000000000000000000000000000000000F03F1449002A5B502F25403DA4B20E80102340
310
000000000000000006000000000000F03F0A0600000000000000000A067093881EB143C23F110D06636F656467650CFFFFFFFF04FFFFFFFF0CFFFFFFFF0CC40200000C140300000CC00200000CED0200000B0C5800000004000000000CFFFFFFFF110D04656467650CFFFFFFFF04FFFFFFFF0CFFFFFFFF0CEE020000060000
310
0000000000000CC602000006DA69E36B95E6F33F0CC00200000C190300000B0707756E6B6E6F776E110D067665727465780CFFFFFFFF04FFFFFFFF0CFFFFFFFF0CC102000004010000000C1A030000110E0873747261696768740D0563757276650CFFFFFFFF04FFFFFFFF0CFFFFFFFF137E7F639C274222401209D60822E2
310
254000000000000000001400000000000000000000000000000000000000000000F03F0B0B110D05706F696E740CFFFFFFFF04FFFFFFFF0CFFFFFFFF137E7F639C274222401209D60822E225400000000000000000110E07656C6C697073650D0563757276650CFFFFFFFF04FFFFFFFF0CFFFFFFFF13D319DBC7BDBF1A40D4
310
3F0659F7712C4000000000000039401400000000000000000000000000000000000000000000F03F14AE995C9BE03C0440E03E5BF9DEF300C0000000000000000006000000000000F03F0B0B110D05706F696E740CFFFFFFFF04FFFFFFFF0CFFFFFFFF1356B3C40A176F22401C70AF9AFF3428400000000000003940110D06
310
636F656467650CFFFFFFFF04FFFFFFFF0CFFFFFFFF0C1B0300000CCB0200000C1C0300000C1D0300000B0C5800000004000000000CFFFFFFFF110D06636F656467650CFFFFFFFF04FFFFFFFF0CFFFFFFFF0CD50200000CD40200000CCB0200000CF50200000A0CD602000004000000000CFFFFFFFF110D04656467650CFFFF
310
FFFF04FFFFFFFF0CFFFFFFFF0CF60200000600000000000000000C1E030000061D93881EB143C23F0CF40200000C1F0300000B0707756E6B6E6F776E110D067665727465780CFFFFFFFF04FFFFFFFF0CFFFFFFFF0CD902000004010000000C20030000110E07656C6C697073650D0563757276650CFFFFFFFF04FFFFFFFF0C
310
FFFFFFFF13DC16E5B6E5AB26C00F20DAD0FD6624C000000000000039401400000000000000000000000000000000000000000000F0BF14402DBC1E738CE4BFA0C99EF2D987E83F000000000000000006000000000000F03F0B0B110D05706F696E740CFFFFFFFF04FFFFFFFF0CFFFFFFFF13B0D9D0E8ACF427C07433B03180
310
DE22C00000000000003940110D06636F656467650CFFFFFFFF04FFFFFFFF0CFFFFFFFF0CD10200000C210300000C220300000C230300000A0C2600000004000000000CFFFFFFFF110D06636F656467650CFFFFFFFF04FFFFFFFF0CFFFFFFFF0C240300000C250300000CD10200000CFB0200000B0C2603000004000000000C
310
FFFFFFFF110D04656467650CFFFFFFFF04FFFFFFFF0CFFFFFFFF0CFF0200000600000000000000000C2703000006912316120F20EE3F0CFA0200000C280300000B0707756E6B6E6F776E110D06636F656467650CFFFFFFFF04FFFFFFFF0CFFFFFFFF0C1C0300000CD20200000C250300000C290300000B0CFE020000040000
310
00000CFFFFFFFF110D06636F656467650CFFFFFFFF04FFFFFFFF0CFFFFFFFF0CD20200000C1C0300000CD40200000C010300000A0CFE02000004000000000CFFFFFFFF110D046C6F6F700CFFFFFFFF04FFFFFFFF0CFFFFFFFF0CFFFFFFFF0CD20200000C2A030000110D067665727465780CFFFFFFFF04FFFFFFFF0CFFFFFF
310
FF0CD302000004010000000C2B030000110E07656C6C697073650D0563757276650CFFFFFFFF04FFFFFFFF0CFFFFFFFF13ED9FEEA994F723C046ADC36838EC26C000000000000000001400000000000000800000000000000000000000000000F0BF141007B2D8D056EB3F1043DAFE65A1E03F000000000000000006000000
310
000000F03F0A0600000000000000000A06CD69E36B95E6F33F110D04656467650CFFFFFFFF04FFFFFFFF0CFFFFFFFF0CD70200000600000000000000000C1E0300000600000000000039400CD40200000C2C0300000B0707756E6B6E6F776E110D04666163650C2D03000004FFFFFFFF0CFFFFFFFF0CDA0200000CD6020000
310
0C040000000CFFFFFFFF0C2E0300000B0B110D05706F696E740CFFFFFFFF04FFFFFFFF0CFFFFFFFF137B7F639C274222C01509D60822E225C00000000000000000110E0873747261696768740D0563757276650CFFFFFFFF04FFFFFFFF0CFFFFFFFF1360002A5B502F25C040A4B20E801023C0000000000000000014000000
310
00000000000000000000000000000000000000F03F0B0B110E09706572737562656E740E1061636164536F6C6964486973746F72790D066174747269620CFFFFFFFF04FFFFFFFF0CFFFFFFFF0CFFFFFFFF0CDA0200000401000000040100000004430000000400000000110E04636F6E650D07737572666163650CFFFFFFFF
310
04FFFFFFFF0CFFFFFFFF13DC16E5B6E5AB26C00F20DAD0FD6624C000000000000000001400000000000000000000000000000000000000000000F03F14402DBC1E738CE4BFA0C99EF2D987E83F000000000000000006000000000000F03F0B0B06000000000000000006000000000000F0BF06040000000000F03F0B0B0B0B
310
0B110E09706572737562656E740E1061636164536F6C6964486973746F72790D066174747269620CFFFFFFFF04FFFFFFFF0CFFFFFFFF0CFFFFFFFF0CE002000004010000000401000000041D0000000400000000110D04666163650C2F03000004FFFFFFFF0CFFFFFFFF0C300300000C310300000C040000000CFFFFFFFF0C
310
320300000B0B110D046C6F6F700CFFFFFFFF04FFFFFFFF0CFFFFFFFF0CFFFFFFFF0C330300000CE0020000110E04636F6E650D07737572666163650CFFFFFFFF04FFFFFFFF0CFFFFFFFF1380A2215F24CE29402A95F8B06EF2214000000000000000001400000000000000000000000000000000000000000000F03F14F84A
310
CBFDAB19F23F406F1691E0CC08C0000000000000000006000000000000F03F0B0B06000000000000000006000000000000F03F066666666666660A400B0B0B0B0B110D06636F656467650CFFFFFFFF04FFFFFFFF0CFFFFFFFF0C340300000C350300000C360300000C370300000B0CE102000004000000000CFFFFFFFF110D
310
06636F656467650CFFFFFFFF04FFFFFFFF0CFFFFFFFF0C380300000CE30200000CE50200000C110300000B0CB902000004000000000CFFFFFFFF110D06636F656467650CFFFFFFFF04FFFFFFFF0CFFFFFFFF0CE30200000C380300000C340300000C390300000A0CB902000004000000000CFFFFFFFF110D06636F65646765
310
0CFFFFFFFF04FFFFFFFF0CFFFFFFFF0C360300000CE60200000CE30200000C0F0300000A0C2600000004000000000CFFFFFFFF110D04656467650CFFFFFFFF04FFFFFFFF0CFFFFFFFF0C3A0300000600000000000000000C1203000006C72316120F20EE3F0CE30200000C3B0300000B0707756E6B6E6F776E110D06636F65
310
6467650CFFFFFFFF04FFFFFFFF0CFFFFFFFF0CE50200000CE40200000C3C0300000C3D0300000A0C9102000004000000000CFFFFFFFF110D04656467650CFFFFFFFF04FFFFFFFF0CFFFFFFFF0C120300000600000000000000000C3E0300000600000000000039400C0C0300000C3F0300000B070774616E67656E74110D06
310
7665727465780CFFFFFFFF04FFFFFFFF0CFFFFFFFF0C0F03000004010000000C40030000110E07656C6C697073650D0563757276650CFFFFFFFF04FFFFFFFF0CFFFFFFFF13DF16E5B6E5AB26400E20DAD0FD66244000000000000000001400000000000000000000000000000000000000000000F0BF14002DBC1E738CE43F
310
E0C99EF2D987E8BF000000000000000006000000000000F03F0A0600000000000000000A0680E32900AF90F83F110D06636F656467650CFFFFFFFF04FFFFFFFF0CFFFFFFFF0CEC0200000C3C0300000CE80200000C150300000B0C5800000004000000000CFFFFFFFF110D04656467650CFFFFFFFF04FFFFFFFF0CFFFFFFFF
310
0C160300000600000000000000000CEE020000067093881EB143C23F0CE80200000C410300000B0707756E6B6E6F776E110D067665727465780CFFFFFFFF04FFFFFFFF0CFFFFFFFF0CE902000004010000000C42030000110E0873747261696768740D0563757276650CFFFFFFFF04FFFFFFFF0CFFFFFFFF1363002A5B502F
310
25403EA4B20E8010234000000000000000001400000000000000000000000000000000000000000000F03F0B0B110D05706F696E740CFFFFFFFF04FFFFFFFF0CFFFFFFFF1363002A5B502F25403EA4B20E801023400000000000000000110E07656C6C697073650D0563757276650CFFFFFFFF04FFFFFFFF0CFFFFFFFF13F1
310
9FEEA994F7234049ADC36838EC264000000000000039401400000000000000000000000000000000000000000000F0BF143007B2D8D056EBBF7043DAFE65A1E0BF000000000000000006000000000000F03F0B0B110D05706F696E740CFFFFFFFF04FFFFFFFF0CFFFFFFFF137E7F639C274222401209D60822E22540000000
310
0000003940110D06636F656467650CFFFFFFFF04FFFFFFFF0CFFFFFFFF0C430300000CF30200000C440300000C450300000B0C5800000004000000000CFFFFFFFF110D06636F656467650CFFFFFFFF04FFFFFFFF0CFFFFFFFF0CFD0200000CFC0200000CF30200000C1D0300000A0CFE02000004000000000CFFFFFFFF110D
310
04656467650CFFFFFFFF04FFFFFFFF0CFFFFFFFF0C1E0300000600000000000000000C4603000006CD69E36B95E6F33F0C1C0300000C470300000B0707756E6B6E6F776E110D067665727465780CFFFFFFFF04FFFFFFFF0CFFFFFFFF0C0103000004010000000C48030000110E07656C6C697073650D0563757276650CFFFF
310
FFFF04FFFFFFFF0CFFFFFFFF13000000000040413D000000000000483D00000000000039401400000000000000000000000000000000000000000000F03F14A5002A5B502F25C0A0A4B20E801023C0000000000000000006000000000000F03F0B0B110D05706F696E740CFFFFFFFF04FFFFFFFF0CFFFFFFFF1360002A5B50
310
2F25C040A4B20E801023C00000000000003940110D06636F656467650CFFFFFFFF04FFFFFFFF0CFFFFFFFF0CF90200000C490300000C4A0300000C4B0300000A0C2600000004000000000CFFFFFFFF110D06636F656467650CFFFFFFFF04FFFFFFFF0CFFFFFFFF0C4C0300000C4D0300000CF90200000C230300000B0C4E03
310
000004000000000CFFFFFFFF110D04656467650CFFFFFFFF04FFFFFFFF0CFFFFFFFF0C270300000600000000000000000C4F03000006E67A14AE47E102400C220300000C500300000B0707756E6B6E6F776E110D06636F656467650CFFFFFFFF04FFFFFFFF0CFFFFFFFF0C440300000CFA0200000C4D0300000C510300000B
310
0C2603000004000000000CFFFFFFFF110D06636F656467650CFFFFFFFF04FFFFFFFF0CFFFFFFFF0CFA0200000C440300000CFC0200000C290300000A0C2603000004000000000CFFFFFFFF110D046C6F6F700CFFFFFFFF04FFFFFFFF0CFFFFFFFF0CFFFFFFFF0CFA0200000C52030000110D067665727465780CFFFFFFFF04
310
FFFFFFFF0CFFFFFFFF0CFB02000004010000000C53030000110E07656C6C697073650D0563757276650CFFFFFFFF04FFFFFFFF0CFFFFFFFF13E519DBC7BDBF1AC0D03F0659F7712CC000000000000000001400000000000000800000000000000000000000000000F03F148E995C9BE03C04C0DC3E5BF9DEF3004000000000
310
0000000006000000000000F03F0A0600000000000000000A06912316120F20EE3F110D04656467650CFFFFFFFF04FFFFFFFF0CFFFFFFFF0CFF0200000600000000000000000C460300000600000000000039400CFC0200000C540300000B070774616E67656E74110D04666163650C5503000004FFFFFFFF0CFFFFFFFF0C02
310
0300000CFE0200000C040000000CFFFFFFFF0C560300000B0B110D05706F696E740CFFFFFFFF04FFFFFFFF0CFFFFFFFF1356B3C40A176F22C01870AF9AFF3428C00000000000000000110E0873747261696768740D0563757276650CFFFFFFFF04FFFFFFFF0CFFFFFFFF137B7F639C274222C01509D60822E225C000000000
310
000000001400000000000000000000000000000000000000000000F03F0B0B110E09706572737562656E740E1061636164536F6C6964486973746F72790D066174747269620CFFFFFFFF04FFFFFFFF0CFFFFFFFF0CFFFFFFFF0C020300000401000000040100000004420000000400000000110E04636F6E650D0773757266
310
6163650CFFFFFFFF04FFFFFFFF0CFFFFFFFF13000000000040413D000000000000483D00000000000000001400000000000000000000000000000000000000000000F03F14A5002A5B502F25C0A0A4B20E801023C0000000000000000006000000000000F03F0B0B06000000000000000006000000000000F03F0674000000
310
00802C400B0B0B0B0B110E09706572737562656E740E1061636164536F6C6964486973746F72790D066174747269620CFFFFFFFF04FFFFFFFF0CFFFFFFFF0CFFFFFFFF0C0803000004010000000401000000041E0000000400000000110D04666163650C5703000004FFFFFFFF0CFFFFFFFF0C580300000C590300000C0400
310
00000CFFFFFFFF0C5A0300000B0B110D046C6F6F700CFFFFFFFF04FFFFFFFF0CFFFFFFFF0CFFFFFFFF0C5B0300000C08030000110E04636F6E650D07737572666163650CFFFFFFFF04FFFFFFFF0CFFFFFFFF1320812A72DEC02C402818919E79BC134000000000000000001400000000000000000000000000000000000000
310
000000F03F14A0E090FBD9FDEFBF002CB0DB6E7397BF000000000000000006000000000000F03F0B0B06000000000000000006000000000000F0BF06DFFFFFFFFFFFEF3F0B0B0B0B0B110D06636F656467650CFFFFFFFF04FFFFFFFF0CFFFFFFFF0C5C0300000C5D0300000C5E0300000C5F0300000B0C0903000004000000
310
000CFFFFFFFF110D06636F656467650CFFFFFFFF04FFFFFFFF0CFFFFFFFF0C600300000C0B0300000C0D0300000C390300000B0CE102000004000000000CFFFFFFFF110D06636F656467650CFFFFFFFF04FFFFFFFF0CFFFFFFFF0C0B0300000C600300000C5C0300000C610300000A0CE102000004000000000CFFFFFFFF11
310
0D06636F656467650CFFFFFFFF04FFFFFFFF0CFFFFFFFF0C5E0300000C0E0300000C0B0300000C370300000A0C2600000004000000000CFFFFFFFF110D04656467650CFFFFFFFF04FFFFFFFF0CFFFFFFFF0C620300000600000000000000000C3A03000006E47A14AE47E102400C0B0300000C630300000B0707756E6B6E6F
310
776E110D06636F656467650CFFFFFFFF04FFFFFFFF0CFFFFFFFF0C0D0300000C0C0300000C640300000C650300000A0CB902000004000000000CFFFFFFFF110D04656467650CFFFFFFFF04FFFFFFFF0CFFFFFFFF0C3A0300000600000000000000000C660300000600000000000039400C340300000C670300000B0707756E
310
6B6E6F776E110D067665727465780CFFFFFFFF04FFFFFFFF0CFFFFFFFF0C3703000004010000000C68030000110E07656C6C697073650D0563757276650CFFFFFFFF04FFFFFFFF0CFFFFFFFF1364A927A7A4312C402A1AB215909E1B4000000000000000001400000000000000000000000000000000000000000000F03F14
310
2048C2251B86E93FCC3DD2DB039E0940000000000000000006000000000000F03F0A0600000000000000000A06C72316120F20EE3F110D06636F656467650CFFFFFFFF04FFFFFFFF0CFFFFFFFF0C140300000C640300000C100300000C3D0300000B0C5800000004000000000CFFFFFFFF110D04656467650CFFFFFFFF04FF
310
FFFFFF0CFFFFFFFF0C3E0300000600000000000000000C160300000680E32900AF90F83F0C100300000C690300000B0707756E6B6E6F776E110D067665727465780CFFFFFFFF04FFFFFFFF0CFFFFFFFF0C1103000004010000000C6A030000110E0873747261696768740D0563757276650CFFFFFFFF04FFFFFFFF0CFFFFFF
310
FF13AFD9D0E8ACF427406F33B03180DE224000000000000000001400000000000000000000000000000000000000000000F03F0B0B110D05706F696E740CFFFFFFFF04FFFFFFFF0CFFFFFFFF13AFD9D0E8ACF427406F33B03180DE22400000000000000000110E07656C6C697073650D0563757276650CFFFFFFFF04FFFFFF
310
FF0CFFFFFFFF13000000000000293D000000000000000000000000000039401400000000000000000000000000000000000000000000F03F1449002A5B502F25403DA4B20E80102340000000000000000006000000000000F03F0B0B110D05706F696E740CFFFFFFFF04FFFFFFFF0CFFFFFFFF1362002A5B502F25403EA4B2
310
0E801023400000000000003940110D06636F656467650CFFFFFFFF04FFFFFFFF0CFFFFFFFF0C6B0300000C1B0300000C6C0300000C6D0300000B0C5800000004000000000CFFFFFFFF110D06636F656467650CFFFFFFFF04FFFFFFFF0CFFFFFFFF0C250300000C240300000C1B0300000C450300000A0C2603000004000000
310
000CFFFFFFFF110D04656467650CFFFFFFFF04FFFFFFFF0CFFFFFFFF0C460300000600000000000000000C6E03000006912316120F20EE3F0C440300000C6F0300000B0707756E6B6E6F776E110D067665727465780CFFFFFFFF04FFFFFFFF0CFFFFFFFF0C2903000004010000000C70030000110E07656C6C697073650D05
310
63757276650CFFFFFFFF04FFFFFFFF0CFFFFFFFF13ED9FEEA994F723C046ADC36838EC26C000000000000039401400000000000000000000000000000000000000000000F0BF141007B2D8D056EB3F1043DAFE65A1E03F000000000000000006000000000000F03F0B0B110D05706F696E740CFFFFFFFF04FFFFFFFF0CFFFF
310
FFFF137B7F639C274222C01409D60822E225C00000000000003940110D06636F656467650CFFFFFFFF04FFFFFFFF0CFFFFFFFF0C210300000C710300000C720300000C730300000A0C2600000004000000000CFFFFFFFF110D06636F656467650CFFFFFFFF04FFFFFFFF0CFFFFFFFF0C740300000C750300000C210300000C
310
4B0300000B0C7603000004000000000CFFFFFFFF110D04656467650CFFFFFFFF04FFFFFFFF0CFFFFFFFF0C4F0300000600000000000000000C7703000006A72316120F20EE3F0C4A0300000C780300000B0707756E6B6E6F776E110D06636F656467650CFFFFFFFF04FFFFFFFF0CFFFFFFFF0C6C0300000C220300000C7503
310
00000C790300000B0C4E03000004000000000CFFFFFFFF110D06636F656467650CFFFFFFFF04FFFFFFFF0CFFFFFFFF0C220300000C6C0300000C240300000C510300000A0C4E03000004000000000CFFFFFFFF110D046C6F6F700CFFFFFFFF04FFFFFFFF0CFFFFFFFF0CFFFFFFFF0C220300000C7A030000110D0676657274
310
65780CFFFFFFFF04FFFFFFFF0CFFFFFFFF0C2303000004010000000C7B030000110E0873747261696768740D0563757276650CFFFFFFFF04FFFFFFFF0CFFFFFFFF13701CE2DA5FC723C04F64620B590A2EC0000000000000000014974C58E87AB6EB3F220000000000E0BF00000000000000000A0600000000000000000A06
310
E67A14AE47E10240110D04656467650CFFFFFFFF04FFFFFFFF0CFFFFFFFF0C270300000600000000000000000C6E0300000600000000000039400C240300000C7C0300000B0707756E6B6E6F776E110D04666163650C7D03000004FFFFFFFF0CFFFFFFFF0C2A0300000C260300000C040000000CFFFFFFFF0C7E0300000B0B
310
110D05706F696E740CFFFFFFFF04FFFFFFFF0CFFFFFFFF13701CE2DA5FC723C04E64620B590A2EC00000000000000000110E0873747261696768740D0563757276650CFFFFFFFF04FFFFFFFF0CFFFFFFFF1356B3C40A176F22C01870AF9AFF3428C00000000000000000140000000000000000000000000000000000000000
310
0000F03F0B0B110E09706572737562656E740E1061636164536F6C6964486973746F72790D066174747269620CFFFFFFFF04FFFFFFFF0CFFFFFFFF0CFFFFFFFF0C2A0300000401000000040100000004410000000400000000110E04636F6E650D07737572666163650CFFFFFFFF04FFFFFFFF0CFFFFFFFF13ED9FEEA994F7
310
23C046ADC36838EC26C000000000000000001400000000000000000000000000000000000000000000F03F141007B2D8D056EB3F1043DAFE65A1E03F000000000000000006000000000000F03F0B0B06000000000000000006000000000000F0BF06CDFFFFFFFFFFEF3F0B0B0B0B0B110E09706572737562656E740E106163
310
6164536F6C6964486973746F72790D066174747269620CFFFFFFFF04FFFFFFFF0CFFFFFFFF0CFFFFFFFF0C3003000004010000000401000000041F0000000400000000110D04666163650C7F03000004FFFFFFFF0CFFFFFFFF0C800300000C810300000C040000000CFFFFFFFF0C820300000B0B110D046C6F6F700CFFFFFF
310
FF04FFFFFFFF0CFFFFFFFF0CFFFFFFFF0C830300000C30030000110E04636F6E650D07737572666163650CFFFFFFFF04FFFFFFFF0CFFFFFFFF130000000000B062BD0000000000A03DBD00000000000000001400000000000000000000000000000000000000000000F03F1484197F4BFAE02B409918E7C1EBAB0740000000
310
000000000006000000000000F03F0B0B06000000000000000006000000000000F03F063401000000802C400B0B0B0B0B110D06636F656467650CFFFFFFFF04FFFFFFFF0CFFFFFFFF0C840300000C850300000C860300000C870300000B0C3103000004000000000CFFFFFFFF110D06636F656467650CFFFFFFFF04FFFFFFFF
310
0CFFFFFFFF0C880300000C330300000C350300000C610300000B0C0903000004000000000CFFFFFFFF110D06636F656467650CFFFFFFFF04FFFFFFFF0CFFFFFFFF0C330300000C880300000C840300000C890300000A0C0903000004000000000CFFFFFFFF110D06636F656467650CFFFFFFFF04FFFFFFFF0CFFFFFFFF0C86
310
0300000C360300000C330300000C5F0300000A0C2600000004000000000CFFFFFFFF110D04656467650CFFFFFFFF04FFFFFFFF0CFFFFFFFF0C8A0300000600000000000000000C62030000069A2316120F20EE3F0C330300000C8B0300000B0707756E6B6E6F776E110D06636F656467650CFFFFFFFF04FFFFFFFF0CFFFFFF
310
FF0C350300000C340300000C8C0300000C8D0300000A0CE102000004000000000CFFFFFFFF110D04656467650CFFFFFFFF04FFFFFFFF0CFFFFFFFF0C620300000600000000000000000C8E0300000600000000000039400C5C0300000C8F0300000B0707756E6B6E6F776E110D067665727465780CFFFFFFFF04FFFFFFFF0C
310
FFFFFFFF0C5F03000004010000000C90030000110E0873747261696768740D0563757276650CFFFFFFFF04FFFFFFFF0CFFFFFFFF13A12EA3A717133040761B2C7059202040000000000000000014030000000000E0BFA84C58E87AB6EB3F00000000000000000A0600000000000000000A06E47A14AE47E10240110D06636F
310
656467650CFFFFFFFF04FFFFFFFF0CFFFFFFFF0C3C0300000C8C0300000C380300000C650300000B0C5800000004000000000CFFFFFFFF110D04656467650CFFFFFFFF04FFFFFFFF0CFFFFFFFF0C660300000600000000000000000C3E03000006C72316120F20EE3F0C380300000C910300000B0707756E6B6E6F776E110D
310
067665727465780CFFFFFFFF04FFFFFFFF0CFFFFFFFF0C3903000004010000000C92030000110E0873747261696768740D0563757276650CFFFFFFFF04FFFFFFFF0CFFFFFFFF13E6CD835906CA2D40889CCD01C936244000000000000000001400000000000000000000000000000000000000000000F03F0B0B110D05706F
310
696E740CFFFFFFFF04FFFFFFFF0CFFFFFFFF13E6CD835906CA2D40889CCD01C93624400000000000000000110E07656C6C697073650D0563757276650CFFFFFFFF04FFFFFFFF0CFFFFFFFF13DF16E5B6E5AB26400E20DAD0FD66244000000000000039401400000000000000000000000000000000000000000000F0BF1400
310
2DBC1E738CE43FE0C99EF2D987E8BF000000000000000006000000000000F03F0B0B110D05706F696E740CFFFFFFFF04FFFFFFFF0CFFFFFFFF13AED9D0E8ACF427406F33B03180DE22400000000000003940110D06636F656467650CFFFFFFFF04FFFFFFFF0CFFFFFFFF0C930300000C430300000C940300000C950300000B
310
0C5800000004000000000CFFFFFFFF110D06636F656467650CFFFFFFFF04FFFFFFFF0CFFFFFFFF0C4D0300000C4C0300000C430300000C6D0300000A0C4E03000004000000000CFFFFFFFF110D04656467650CFFFFFFFF04FFFFFFFF0CFFFFFFFF0C6E0300000600000000000000000C9603000006E67A14AE47E102400C6C
310
0300000C970300000B0707756E6B6E6F776E110D067665727465780CFFFFFFFF04FFFFFFFF0CFFFFFFFF0C5103000004010000000C98030000110E07656C6C697073650D0563757276650CFFFFFFFF04FFFFFFFF0CFFFFFFFF13E519DBC7BDBF1AC0D03F0659F7712CC0000000000000394014000000000000000000000000
310
00000000000000000000F03F148E995C9BE03C04C0DC3E5BF9DEF30040000000000000000006000000000000F03F0B0B110D05706F696E740CFFFFFFFF04FFFFFFFF0CFFFFFFFF1356B3C40A176F22C01870AF9AFF3428C00000000000003940110D06636F656467650CFFFFFFFF04FFFFFFFF0CFFFFFFFF0C490300000C99
310
0300000C9A0300000C9B0300000A0C2600000004000000000CFFFFFFFF110D06636F656467650CFFFFFFFF04FFFFFFFF0CFFFFFFFF0C9C0300000C9D0300000C490300000C730300000B0C9E03000004000000000CFFFFFFFF110D04656467650CFFFFFFFF04FFFFFFFF0CFFFFFFFF0C770300000600000000000000000C9F
310
03000006DEE32900AF90F83F0C720300000CA00300000B0707756E6B6E6F776E110D06636F656467650CFFFFFFFF04FFFFFFFF0CFFFFFFFF0C940300000C4A0300000C9D0300000CA10300000B0C7603000004000000000CFFFFFFFF110D06636F656467650CFFFFFFFF04FFFFFFFF0CFFFFFFFF0C4A0300000C940300000C
310
4C0300000C790300000A0C7603000004000000000CFFFFFFFF110D046C6F6F700CFFFFFFFF04FFFFFFFF0CFFFFFFFF0CFFFFFFFF0C4A0300000CA2030000110D067665727465780CFFFFFFFF04FFFFFFFF0CFFFFFFFF0C4B03000004010000000CA3030000110E07656C6C697073650D0563757276650CFFFFFFFF04FFFFFF
310
FF0CFFFFFFFF130C150D8A058321C0F0380011770E2AC000000000000000001400000000000000000000000000000080000000000000F03F14C09AC70C5421ED3F00EB92C02B6009C0000000000000000006000000000000F03F0A0600000000000000000A06A72316120F20EE3F110D04656467650CFFFFFFFF04FFFFFFFF
310
0CFFFFFFFF0C4F0300000600000000000000000C960300000600000000000039400C4C0300000CA40300000B0707756E6B6E6F776E110D04666163650CA503000004FFFFFFFF0CFFFFFFFF0C520300000C4E0300000C040000000CFFFFFFFF0CA60300000B0B110D05706F696E740CFFFFFFFF04FFFFFFFF0CFFFFFFFF13C0
310
368192E0611FC0D8799200413330C00000000000000000110E0873747261696768740D0563757276650CFFFFFFFF04FFFFFFFF0CFFFFFFFF13701CE2DA5FC723C04E64620B590A2EC000000000000000001400000000000000000000000000000000000000000000F03F0B0B110E09706572737562656E740E106163616453
310
6F6C6964486973746F72790D066174747269620CFFFFFFFF04FFFFFFFF0CFFFFFFFF0CFFFFFFFF0C520300000401000000040100000004400000000400000000110E04636F6E650D07737572666163650CFFFFFFFF04FFFFFFFF0CFFFFFFFF13E519DBC7BDBF1AC0D03F0659F7712CC0000000000000000014000000000000
310
00000000000000000000000000000000F03F148E995C9BE03C04C0DC3E5BF9DEF30040000000000000000006000000000000F03F0B0B06000000000000000006000000000000F03F066466666666660A400B0B0B0B0B110E09706572737562656E740E1061636164536F6C6964486973746F72790D066174747269620CFFFF
310
FFFF04FFFFFFFF0CFFFFFFFF0CFFFFFFFF0C580300000401000000040100000004200000000400000000110D04666163650CA703000004FFFFFFFF0CFFFFFFFF0CA80300000CA90300000C040000000CFFFFFFFF0CAA0300000B0B110D046C6F6F700CFFFFFFFF04FFFFFFFF0CFFFFFFFF0CFFFFFFFF0CAB0300000C580300
310
00110E04636F6E650D07737572666163650CFFFFFFFF04FFFFFFFF0CFFFFFFFF13072C3779D1D52D40E90290B42D55094000000000000000001400000000000000000000000000000000000000000000F03F14C0292090071FC63F8481B353BC84EFBF000000000000000006000000000000F03F0B0B060000000000000000
310
06000000000000F0BF06120000000000F03F0B0B0B0B0B110D06636F656467650CFFFFFFFF04FFFFFFFF0CFFFFFFFF0CAC0300000CAD0300000CAE0300000CAF0300000B0C5903000004000000000CFFFFFFFF110D06636F656467650CFFFFFFFF04FFFFFFFF0CFFFFFFFF0CB00300000C5B0300000C5D0300000C89030000
310
0B0C3103000004000000000CFFFFFFFF110D06636F656467650CFFFFFFFF04FFFFFFFF0CFFFFFFFF0C5B0300000CB00300000CAC0300000CB10300000A0C3103000004000000000CFFFFFFFF110D06636F656467650CFFFFFFFF04FFFFFFFF0CFFFFFFFF0CAE0300000C5E0300000C5B0300000C870300000A0C2600000004
310
000000000CFFFFFFFF110D04656467650CFFFFFFFF04FFFFFFFF0CFFFFFFFF0CB20300000600000000000000000C8A03000006DB69E36B95E6F33F0C5B0300000CB30300000B0707756E6B6E6F776E110D06636F656467650CFFFFFFFF04FFFFFFFF0CFFFFFFFF0C5D0300000C5C0300000CB40300000CB50300000A0C0903
310
000004000000000CFFFFFFFF110D04656467650CFFFFFFFF04FFFFFFFF0CFFFFFFFF0C8A0300000600000000000000000CB60300000600000000000039400C840300000CB70300000B070774616E67656E74110D067665727465780CFFFFFFFF04FFFFFFFF0CFFFFFFFF0C8703000004010000000CB8030000110E07656C6C
310
697073650D0563757276650CFFFFFFFF04FFFFFFFF0CFFFFFFFF1380A2215F24CE29402A95F8B06EF2214000000000000000001400000000000000000000000000000080000000000000F03F14F84ACBFDAB19F23F406F1691E0CC08C0000000000000000006000000000000F03F0A0600000000000000000A069A2316120F
310
20EE3F110D06636F656467650CFFFFFFFF04FFFFFFFF0CFFFFFFFF0C640300000CB40300000C600300000C8D0300000B0C5800000004000000000CFFFFFFFF110D04656467650CFFFFFFFF04FFFFFFFF0CFFFFFFFF0C8E0300000600000000000000000C6603000006E47A14AE47E102400C600300000CB90300000B070775
310
6E6B6E6F776E110D067665727465780CFFFFFFFF04FFFFFFFF0CFFFFFFFF0C6103000004010000000CBA030000110E0873747261696768740D0563757276650CFFFFFFFF04FFFFFFFF0CFFFFFFFF13A02EA3A717133040771B2C705920204000000000000000001400000000000000000000000000000000000000000000F0
310
3F0B0B110D05706F696E740CFFFFFFFF04FFFFFFFF0CFFFFFFFF13A02EA3A717133040771B2C70592020400000000000000000110E07656C6C697073650D0563757276650CFFFFFFFF04FFFFFFFF0CFFFFFFFF1364A927A7A4312C402A1AB215909E1B40000000000000394014000000000000000000000000000000000000
310
00000000F03F142048C2251B86E93FCC3DD2DB039E0940000000000000000006000000000000F03F0B0B110D05706F696E740CFFFFFFFF04FFFFFFFF0CFFFFFFFF13E6CD835906CA2D40889CCD01C93624400000000000003940110D06636F656467650CFFFFFFFF04FFFFFFFF0CFFFFFFFF0CBB0300000C6B0300000CBC03
310
00000CBD0300000B0C5800000004000000000CFFFFFFFF110D06636F656467650CFFFFFFFF04FFFFFFFF0CFFFFFFFF0C750300000C740300000C6B0300000C950300000A0C7603000004000000000CFFFFFFFF110D04656467650CFFFFFFFF04FFFFFFFF0CFFFFFFFF0C960300000600000000000000000CBE03000006A723
310
16120F20EE3F0C940300000CBF0300000B0707756E6B6E6F776E110D067665727465780CFFFFFFFF04FFFFFFFF0CFFFFFFFF0C7903000004010000000CC0030000110E0873747261696768740D0563757276650CFFFFFFFF04FFFFFFFF0CFFFFFFFF13701CE2DA5FC723C04F64620B590A2EC0000000000000394014974C58
310
E87AB6EB3F220000000000E0BF00000000000000000B0B110D05706F696E740CFFFFFFFF04FFFFFFFF0CFFFFFFFF13701CE2DA5FC723C04E64620B590A2EC00000000000003940110D06636F656467650CFFFFFFFF04FFFFFFFF0CFFFFFFFF0C710300000CC10300000CC20300000CC30300000A0C2600000004000000000C
310
FFFFFFFF110D06636F656467650CFFFFFFFF04FFFFFFFF0CFFFFFFFF0CC40300000CC50300000C710300000C9B0300000B0CC603000004000000000CFFFFFFFF110D04656467650CFFFFFFFF04FFFFFFFF0CFFFFFFFF0C9F0300000600000000000000000CC703000006EC94881EB143C23F0C9A0300000CC80300000B0707
310
756E6B6E6F776E110D06636F656467650CFFFFFFFF04FFFFFFFF0CFFFFFFFF0CBC0300000C720300000CC50300000CC90300000B0C9E03000004000000000CFFFFFFFF110D06636F656467650CFFFFFFFF04FFFFFFFF0CFFFFFFFF0C720300000CBC0300000C740300000CA10300000A0C9E03000004000000000CFFFFFFFF
310
110D046C6F6F700CFFFFFFFF04FFFFFFFF0CFFFFFFFF0CFFFFFFFF0C720300000CCA030000110D067665727465780CFFFFFFFF04FFFFFFFF0CFFFFFFFF0C7303000004010000000CCB030000110E07656C6C697073650D0563757276650CFFFFFFFF04FFFFFFFF0CFFFFFFFF13F717BA50A7DD12C08F17092431012DC00000
310
0000000000001400000000000000000000000000000080000000000000F0BF1448D4A6D69B0FEEBFA0A7EE6992F0D53F000000000000000006000000000000F03F0A0600000000000000000A06DEE32900AF90F83F110D04656467650CFFFFFFFF04FFFFFFFF0CFFFFFFFF0C770300000600000000000000000CBE03000006
310
00000000000039400C740300000CCC0300000B070774616E67656E74110D04666163650CCD03000004FFFFFFFF0CFFFFFFFF0C7A0300000C760300000C040000000CFFFFFFFF0CCE0300000B0B110D05706F696E740CFFFFFFFF04FFFFFFFF0CFFFFFFFF1380F28ECB9A9F16C052A2B990AC512CC00000000000000000110E
310
0873747261696768740D0563757276650CFFFFFFFF04FFFFFFFF0CFFFFFFFF13C0368192E0611FC0D8799200413330C000000000000000001400000000000000000000000000000000000000000000F03F0B0B110E09706572737562656E740E1061636164536F6C6964486973746F72790D066174747269620CFFFFFFFF04
310
FFFFFFFF0CFFFFFFFF0CFFFFFFFF0C7A03000004020000000401000000043E00000004000000000401000000043F0000000400000000110E05706C616E650D07737572666163650CFFFFFFFF04FFFFFFFF0CFFFFFFFF13701CE2DA5FC723C04F64620B590A2EC0000000000000000014220000000000E0BF974C58E87AB6EB
310
BF000000000000000014974C58E87AB6EB3F220000000000E0BF00000000000000000B0B0B0B0B110E09706572737562656E740E1061636164536F6C6964486973746F72790D066174747269620CFFFFFFFF04FFFFFFFF0CFFFFFFFF0CFFFFFFFF0C800300000401000000040100000004210000000400000000110D046661
310
63650CCF03000004FFFFFFFF0CFFFFFFFF0CD00300000CD10300000C040000000CFFFFFFFF0CD20300000B0B110D046C6F6F700CFFFFFFFF04FFFFFFFF0CFFFFFFFF0CFFFFFFFF0CD30300000C80030000110E04636F6E650D07737572666163650CFFFFFFFF04FFFFFFFF0CFFFFFFFF131822E6944D522F40A0833BB16C19
310
F1BF00000000000000001400000000000000000000000000000000000000000000F03F142057A0D8AE550240005922F7A4FE0240000000000000000006000000000000F03F0B0B06000000000000000006000000000000F03F066F66666666660A400B0B0B0B0B110D06636F656467650CFFFFFFFF04FFFFFFFF0CFFFFFFFF
310
0CD40300000CD50300000CD60300000CD70300000B0C8103000004000000000CFFFFFFFF110D06636F656467650CFFFFFFFF04FFFFFFFF0CFFFFFFFF0CD80300000C830300000C850300000CB10300000B0C5903000004000000000CFFFFFFFF110D06636F656467650CFFFFFFFF04FFFFFFFF0CFFFFFFFF0C830300000CD8
310
0300000CD40300000CD90300000A0C5903000004000000000CFFFFFFFF110D06636F656467650CFFFFFFFF04FFFFFFFF0CFFFFFFFF0CD60300000C860300000C830300000CAF0300000A0C2600000004000000000CFFFFFFFF110D04656467650CFFFFFFFF04FFFFFFFF0CFFFFFFFF0CDA0300000600000000000000000CB2
310
03000006B992881EB143C23F0C830300000CDB0300000B0707756E6B6E6F776E110D06636F656467650CFFFFFFFF04FFFFFFFF0CFFFFFFFF0C850300000C840300000CDC0300000CDD0300000A0C3103000004000000000CFFFFFFFF110D04656467650CFFFFFFFF04FFFFFFFF0CFFFFFFFF0CB20300000600000000000000
310
000CDE0300000600000000000039400CAC0300000CDF0300000B0707756E6B6E6F776E110D067665727465780CFFFFFFFF04FFFFFFFF0CFFFFFFFF0CAF03000004010000000CE0030000110E07656C6C697073650D0563757276650CFFFFFFFF04FFFFFFFF0CFFFFFFFF1320812A72DEC02C402818919E79BC134000000000
310
000000001400000000000000000000000000000080000000000000F0BF14A0E090FBD9FDEFBF002CB0DB6E7397BF000000000000000006000000000000F03F0A0600000000000000000A06DB69E36B95E6F33F110D06636F656467650CFFFFFFFF04FFFFFFFF0CFFFFFFFF0C8C0300000CDC0300000C880300000CB5030000
310
0B0C5800000004000000000CFFFFFFFF110D04656467650CFFFFFFFF04FFFFFFFF0CFFFFFFFF0CB60300000600000000000000000C8E030000069A2316120F20EE3F0C880300000CE10300000B0707756E6B6E6F776E110D067665727465780CFFFFFFFF04FFFFFFFF0CFFFFFFFF0C8903000004010000000CE2030000110E
310
0873747261696768740D0563757276650CFFFFFFFF04FFFFFFFF0CFFFFFFFF13DF0BDBDE59112C40B4F265196D7E174000000000000000001400000000000000000000000000000000000000000000F03F0B0B110D05706F696E740CFFFFFFFF04FFFFFFFF0CFFFFFFFF13DF0BDBDE59112C40B4F265196D7E174000000000
310
00000000110E0873747261696768740D0563757276650CFFFFFFFF04FFFFFFFF0CFFFFFFFF13A12EA3A717133040761B2C7059202040000000000000394014030000000000E0BFA84C58E87AB6EB3F00000000000000000B0B110D05706F696E740CFFFFFFFF04FFFFFFFF0CFFFFFFFF13A02EA3A717133040771B2C705920
310
20400000000000003940110D06636F656467650CFFFFFFFF04FFFFFFFF0CFFFFFFFF0CE30300000C930300000CE40300000CE50300000B0C5800000004000000000CFFFFFFFF110D06636F656467650CFFFFFFFF04FFFFFFFF0CFFFFFFFF0C9D0300000C9C0300000C930300000CBD0300000A0C9E03000004000000000CFF
310
FFFFFF110D04656467650CFFFFFFFF04FFFFFFFF0CFFFFFFFF0CBE0300000600000000000000000CE603000006DEE32900AF90F83F0CBC0300000CE70300000B0707756E6B6E6F776E110D067665727465780CFFFFFFFF04FFFFFFFF0CFFFFFFFF0CA103000004010000000CE8030000110E07656C6C697073650D05637572
310
76650CFFFFFFFF04FFFFFFFF0CFFFFFFFF130C150D8A058321C0F0380011770E2AC000000000000039401400000000000000000000000000000000000000000000F03F14C09AC70C5421ED3F00EB92C02B6009C0000000000000000006000000000000F03F0B0B110D05706F696E740CFFFFFFFF04FFFFFFFF0CFFFFFFFF13
310
C0368192E0611FC0D8799200413330C00000000000003940110D06636F656467650CFFFFFFFF04FFFFFFFF0CFFFFFFFF0C990300000CE90300000CEA0300000CEB0300000A0C2600000004000000000CFFFFFFFF110D06636F656467650CFFFFFFFF04FFFFFFFF0CFFFFFFFF0CEC0300000CED0300000C990300000CC30300
310
000B0CEE03000004000000000CFFFFFFFF110D04656467650CFFFFFFFF04FFFFFFFF0CFFFFFFFF0CC70300000600000000000000000CEF030000066C69E36B95E6F33F0CC20300000CF00300000B0707756E6B6E6F776E110D06636F656467650CFFFFFFFF04FFFFFFFF0CFFFFFFFF0CE40300000C9A0300000CED0300000C
310
F10300000B0CC603000004000000000CFFFFFFFF110D06636F656467650CFFFFFFFF04FFFFFFFF0CFFFFFFFF0C9A0300000CE40300000C9C0300000CC90300000A0CC603000004000000000CFFFFFFFF110D046C6F6F700CFFFFFFFF04FFFFFFFF0CFFFFFFFF0CFFFFFFFF0C9A0300000CF2030000110D067665727465780C
310
FFFFFFFF04FFFFFFFF0CFFFFFFFF0C9B03000004010000000CF3030000110E07656C6C697073650D0563757276650CFFFFFFFF04FFFFFFFF0CFFFFFFFF1300000000003048BD0000000000606DBD00000000000000001400000000000000800000000000000080000000000000F03F1476E79879F4A011C074C4A34B4B1A2B
310
C0000000000000000006000000000000F03F0A0600000000000000000A06EC94881EB143C23F110D04656467650CFFFFFFFF04FFFFFFFF0CFFFFFFFF0C9F0300000600000000000000000CE60300000600000000000039400C9C0300000CF40300000B070774616E67656E74110D04666163650CF503000004FFFFFFFF0CFF
310
FFFFFF0CA20300000C9E0300000C040000000CFFFFFFFF0CF60300000B0B110D05706F696E740CFFFFFFFF04FFFFFFFF0CFFFFFFFF1338E89879F4A011C04CC6A34B4B1A2BC00000000000000000110E0873747261696768740D0563757276650CFFFFFFFF04FFFFFFFF0CFFFFFFFF1380F28ECB9A9F16C052A2B990AC512C
310
C000000000000000001400000000000000000000000000000000000000000000F03F0B0B110E09706572737562656E740E1061636164536F6C6964486973746F72790D066174747269620CFFFFFFFF04FFFFFFFF0CFFFFFFFF0CFFFFFFFF0CA203000004010000000401000000043D0000000400000000110E04636F6E650D
310
07737572666163650CFFFFFFFF04FFFFFFFF0CFFFFFFFF130C150D8A058321C0F0380011770E2AC000000000000000001400000000000000000000000000000000000000000000F03F14C09AC70C5421ED3F00EB92C02B6009C0000000000000000006000000000000F03F0B0B06000000000000000006000000000000F03F
310
065D66666666660A400B0B0B0B0B110E09706572737562656E740E1061636164536F6C6964486973746F72790D066174747269620CFFFFFFFF04FFFFFFFF0CFFFFFFFF0CFFFFFFFF0CA80300000402000000040100000004220000000400000000040100000004230000000400000000110D04666163650CF703000004FFFF
310
FFFF0CFFFFFFFF0CF80300000CF90300000C040000000CFFFFFFFF0CFA0300000B0B110D046C6F6F700CFFFFFFFF04FFFFFFFF0CFFFFFFFF0CFFFFFFFF0CFB0300000CA8030000110E05706C616E650D07737572666163650CFFFFFFFF04FFFFFFFF0CFFFFFFFF13F01B87A5DCF3314060C71F1FB2DEF0BF00000000000000
310
0014000000000000F03F00000000000000000000000000000000140000000000000000000000000000F03F00000000000000000B0B0B0B0B110D06636F656467650CFFFFFFFF04FFFFFFFF0CFFFFFFFF0CFC0300000CFD0300000CFE0300000CFF0300000B0CA903000004000000000CFFFFFFFF110D06636F656467650CFF
310
FFFFFF04FFFFFFFF0CFFFFFFFF0C000400000CAB0300000CAD0300000CD90300000B0C8103000004000000000CFFFFFFFF110D06636F656467650CFFFFFFFF04FFFFFFFF0CFFFFFFFF0CAB0300000C000400000CFC0300000C010400000A0C8103000004000000000CFFFFFFFF110D06636F656467650CFFFFFFFF04FFFFFF
310
FF0CFFFFFFFF0CFE0300000CAE0300000CAB0300000CD70300000A0C2600000004000000000CFFFFFFFF110D04656467650CFFFFFFFF04FFFFFFFF0CFFFFFFFF0C020400000600000000000000000CDA0300000665E32900AF90F83F0CAB0300000C030400000B0707756E6B6E6F776E110D06636F656467650CFFFFFFFF04
310
FFFFFFFF0CFFFFFFFF0CAD0300000CAC0300000C040400000C050400000A0C5903000004000000000CFFFFFFFF110D04656467650CFFFFFFFF04FFFFFFFF0CFFFFFFFF0CDA0300000600000000000000000C060400000600000000000039400CD40300000C070400000B070774616E67656E74110D067665727465780CFFFF
310
FFFF04FFFFFFFF0CFFFFFFFF0CD703000004010000000C08040000110E07656C6C697073650D0563757276650CFFFFFFFF04FFFFFFFF0CFFFFFFFF130000000000B062BD0000000000A03DBD00000000000000001400000000000000000000000000000000000000000000F03F1484197F4BFAE02B409918E7C1EBAB074000
310
0000000000000006000000000000F03F0A0600000000000000000A06B992881EB143C23F110D06636F656467650CFFFFFFFF04FFFFFFFF0CFFFFFFFF0CB40300000C040400000CB00300000CDD0300000B0C5800000004000000000CFFFFFFFF110D04656467650CFFFFFFFF04FFFFFFFF0CFFFFFFFF0CDE03000006000000
310
00000000000CB603000006DB69E36B95E6F33F0CB00300000C090400000B0707756E6B6E6F776E110D067665727465780CFFFFFFFF04FFFFFFFF0CFFFFFFFF0CB103000004010000000C0A040000110E0873747261696768740D0563757276650CFFFFFFFF04FFFFFFFF0CFFFFFFFF131B7371D200C12A40FF67B52F06A513
310
4000000000000000001400000000000000000000000000000000000000000000F03F0B0B110D05706F696E740CFFFFFFFF04FFFFFFFF0CFFFFFFFF131B7371D200C12A40FF67B52F06A513400000000000000000110E07656C6C697073650D0563757276650CFFFFFFFF04FFFFFFFF0CFFFFFFFF1380A2215F24CE29402A95
310
F8B06EF2214000000000000039401400000000000000000000000000000000000000000000F03F14F84ACBFDAB19F23F406F1691E0CC08C0000000000000000006000000000000F03F0B0B110D05706F696E740CFFFFFFFF04FFFFFFFF0CFFFFFFFF13DE0BDBDE59112C40B4F265196D7E17400000000000003940110D0663
310
6F656467650CFFFFFFFF04FFFFFFFF0CFFFFFFFF0C0B0400000CBB0300000C0C0400000C0D0400000B0C5800000004000000000CFFFFFFFF110D06636F656467650CFFFFFFFF04FFFFFFFF0CFFFFFFFF0CC50300000CC40300000CBB0300000CE50300000A0CC603000004000000000CFFFFFFFF110D04656467650CFFFFFF
310
FF04FFFFFFFF0CFFFFFFFF0CE60300000600000000000000000C0E04000006EC94881EB143C23F0CE40300000C0F0400000B0707756E6B6E6F776E110D067665727465780CFFFFFFFF04FFFFFFFF0CFFFFFFFF0CC903000004010000000C10040000110E07656C6C697073650D0563757276650CFFFFFFFF04FFFFFFFF0CFF
310
FFFFFF13F717BA50A7DD12C08F17092431012DC000000000000039401400000000000000000000000000000000000000000000F0BF1448D4A6D69B0FEEBFA0A7EE6992F0D53F000000000000000006000000000000F03F0B0B110D05706F696E740CFFFFFFFF04FFFFFFFF0CFFFFFFFF1380F28ECB9A9F16C052A2B990AC51
310
2CC00000000000003940110D06636F656467650CFFFFFFFF04FFFFFFFF0CFFFFFFFF0CC10300000C110400000C120400000C130400000A0C2600000004000000000CFFFFFFFF110D06636F656467650CFFFFFFFF04FFFFFFFF0CFFFFFFFF0C140400000C150400000CC10300000CEB0300000B0C1604000004000000000CFF
310
FFFFFF110D04656467650CFFFFFFFF04FFFFFFFF0CFFFFFFFF0CEF0300000600000000000000000C1704000006932316120F20EE3F0CEA0300000C180400000B0707756E6B6E6F776E110D06636F656467650CFFFFFFFF04FFFFFFFF0CFFFFFFFF0C0C0400000CC20300000C150400000C190400000B0CEE03000004000000
310
000CFFFFFFFF110D06636F656467650CFFFFFFFF04FFFFFFFF0CFFFFFFFF0CC20300000C0C0400000CC40300000CF10300000A0CEE03000004000000000CFFFFFFFF110D046C6F6F700CFFFFFFFF04FFFFFFFF0CFFFFFFFF0CFFFFFFFF0CC20300000C1A040000110D067665727465780CFFFFFFFF04FFFFFFFF0CFFFFFFFF
310
0CC303000004010000000C1B040000110E07656C6C697073650D0563757276650CFFFFFFFF04FFFFFFFF0CFFFFFFFF13584F9B25985207C0FE2B3779D1D52DC000000000000000001400000000000000800000000000000080000000000000F0BF14403C6DF9E7B8DE3F30888F4F6C12EC3F00000000000000000600000000
310
0000F03F0A0600000000000000000A066C69E36B95E6F33F110D04656467650CFFFFFFFF04FFFFFFFF0CFFFFFFFF0CC70300000600000000000000000C0E0400000600000000000039400CC40300000C1C0400000B0707756E6B6E6F776E110D04666163650C1D04000004FFFFFFFF0CFFFFFFFF0CCA0300000CC60300000C
310
040000000CFFFFFFFF0C1E0400000B0B110D05706F696E740CFFFFFFFF04FFFFFFFF0CFFFFFFFF13CEA76D267B7B03C07C333EB4AA142CC00000000000000000110E0873747261696768740D0563757276650CFFFFFFFF04FFFFFFFF0CFFFFFFFF1338E89879F4A011C04CC6A34B4B1A2BC000000000000000001400000000
310
000000000000000000000000000000000000F03F0B0B110E09706572737562656E740E1061636164536F6C6964486973746F72790D066174747269620CFFFFFFFF04FFFFFFFF0CFFFFFFFF0CFFFFFFFF0CCA03000004010000000401000000043C0000000400000000110E04636F6E650D07737572666163650CFFFFFFFF04
310
FFFFFFFF0CFFFFFFFF13F717BA50A7DD12C08F17092431012DC000000000000000001400000000000000000000000000000000000000000000F03F1448D4A6D69B0FEEBFA0A7EE6992F0D53F000000000000000006000000000000F03F0B0B06000000000000000006000000000000F0BF06B9FFFFFFFFFFEF3F0B0B0B0B0B
310
110E09706572737562656E740E1061636164536F6C6964486973746F72790D066174747269620CFFFFFFFF04FFFFFFFF0CFFFFFFFF0CFFFFFFFF0CD00300000401000000040100000004240000000400000000110D04666163650C1F04000004FFFFFFFF0CFFFFFFFF0C200400000C210400000C040000000CFFFFFFFF0C22
310
0400000B0B110D046C6F6F700CFFFFFFFF04FFFFFFFF0CFFFFFFFF0CFFFFFFFF0C230400000CD0030000110E04636F6E650D07737572666163650CFFFFFFFF04FFFFFFFF0CFFFFFFFF131A22E6944D522F4040EA24CF971EF53F00000000000000001400000000000000000000000000000000000000000000F03F14C056E7
310
D6FF3FE2BF24E440F8B4000AC0000000000000000006000000000000F03F0B0B06000000000000000006000000000000F03F064266666666660A400B0B0B0B0B110D06636F656467650CFFFFFFFF04FFFFFFFF0CFFFFFFFF0C240400000C250400000C260400000C270400000B0CD103000004000000000CFFFFFFFF110D06
310
636F656467650CFFFFFFFF04FFFFFFFF0CFFFFFFFF0C280400000CD30300000CD50300000C010400000B0CA903000004000000000CFFFFFFFF110D06636F656467650CFFFFFFFF04FFFFFFFF0CFFFFFFFF0CD30300000C280400000C240400000C290400000A0CA903000004000000000CFFFFFFFF110D06636F656467650C
310
FFFFFFFF04FFFFFFFF0CFFFFFFFF0C260400000CD60300000CD30300000CFF0300000A0C2600000004000000000CFFFFFFFF110D04656467650CFFFFFFFF04FFFFFFFF0CFFFFFFFF0C2A0400000600000000000000000C0204000006912316120F20EE3F0CD30300000C2B0400000B0707756E6B6E6F776E110D06636F6564
310
67650CFFFFFFFF04FFFFFFFF0CFFFFFFFF0CD50300000CD40300000C2C0400000C2D0400000A0C8103000004000000000CFFFFFFFF110D04656467650CFFFFFFFF04FFFFFFFF0CFFFFFFFF0C020400000600000000000000000C2E0400000600000000000039400CFC0300000C2F0400000B070774616E67656E74110D0676
310
65727465780CFFFFFFFF04FFFFFFFF0CFFFFFFFF0CFF03000004010000000C30040000110E07656C6C697073650D0563757276650CFFFFFFFF04FFFFFFFF0CFFFFFFFF13072C3779D1D52D40E90290B42D55094000000000000000001400000000000000000000000000000000000000000000F0BF14C0292090071FC63F84
310
81B353BC84EFBF000000000000000006000000000000F03F0A0600000000000000000A0665E32900AF90F83F110D06636F656467650CFFFFFFFF04FFFFFFFF0CFFFFFFFF0CDC0300000C2C0400000CD80300000C050400000B0C5800000004000000000CFFFFFFFF110D04656467650CFFFFFFFF04FFFFFFFF0CFFFFFFFF0C
310
060400000600000000000000000CDE03000006B992881EB143C23F0CD80300000C310400000B0707756E6B6E6F776E110D067665727465780CFFFFFFFF04FFFFFFFF0CFFFFFFFF0CD903000004010000000C32040000110E0873747261696768740D0563757276650CFFFFFFFF04FFFFFFFF0CFFFFFFFF1359187F4BFAE02B
310
40AD17E7C1EBAB074000000000000000001400000000000000000000000000000000000000000000F03F0B0B110D05706F696E740CFFFFFFFF04FFFFFFFF0CFFFFFFFF1359187F4BFAE02B40AD17E7C1EBAB07400000000000000000110E07656C6C697073650D0563757276650CFFFFFFFF04FFFFFFFF0CFFFFFFFF132081
310
2A72DEC02C402818919E79BC134000000000000039401400000000000000000000000000000000000000000000F0BF14A0E090FBD9FDEFBF002CB0DB6E7397BF000000000000000006000000000000F03F0B0B110D05706F696E740CFFFFFFFF04FFFFFFFF0CFFFFFFFF131A7371D200C12A40FF67B52F06A5134000000000
310
00003940110D06636F656467650CFFFFFFFF04FFFFFFFF0CFFFFFFFF0C330400000CE30300000C340400000C350400000B0C5800000004000000000CFFFFFFFF110D06636F656467650CFFFFFFFF04FFFFFFFF0CFFFFFFFF0CED0300000CEC0300000CE30300000C0D0400000A0CEE03000004000000000CFFFFFFFF110D04
310
656467650CFFFFFFFF04FFFFFFFF0CFFFFFFFF0C0E0400000600000000000000000C36040000066C69E36B95E6F33F0C0C0400000C370400000B0707756E6B6E6F776E110D067665727465780CFFFFFFFF04FFFFFFFF0CFFFFFFFF0CF103000004010000000C38040000110E07656C6C697073650D0563757276650CFFFFFF
310
FF04FFFFFFFF0CFFFFFFFF1300000000003048BD0000000000606DBD00000000000039401400000000000000000000000000000000000000000000F03F1476E79879F4A011C074C4A34B4B1A2BC0000000000000000006000000000000F03F0B0B110D05706F696E740CFFFFFFFF04FFFFFFFF0CFFFFFFFF1338E89879F4A0
310
11C04CC6A34B4B1A2BC00000000000003940110D06636F656467650CFFFFFFFF04FFFFFFFF0CFFFFFFFF0CE90300000C390400000C3A0400000C3B0400000A0C2600000004000000000CFFFFFFFF110D06636F656467650CFFFFFFFF04FFFFFFFF0CFFFFFFFF0C3C0400000C3D0400000CE90300000C130400000B0C3E0400
310
0004000000000CFFFFFFFF110D04656467650CFFFFFFFF04FFFFFFFF0CFFFFFFFF0C170400000600000000000000000C3F04000006E47A14AE47E102400C120400000C400400000B0707756E6B6E6F776E110D06636F656467650CFFFFFFFF04FFFFFFFF0CFFFFFFFF0C340400000CEA0300000C3D0400000C410400000B0C
310
1604000004000000000CFFFFFFFF110D06636F656467650CFFFFFFFF04FFFFFFFF0CFFFFFFFF0CEA0300000C340400000CEC0300000C190400000A0C1604000004000000000CFFFFFFFF110D046C6F6F700CFFFFFFFF04FFFFFFFF0CFFFFFFFF0CFFFFFFFF0CEA0300000C42040000110D067665727465780CFFFFFFFF04FF
310
FFFFFF0CFFFFFFFF0CEB03000004010000000C43040000110E07656C6C697073650D0563757276650CFFFFFFFF04FFFFFFFF0CFFFFFFFF1386EA24CF971EF53F1B22E6944D522FC000000000000000001400000000000000800000000000000080000000000000F03F1443E440F8B4000AC00057E7D6FF3FE23F0000000000
310
00000006000000000000F03F0A0600000000000000000A06932316120F20EE3F110D04656467650CFFFFFFFF04FFFFFFFF0CFFFFFFFF0CEF0300000600000000000000000C360400000600000000000039400CEC0300000C440400000B070774616E67656E74110D04666163650C4504000004FFFFFFFF0CFFFFFFFF0CF203
310
00000CEE0300000C040000000CFFFFFFFF0C460400000B0B110D05706F696E740CFFFFFFFF04FFFFFFFF0CFFFFFFFF1302DE5C21D2E2FEBFAAAC77974D2E2EC00000000000000000110E0873747261696768740D0563757276650CFFFFFFFF04FFFFFFFF0CFFFFFFFF13CEA76D267B7B03C07C333EB4AA142CC00000000000
310
0000001400000000000000000000000000000000000000000000F03F0B0B110E09706572737562656E740E1061636164536F6C6964486973746F72790D066174747269620CFFFFFFFF04FFFFFFFF0CFFFFFFFF0CFFFFFFFF0CF203000004010000000401000000043B0000000400000000110E04636F6E650D077375726661
310
63650CFFFFFFFF04FFFFFFFF0CFFFFFFFF1300000000003048BD0000000000606DBD00000000000000001400000000000000000000000000000000000000000000F03F1476E79879F4A011C074C4A34B4B1A2BC0000000000000000006000000000000F03F0B0B06000000000000000006000000000000F03F0623FEFFFFFF
310
7F2C400B0B0B0B0B110E09706572737562656E740E1061636164536F6C6964486973746F72790D066174747269620CFFFFFFFF04FFFFFFFF0CFFFFFFFF0CFFFFFFFF0CF80300000401000000040100000004250000000400000000110D04666163650C4704000004FFFFFFFF0CFFFFFFFF0C480400000C490400000C040000
310
000CFFFFFFFF0C4A0400000B0B110D046C6F6F700CFFFFFFFF04FFFFFFFF0CFFFFFFFF0CFFFFFFFF0C4B0400000CF8030000110E04636F6E650D07737572666163650CFFFFFFFF04FFFFFFFF0CFFFFFFFF13032C3779D1D52D40594F9B25985207C00000000000000000140000000000000000000000000000000000000000
310
0000F03F1490888F4F6C12ECBFD83A6DF9E7B8DE3F000000000000000006000000000000F03F0B0B06000000000000000006000000000000F0BF06030000000000F03F0B0B0B0B0B110D06636F656467650CFFFFFFFF04FFFFFFFF0CFFFFFFFF0C4C0400000C4D0400000C4E0400000C4F0400000B0CF90300000400000000
310
0CFFFFFFFF110D06636F656467650CFFFFFFFF04FFFFFFFF0CFFFFFFFF0C500400000CFB0300000CFD0300000C290400000B0CD103000004000000000CFFFFFFFF110D06636F656467650CFFFFFFFF04FFFFFFFF0CFFFFFFFF0CFB0300000C500400000C4C0400000C510400000A0CD103000004000000000CFFFFFFFF110D
310
06636F656467650CFFFFFFFF04FFFFFFFF0CFFFFFFFF0C4E0400000CFE0300000CFB0300000C270400000A0C2600000004000000000CFFFFFFFF110D04656467650CFFFFFFFF04FFFFFFFF0CFFFFFFFF0C520400000600000000000000000C2A04000006E07A14AE47E102400CFB0300000C530400000B0707756E6B6E6F77
310
6E110D06636F656467650CFFFFFFFF04FFFFFFFF0CFFFFFFFF0CFD0300000CFC0300000C540400000C550400000A0CA903000004000000000CFFFFFFFF110D04656467650CFFFFFFFF04FFFFFFFF0CFFFFFFFF0C2A0400000600000000000000000C560400000600000000000039400C240400000C570400000B0707756E6B
310
6E6F776E110D067665727465780CFFFFFFFF04FFFFFFFF0CFFFFFFFF0C2704000004010000000C58040000110E07656C6C697073650D0563757276650CFFFFFFFF04FFFFFFFF0CFFFFFFFF131822E6944D522F40A0833BB16C19F1BF00000000000000001400000000000000000000000000000000000000000000F03F1420
310
57A0D8AE550240005922F7A4FE0240000000000000000006000000000000F03F0A0600000000000000000A06912316120F20EE3F110D06636F656467650CFFFFFFFF04FFFFFFFF0CFFFFFFFF0C040400000C540400000C000400000C2D0400000B0C5800000004000000000CFFFFFFFF110D04656467650CFFFFFFFF04FFFF
310
FFFF0CFFFFFFFF0C2E0400000600000000000000000C060400000665E32900AF90F83F0C000400000C590400000B0707756E6B6E6F776E110D067665727465780CFFFFFFFF04FFFFFFFF0CFFFFFFFF0C0104000004010000000C5A040000110E0873747261696768740D0563757276650CFFFFFFFF04FFFFFFFF0CFFFFFFFF
310
13ADAC77974D2E2E408222A39FFE73014000000000000000001400000000000000000000000000000000000000000000F03F0B0B110D05706F696E740CFFFFFFFF04FFFFFFFF0CFFFFFFFF13ADAC77974D2E2E408222A39FFE7301400000000000000000110E07656C6C697073650D0563757276650CFFFFFFFF04FFFFFFFF
310
0CFFFFFFFF130000000000B062BD0000000000A03DBD00000000000039401400000000000000000000000000000000000000000000F03F1484197F4BFAE02B409918E7C1EBAB0740000000000000000006000000000000F03F0B0B110D05706F696E740CFFFFFFFF04FFFFFFFF0CFFFFFFFF135A187F4BFAE02B40AC17E7C1
310
EBAB07400000000000003940110D06636F656467650CFFFFFFFF04FFFFFFFF0CFFFFFFFF0C5B0400000C0B0400000C5C0400000C5D0400000B0C5800000004000000000CFFFFFFFF110D06636F656467650CFFFFFFFF04FFFFFFFF0CFFFFFFFF0C150400000C140400000C0B0400000C350400000A0C160400000400000000
310
0CFFFFFFFF110D04656467650CFFFFFFFF04FFFFFFFF0CFFFFFFFF0C360400000600000000000000000C5E04000006932316120F20EE3F0C340400000C5F0400000B0707756E6B6E6F776E110D067665727465780CFFFFFFFF04FFFFFFFF0CFFFFFFFF0C1904000004010000000C60040000110E07656C6C697073650D0563
310
757276650CFFFFFFFF04FFFFFFFF0CFFFFFFFF13584F9B25985207C0FE2B3779D1D52DC000000000000039401400000000000000800000000000000080000000000000F0BF14403C6DF9E7B8DE3F30888F4F6C12EC3F000000000000000006000000000000F03F0B0B110D05706F696E740CFFFFFFFF04FFFFFFFF0CFFFFFF
310
FF13D0A76D267B7B03C07C333EB4AA142CC00000000000003940110D06636F656467650CFFFFFFFF04FFFFFFFF0CFFFFFFFF0C110400000C610400000C620400000C630400000A0C2600000004000000000CFFFFFFFF110D06636F656467650CFFFFFFFF04FFFFFFFF0CFFFFFFFF0C640400000C650400000C110400000C3B
310
0400000B0C6604000004000000000CFFFFFFFF110D04656467650CFFFFFFFF04FFFFFFFF0CFFFFFFFF0C3F0400000600000000000000000C67040000067A2316120F20EE3F0C3A0400000C680400000B0707756E6B6E6F776E110D06636F656467650CFFFFFFFF04FFFFFFFF0CFFFFFFFF0C5C0400000C120400000C650400
310
000C690400000B0C3E04000004000000000CFFFFFFFF110D06636F656467650CFFFFFFFF04FFFFFFFF0CFFFFFFFF0C120400000C5C0400000C140400000C410400000A0C3E04000004000000000CFFFFFFFF110D046C6F6F700CFFFFFFFF04FFFFFFFF0CFFFFFFFF0CFFFFFFFF0C120400000C6A040000110D067665727465
310
780CFFFFFFFF04FFFFFFFF0CFFFFFFFF0C1304000004010000000C6B040000110E0873747261696768740D0563757276650CFFFFFFFF04FFFFFFFF0CFFFFFFFF1390C71F1FB2DEF0BFEF1B87A5DCF331C0000000000000000014000000000000F03FFB0C27755F1EEBBC00000000000000000A0600000000000000000A06E4
310
7A14AE47E10240110D04656467650CFFFFFFFF04FFFFFFFF0CFFFFFFFF0C170400000600000000000000000C5E0400000600000000000039400C140400000C6C0400000B0707756E6B6E6F776E110D04666163650C6D04000004FFFFFFFF0CFFFFFFFF0C1A0400000C160400000C040000000CFFFFFFFF0C6E0400000B0B11
310
0D05706F696E740CFFFFFFFF04FFFFFFFF0CFFFFFFFF1387C71F1FB2DEF0BFEF1B87A5DCF331C00000000000000000110E0873747261696768740D0563757276650CFFFFFFFF04FFFFFFFF0CFFFFFFFF1302DE5C21D2E2FEBFAAAC77974D2E2EC0000000000000000014000000000000000000000000000000000000000000
310
00F03F0B0B110E09706572737562656E740E1061636164536F6C6964486973746F72790D066174747269620CFFFFFFFF04FFFFFFFF0CFFFFFFFF0CFFFFFFFF0C1A04000004010000000401000000043A0000000400000000110E04636F6E650D07737572666163650CFFFFFFFF04FFFFFFFF0CFFFFFFFF13584F9B25985207
310
C0FE2B3779D1D52DC000000000000000001400000000000000000000000000000000000000000000F03F14403C6DF9E7B8DE3F30888F4F6C12EC3F000000000000000006000000000000F03F0B0B06000000000000000006000000000000F0BF06050000000000F03F0B0B0B0B0B110E09706572737562656E740E10616361
310
64536F6C6964486973746F72790D066174747269620CFFFFFFFF04FFFFFFFF0CFFFFFFFF0CFFFFFFFF0C200400000401000000040100000004260000000400000000110D04666163650C6F04000004FFFFFFFF0CFFFFFFFF0C700400000C710400000C040000000CFFFFFFFF0C720400000B0B110D046C6F6F700CFFFFFFFF
310
04FFFFFFFF0CFFFFFFFF0CFFFFFFFF0C730400000C20040000110E04636F6E650D07737572666163650CFFFFFFFF04FFFFFFFF0CFFFFFFFF130000000000406F3D0000000000604ABD00000000000000001400000000000000000000000000000000000000000000F03F1458C4A34B4B1A2B4057E79879F4A011C000000000
310
0000000006000000000000F03F0B0B06000000000000000006000000000000F03F0603FEFFFFFF7F2C400B0B0B0B0B110D06636F656467650CFFFFFFFF04FFFFFFFF0CFFFFFFFF0C740400000C750400000C760400000C770400000B0C2104000004000000000CFFFFFFFF110D06636F656467650CFFFFFFFF04FFFFFFFF0C
310
FFFFFFFF0C780400000C230400000C250400000C510400000B0CF903000004000000000CFFFFFFFF110D06636F656467650CFFFFFFFF04FFFFFFFF0CFFFFFFFF0C230400000C780400000C740400000C790400000A0CF903000004000000000CFFFFFFFF110D06636F656467650CFFFFFFFF04FFFFFFFF0CFFFFFFFF0C7604
310
00000C260400000C230400000C4F0400000A0C2600000004000000000CFFFFFFFF110D04656467650CFFFFFFFF04FFFFFFFF0CFFFFFFFF0C7A0400000600000000000000000C5204000006C42316120F20EE3F0C230400000C7B0400000B0707756E6B6E6F776E110D06636F656467650CFFFFFFFF04FFFFFFFF0CFFFFFFFF
310
0C250400000C240400000C7C0400000C7D0400000A0CD103000004000000000CFFFFFFFF110D04656467650CFFFFFFFF04FFFFFFFF0CFFFFFFFF0C520400000600000000000000000C7E0400000600000000000039400C4C0400000C7F0400000B0707756E6B6E6F776E110D067665727465780CFFFFFFFF04FFFFFFFF0CFF
310
FFFFFF0C4F04000004010000000C80040000110E0873747261696768740D0563757276650CFFFFFFFF04FFFFFFFF0CFFFFFFFF13F01B87A5DCF3314060C71F1FB2DEF0BF0000000000000000140000000000000000000000000000F03F00000000000000000A0600000000000000000A06E07A14AE47E10240110D06636F65
310
6467650CFFFFFFFF04FFFFFFFF0CFFFFFFFF0C2C0400000C7C0400000C280400000C550400000B0C5800000004000000000CFFFFFFFF110D04656467650CFFFFFFFF04FFFFFFFF0CFFFFFFFF0C560400000600000000000000000C2E04000006912316120F20EE3F0C280400000C810400000B0707756E6B6E6F776E110D06
310
7665727465780CFFFFFFFF04FFFFFFFF0CFFFFFFFF0C2904000004010000000C82040000110E0873747261696768740D0563757276650CFFFFFFFF04FFFFFFFF0CFFFFFFFF13F01B87A5DCF33140602E093DDDE3F43F00000000000000001400000000000000000000000000000000000000000000F03F0B0B110D05706F69
310
6E740CFFFFFFFF04FFFFFFFF0CFFFFFFFF13F01B87A5DCF33140602E093DDDE3F43F0000000000000000110E07656C6C697073650D0563757276650CFFFFFFFF04FFFFFFFF0CFFFFFFFF13072C3779D1D52D40E90290B42D55094000000000000039401400000000000000000000000000000000000000000000F0BF14C029
310
2090071FC63F8481B353BC84EFBF000000000000000006000000000000F03F0B0B110D05706F696E740CFFFFFFFF04FFFFFFFF0CFFFFFFFF13AEAC77974D2E2E408222A39FFE7301400000000000003940110D06636F656467650CFFFFFFFF04FFFFFFFF0CFFFFFFFF0C830400000C330400000C840400000C850400000B0C
310
5800000004000000000CFFFFFFFF110D06636F656467650CFFFFFFFF04FFFFFFFF0CFFFFFFFF0C3D0400000C3C0400000C330400000C5D0400000A0C3E04000004000000000CFFFFFFFF110D04656467650CFFFFFFFF04FFFFFFFF0CFFFFFFFF0C5E0400000600000000000000000C8604000006E47A14AE47E102400C5C04
310
00000C870400000B0707756E6B6E6F776E110D067665727465780CFFFFFFFF04FFFFFFFF0CFFFFFFFF0C4104000004010000000C88040000110E07656C6C697073650D0563757276650CFFFFFFFF04FFFFFFFF0CFFFFFFFF1386EA24CF971EF53F1B22E6944D522FC000000000000039401400000000000000000000000000
310
000000000000000000F03F1443E440F8B4000AC00057E7D6FF3FE23F000000000000000006000000000000F03F0B0B110D05706F696E740CFFFFFFFF04FFFFFFFF0CFFFFFFFF1300DE5C21D2E2FEBFAAAC77974D2E2EC00000000000003940110D06636F656467650CFFFFFFFF04FFFFFFFF0CFFFFFFFF0C390400000C8904
310
00000C8A0400000C8B0400000A0C2600000004000000000CFFFFFFFF110D06636F656467650CFFFFFFFF04FFFFFFFF0CFFFFFFFF0C8C0400000C8D0400000C390400000C630400000B0C8E04000004000000000CFFFFFFFF110D04656467650CFFFFFFFF04FFFFFFFF0CFFFFFFFF0C670400000600000000000000000C8F04
310
000006CEE32900AF90F83F0C620400000C900400000B0707756E6B6E6F776E110D06636F656467650CFFFFFFFF04FFFFFFFF0CFFFFFFFF0C840400000C3A0400000C8D0400000C910400000B0C6604000004000000000CFFFFFFFF110D06636F656467650CFFFFFFFF04FFFFFFFF0CFFFFFFFF0C3A0400000C840400000C3C
310
0400000C690400000A0C6604000004000000000CFFFFFFFF110D046C6F6F700CFFFFFFFF04FFFFFFFF0CFFFFFFFF0CFFFFFFFF0C3A0400000C92040000110D067665727465780CFFFFFFFF04FFFFFFFF0CFFFFFFFF0C3B04000004010000000C93040000110E07656C6C697073650D0563757276650CFFFFFFFF04FFFFFFFF
310
0CFFFFFFFF13C2833BB16C19F1BF1322E6944D522FC000000000000000001400000000000000000000000000000080000000000000F03F14FC5822F7A4FE02403C57A0D8AE5502C0000000000000000006000000000000F03F0A0600000000000000000A067A2316120F20EE3F110D04656467650CFFFFFFFF04FFFFFFFF0C
310
FFFFFFFF0C3F0400000600000000000000000C860400000600000000000039400C3C0400000C940400000B0707756E6B6E6F776E110D04666163650C9504000004FFFFFFFF0CFFFFFFFF0C420400000C3E0400000C040000000CFFFFFFFF0C960400000B0B110D05706F696E740CFFFFFFFF04FFFFFFFF0CFFFFFFFF13382E
310
093DDDE3F43FF11B87A5DCF331C00000000000000000110E0873747261696768740D0563757276650CFFFFFFFF04FFFFFFFF0CFFFFFFFF1387C71F1FB2DEF0BFEF1B87A5DCF331C000000000000000001400000000000000000000000000000000000000000000F03F0B0B110E09706572737562656E740E1061636164536F
310
6C6964486973746F72790D066174747269620CFFFFFFFF04FFFFFFFF0CFFFFFFFF0CFFFFFFFF0C420400000401000000040100000004390000000400000000110E04636F6E650D07737572666163650CFFFFFFFF04FFFFFFFF0CFFFFFFFF1386EA24CF971EF53F1B22E6944D522FC000000000000000001400000000000000
310
000000000000000000000000000000F03F1443E440F8B4000AC00057E7D6FF3FE23F000000000000000006000000000000F03F0B0B06000000000000000006000000000000F03F066466666666660A400B0B0B0B0B110E09706572737562656E740E1061636164536F6C6964486973746F72790D066174747269620CFFFFFF
310
FF04FFFFFFFF0CFFFFFFFF0CFFFFFFFF0C480400000401000000040100000004270000000400000000110D04666163650C9704000004FFFFFFFF0CFFFFFFFF0C980400000C990400000C040000000CFFFFFFFF0C9A0400000B0B110D046C6F6F700CFFFFFFFF04FFFFFFFF0CFFFFFFFF0CFFFFFFFF0C9B0400000C48040000
310
110E04636F6E650D07737572666163650CFFFFFFFF04FFFFFFFF0CFFFFFFFF139217092431012D40E817BA50A7DD12C000000000000000001400000000000000000000000000000000000000000000F03F14C0A7EE6992F0D5BF70D4A6D69B0FEEBF000000000000000006000000000000F03F0B0B06000000000000000006
310
000000000000F0BF06E4FFFFFFFFFFEF3F0B0B0B0B0B110D06636F656467650CFFFFFFFF04FFFFFFFF0CFFFFFFFF0C9C0400000C9D0400000C9E0400000C9F0400000B0C4904000004000000000CFFFFFFFF110D06636F656467650CFFFFFFFF04FFFFFFFF0CFFFFFFFF0CA00400000C4B0400000C4D0400000C790400000B
310
0C2104000004000000000CFFFFFFFF110D06636F656467650CFFFFFFFF04FFFFFFFF0CFFFFFFFF0C4B0400000CA00400000C9C0400000CA10400000A0C2104000004000000000CFFFFFFFF110D06636F656467650CFFFFFFFF04FFFFFFFF0CFFFFFFFF0C9E0400000C4E0400000C4B0400000C770400000A0C260000000400
310
0000000CFFFFFFFF110D04656467650CFFFFFFFF04FFFFFFFF0CFFFFFFFF0CA20400000600000000000000000C7A04000006CA69E36B95E6F33F0C4B0400000CA30400000B0707756E6B6E6F776E110D06636F656467650CFFFFFFFF04FFFFFFFF0CFFFFFFFF0C4D0400000C4C0400000CA40400000CA50400000A0CF90300
310
0004000000000CFFFFFFFF110D04656467650CFFFFFFFF04FFFFFFFF0CFFFFFFFF0C7A0400000600000000000000000CA60400000600000000000039400C740400000CA70400000B070774616E67656E74110D067665727465780CFFFFFFFF04FFFFFFFF0CFFFFFFFF0C7704000004010000000CA8040000110E07656C6C69
310
7073650D0563757276650CFFFFFFFF04FFFFFFFF0CFFFFFFFF131A22E6944D522F4040EA24CF971EF53F00000000000000001400000000000000000000000000000080000000000000F03F14C056E7D6FF3FE2BF24E440F8B4000AC0000000000000000006000000000000F03F0A0600000000000000000A06C42316120F20
310
EE3F110D06636F656467650CFFFFFFFF04FFFFFFFF0CFFFFFFFF0C540400000CA40400000C500400000C7D0400000B0C5800000004000000000CFFFFFFFF110D04656467650CFFFFFFFF04FFFFFFFF0CFFFFFFFF0C7E0400000600000000000000000C5604000006E07A14AE47E102400C500400000CA90400000B0707756E
310
6B6E6F776E110D067665727465780CFFFFFFFF04FFFFFFFF0CFFFFFFFF0C5104000004010000000CAA040000110E0873747261696768740D0563757276650CFFFFFFFF04FFFFFFFF0CFFFFFFFF13F01B87A5DCF3314056C71F1FB2DEF0BF00000000000000001400000000000000000000000000000000000000000000F03F
310
0B0B110D05706F696E740CFFFFFFFF04FFFFFFFF0CFFFFFFFF13F01B87A5DCF3314056C71F1FB2DEF0BF0000000000000000110E07656C6C697073650D0563757276650CFFFFFFFF04FFFFFFFF0CFFFFFFFF131822E6944D522F40A0833BB16C19F1BF00000000000039401400000000000000000000000000000000000000
310
000000F03F142057A0D8AE550240005922F7A4FE0240000000000000000006000000000000F03F0B0B110D05706F696E740CFFFFFFFF04FFFFFFFF0CFFFFFFFF13F01B87A5DCF33140602E093DDDE3F43F0000000000003940110D06636F656467650CFFFFFFFF04FFFFFFFF0CFFFFFFFF0CAB0400000C5B0400000CAC0400
310
000CAD0400000B0C5800000004000000000CFFFFFFFF110D06636F656467650CFFFFFFFF04FFFFFFFF0CFFFFFFFF0C650400000C640400000C5B0400000C850400000A0C6604000004000000000CFFFFFFFF110D04656467650CFFFFFFFF04FFFFFFFF0CFFFFFFFF0C860400000600000000000000000CAE040000067A2316
310
120F20EE3F0C840400000CAF0400000B0707756E6B6E6F776E110D067665727465780CFFFFFFFF04FFFFFFFF0CFFFFFFFF0C6904000004010000000CB0040000110E0873747261696768740D0563757276650CFFFFFFFF04FFFFFFFF0CFFFFFFFF1390C71F1FB2DEF0BFEF1B87A5DCF331C000000000000039401400000000
310
0000F03FFB0C27755F1EEBBC00000000000000000B0B110D05706F696E740CFFFFFFFF04FFFFFFFF0CFFFFFFFF1388C71F1FB2DEF0BFEF1B87A5DCF331C00000000000003940110D06636F656467650CFFFFFFFF04FFFFFFFF0CFFFFFFFF0C610400000CB10400000CB20400000CB30400000A0C2600000004000000000CFF
310
FFFFFF110D06636F656467650CFFFFFFFF04FFFFFFFF0CFFFFFFFF0CB40400000CB50400000C610400000C8B0400000B0CB604000004000000000CFFFFFFFF110D04656467650CFFFFFFFF04FFFFFFFF0CFFFFFFFF0C8F0400000600000000000000000CB7040000062B94881EB143C23F0C8A0400000CB80400000B070775
310
6E6B6E6F776E110D06636F656467650CFFFFFFFF04FFFFFFFF0CFFFFFFFF0CAC0400000C620400000CB50400000CB90400000B0C8E04000004000000000CFFFFFFFF110D06636F656467650CFFFFFFFF04FFFFFFFF0CFFFFFFFF0C620400000CAC0400000C640400000C910400000A0C8E04000004000000000CFFFFFFFF11
310
0D046C6F6F700CFFFFFFFF04FFFFFFFF0CFFFFFFFF0CFFFFFFFF0C620400000CBA040000110D067665727465780CFFFFFFFF04FFFFFFFF0CFFFFFFFF0C6304000004010000000CBB040000110E07656C6C697073650D0563757276650CFFFFFFFF04FFFFFFFF0CFFFFFFFF13D80290B42D550940002C3779D1D52DC0000000
310
00000000001400000000000000000000000000000080000000000000F0BF144081B353BC84EFBF402C2090071FC6BF000000000000000006000000000000F03F0A0600000000000000000A06CEE32900AF90F83F110D04656467650CFFFFFFFF04FFFFFFFF0CFFFFFFFF0C670400000600000000000000000CAE0400000600
310
000000000039400C640400000CBC0400000B070774616E67656E74110D04666163650CBD04000004FFFFFFFF0CFFFFFFFF0C6A0400000C660400000C040000000CFFFFFFFF0CBE0400000B0B110D05706F696E740CFFFFFFFF04FFFFFFFF0CFFFFFFFF138822A39FFE730140B2AC77974D2E2EC00000000000000000110E08
310
73747261696768740D0563757276650CFFFFFFFF04FFFFFFFF0CFFFFFFFF13382E093DDDE3F43FF11B87A5DCF331C000000000000000001400000000000000000000000000000000000000000000F03F0B0B110E09706572737562656E740E1061636164536F6C6964486973746F72790D066174747269620CFFFFFFFF04FF
310
FFFFFF0CFFFFFFFF0CFFFFFFFF0C6A0400000402000000040100000004370000000400000000040100000004380000000400000000110E05706C616E650D07737572666163650CFFFFFFFF04FFFFFFFF0CFFFFFFFF1390C71F1FB2DEF0BFEF1B87A5DCF331C0000000000000000014FB0C27755F1EEBBC000000000000F0BF
310
000000000000000014000000000000F03FFB0C27755F1EEBBC00000000000000000B0B0B0B0B110E09706572737562656E740E1061636164536F6C6964486973746F72790D066174747269620CFFFFFFFF04FFFFFFFF0CFFFFFFFF0CFFFFFFFF0C700400000401000000040100000004280000000400000000110D04666163
310
650CBF04000004FFFFFFFF0CFFFFFFFF0CC00400000CC10400000C040000000CFFFFFFFF0CC20400000B0B110D046C6F6F700CFFFFFFFF04FFFFFFFF0CFFFFFFFF0CFFFFFFFF0CC30400000C70040000110E04636F6E650D07737572666163650CFFFFFFFF04FFFFFFFF0CFFFFFFFF13F8380011770E2A4005150D8A058321
310
C000000000000000001400000000000000000000000000000000000000000000F03F14F0EA92C02B600940B09AC70C5421ED3F000000000000000006000000000000F03F0B0B06000000000000000006000000000000F03F064D66666666660A400B0B0B0B0B110D06636F656467650CFFFFFFFF04FFFFFFFF0CFFFFFFFF0C
310
C40400000CC50400000CC60400000CC70400000B0C7104000004000000000CFFFFFFFF110D06636F656467650CFFFFFFFF04FFFFFFFF0CFFFFFFFF0CC80400000C730400000C750400000CA10400000B0C4904000004000000000CFFFFFFFF110D06636F656467650CFFFFFFFF04FFFFFFFF0CFFFFFFFF0C730400000CC804
310
00000CC40400000CC90400000A0C4904000004000000000CFFFFFFFF110D06636F656467650CFFFFFFFF04FFFFFFFF0CFFFFFFFF0CC60400000C760400000C730400000C9F0400000A0C2600000004000000000CFFFFFFFF110D04656467650CFFFFFFFF04FFFFFFFF0CFFFFFFFF0CCA0400000600000000000000000CA204
310
000006AC94881EB143C23F0C730400000CCB0400000B0707756E6B6E6F776E110D06636F656467650CFFFFFFFF04FFFFFFFF0CFFFFFFFF0C750400000C740400000CCC0400000CCD0400000A0C2104000004000000000CFFFFFFFF110D04656467650CFFFFFFFF04FFFFFFFF0CFFFFFFFF0CA2040000060000000000000000
310
0CCE0400000600000000000039400C9C0400000CCF0400000B0707756E6B6E6F776E110D067665727465780CFFFFFFFF04FFFFFFFF0CFFFFFFFF0C9F04000004010000000CD0040000110E07656C6C697073650D0563757276650CFFFFFFFF04FFFFFFFF0CFFFFFFFF13032C3779D1D52D40594F9B25985207C00000000000
310
0000001400000000000000000000000000000080000000000000F0BF1490888F4F6C12ECBFD83A6DF9E7B8DE3F000000000000000006000000000000F03F0A0600000000000000000A06CA69E36B95E6F33F110D06636F656467650CFFFFFFFF04FFFFFFFF0CFFFFFFFF0C7C0400000CCC0400000C780400000CA50400000B
310
0C5800000004000000000CFFFFFFFF110D04656467650CFFFFFFFF04FFFFFFFF0CFFFFFFFF0CA60400000600000000000000000C7E04000006C42316120F20EE3F0C780400000CD10400000B0707756E6B6E6F776E110D067665727465780CFFFFFFFF04FFFFFFFF0CFFFFFFFF0C7904000004010000000CD2040000110E08
310
73747261696768740D0563757276650CFFFFFFFF04FFFFFFFF0CFFFFFFFF13AEAC77974D2E2E4004DE5C21D2E2FEBF00000000000000001400000000000000000000000000000000000000000000F03F0B0B110D05706F696E740CFFFFFFFF04FFFFFFFF0CFFFFFFFF13AEAC77974D2E2E4004DE5C21D2E2FEBF0000000000
310
000000110E0873747261696768740D0563757276650CFFFFFFFF04FFFFFFFF0CFFFFFFFF13F01B87A5DCF3314060C71F1FB2DEF0BF0000000000003940140000000000000000000000000000F03F00000000000000000B0B110D05706F696E740CFFFFFFFF04FFFFFFFF0CFFFFFFFF13F01B87A5DCF3314058C71F1FB2DEF0
310
BF0000000000003940110D06636F656467650CFFFFFFFF04FFFFFFFF0CFFFFFFFF0CD30400000C830400000CD40400000CD50400000B0C5800000004000000000CFFFFFFFF110D06636F656467650CFFFFFFFF04FFFFFFFF0CFFFFFFFF0C8D0400000C8C0400000C830400000CAD0400000A0C8E04000004000000000CFFFF
310
FFFF110D04656467650CFFFFFFFF04FFFFFFFF0CFFFFFFFF0CAE0400000600000000000000000CD604000006CEE32900AF90F83F0CAC0400000CD70400000B0707756E6B6E6F776E110D067665727465780CFFFFFFFF04FFFFFFFF0CFFFFFFFF0C9104000004010000000CD8040000110E07656C6C697073650D0563757276
310
650CFFFFFFFF04FFFFFFFF0CFFFFFFFF13C2833BB16C19F1BF1322E6944D522FC000000000000039401400000000000000000000000000000000000000000000F03F14FC5822F7A4FE02403C57A0D8AE5502C0000000000000000006000000000000F03F0B0B110D05706F696E740CFFFFFFFF04FFFFFFFF0CFFFFFFFF1338
310
2E093DDDE3F43FF11B87A5DCF331C00000000000003940110D06636F656467650CFFFFFFFF04FFFFFFFF0CFFFFFFFF0C890400000CD90400000CDA0400000CDB0400000A0C2600000004000000000CFFFFFFFF110D06636F656467650CFFFFFFFF04FFFFFFFF0CFFFFFFFF0CDC0400000CDD0400000C890400000CB3040000
310
0B0CDE04000004000000000CFFFFFFFF110D04656467650CFFFFFFFF04FFFFFFFF0CFFFFFFFF0CB70400000600000000000000000CDF040000067769E36B95E6F33F0CB20400000CE00400000B0707756E6B6E6F776E110D06636F656467650CFFFFFFFF04FFFFFFFF0CFFFFFFFF0CD40400000C8A0400000CDD0400000CE1
310
0400000B0CB604000004000000000CFFFFFFFF110D06636F656467650CFFFFFFFF04FFFFFFFF0CFFFFFFFF0C8A0400000CD40400000C8C0400000CB90400000A0CB604000004000000000CFFFFFFFF110D046C6F6F700CFFFFFFFF04FFFFFFFF0CFFFFFFFF0CFFFFFFFF0C8A0400000CE2040000110D067665727465780CFF
310
FFFFFF04FFFFFFFF0CFFFFFFFF0C8B04000004010000000CE3040000110E07656C6C697073650D0563757276650CFFFFFFFF04FFFFFFFF0CFFFFFFFF13000000000090413D00000000004060BD00000000000000001400000000000000000000000000000080000000000000F03F148F16E7C1EBAB074050177F4BFAE02BC0
310
000000000000000006000000000000F03F0A0600000000000000000A062B94881EB143C23F110D04656467650CFFFFFFFF04FFFFFFFF0CFFFFFFFF0C8F0400000600000000000000000CD60400000600000000000039400C8C0400000CE40400000B070774616E67656E74110D04666163650CE504000004FFFFFFFF0CFFFF
310
FFFF0C920400000C8E0400000C040000000CFFFFFFFF0CE60400000B0B110D05706F696E740CFFFFFFFF04FFFFFFFF0CFFFFFFFF13A817E7C1EBAB074053187F4BFAE02BC00000000000000000110E0873747261696768740D0563757276650CFFFFFFFF04FFFFFFFF0CFFFFFFFF138822A39FFE730140B2AC77974D2E2EC0
310
00000000000000001400000000000000000000000000000000000000000000F03F0B0B110E09706572737562656E740E1061636164536F6C6964486973746F72790D066174747269620CFFFFFFFF04FFFFFFFF0CFFFFFFFF0CFFFFFFFF0C920400000401000000040100000004360000000400000000110E04636F6E650D07
310
737572666163650CFFFFFFFF04FFFFFFFF0CFFFFFFFF13C2833BB16C19F1BF1322E6944D522FC000000000000000001400000000000000000000000000000000000000000000F03F14FC5822F7A4FE02403C57A0D8AE5502C0000000000000000006000000000000F03F0B0B06000000000000000006000000000000F03F06
310
8066666666660A400B0B0B0B0B110E09706572737562656E740E1061636164536F6C6964486973746F72790D066174747269620CFFFFFFFF04FFFFFFFF0CFFFFFFFF0CFFFFFFFF0C9804000004020000000401000000042900000004000000000401000000042A0000000400000000110D04666163650CE704000004FFFFFF
310
FF0CFFFFFFFF0CE80400000CE90400000C040000000CFFFFFFFF0CEA0400000B0B110D046C6F6F700CFFFFFFFF04FFFFFFFF0CFFFFFFFF0CFFFFFFFF0CEB0400000C98040000110E05706C616E650D07737572666163650CFFFFFFFF04FFFFFFFF0CFFFFFFFF135464620B590A2E40691CE2DA5FC723C00000000000000000
310
14994C58E87AB6EB3F1E0000000000E0BF0000000000000000141E0000000000E03F994C58E87AB6EB3F00000000000000000B0B0B0B0B110D06636F656467650CFFFFFFFF04FFFFFFFF0CFFFFFFFF0CEC0400000CED0400000CEE0400000CEF0400000B0C9904000004000000000CFFFFFFFF110D06636F656467650CFFFF
310
FFFF04FFFFFFFF0CFFFFFFFF0CF00400000C9B0400000C9D0400000CC90400000B0C7104000004000000000CFFFFFFFF110D06636F656467650CFFFFFFFF04FFFFFFFF0CFFFFFFFF0C9B0400000CF00400000CEC0400000CF10400000A0C7104000004000000000CFFFFFFFF110D06636F656467650CFFFFFFFF04FFFFFFFF
310
0CFFFFFFFF0CEE0400000C9E0400000C9B0400000CC70400000A0C2600000004000000000CFFFFFFFF110D04656467650CFFFFFFFF04FFFFFFFF0CFFFFFFFF0CF20400000600000000000000000CCA04000006D2E32900AF90F83F0C9B0400000CF30400000B0707756E6B6E6F776E110D06636F656467650CFFFFFFFF04FF
310
FFFFFF0CFFFFFFFF0C9D0400000C9C0400000CF40400000CF50400000A0C4904000004000000000CFFFFFFFF110D04656467650CFFFFFFFF04FFFFFFFF0CFFFFFFFF0CCA0400000600000000000000000CF60400000600000000000039400CC40400000CF70400000B070774616E67656E74110D067665727465780CFFFFFF
310
FF04FFFFFFFF0CFFFFFFFF0CC704000004010000000CF8040000110E07656C6C697073650D0563757276650CFFFFFFFF04FFFFFFFF0CFFFFFFFF130000000000406F3D0000000000604ABD00000000000000001400000000000000000000000000000080000000000000F03F1458C4A34B4B1A2B4057E79879F4A011C00000
310
00000000000006000000000000F03F0A0600000000000000000A06AC94881EB143C23F110D06636F656467650CFFFFFFFF04FFFFFFFF0CFFFFFFFF0CA40400000CF40400000CA00400000CCD0400000B0C5800000004000000000CFFFFFFFF110D04656467650CFFFFFFFF04FFFFFFFF0CFFFFFFFF0CCE0400000600000000
310
000000000CA604000006CA69E36B95E6F33F0CA00400000CF90400000B0707756E6B6E6F776E110D067665727465780CFFFFFFFF04FFFFFFFF0CFFFFFFFF0CA104000004010000000CFA040000110E0873747261696768740D0563757276650CFFFFFFFF04FFFFFFFF0CFFFFFFFF137B333EB4AA142C40FEA76D267B7B03C0
310
00000000000000001400000000000000000000000000000000000000000000F03F0B0B110D05706F696E740CFFFFFFFF04FFFFFFFF0CFFFFFFFF137B333EB4AA142C40FEA76D267B7B03C00000000000000000110E07656C6C697073650D0563757276650CFFFFFFFF04FFFFFFFF0CFFFFFFFF131A22E6944D522F4040EA24
310
CF971EF53F00000000000039401400000000000000000000000000000000000000000000F03F14C056E7D6FF3FE2BF24E440F8B4000AC0000000000000000006000000000000F03F0B0B110D05706F696E740CFFFFFFFF04FFFFFFFF0CFFFFFFFF13AEAC77974D2E2E4000DE5C21D2E2FEBF0000000000003940110D06636F
310
656467650CFFFFFFFF04FFFFFFFF0CFFFFFFFF0CFB0400000CAB0400000CFC0400000CFD0400000B0C5800000004000000000CFFFFFFFF110D06636F656467650CFFFFFFFF04FFFFFFFF0CFFFFFFFF0CB50400000CB40400000CAB0400000CD50400000A0CB604000004000000000CFFFFFFFF110D04656467650CFFFFFFFF
310
04FFFFFFFF0CFFFFFFFF0CD60400000600000000000000000CFE040000062B94881EB143C23F0CD40400000CFF0400000B0707756E6B6E6F776E110D067665727465780CFFFFFFFF04FFFFFFFF0CFFFFFFFF0CB904000004010000000C00050000110E07656C6C697073650D0563757276650CFFFFFFFF04FFFFFFFF0CFFFF
310
FFFF13D80290B42D550940002C3779D1D52DC000000000000039401400000000000000000000000000000000000000000000F0BF144081B353BC84EFBF402C2090071FC6BF000000000000000006000000000000F03F0B0B110D05706F696E740CFFFFFFFF04FFFFFFFF0CFFFFFFFF138822A39FFE730140B2AC77974D2E2E
310
C00000000000003940110D06636F656467650CFFFFFFFF04FFFFFFFF0CFFFFFFFF0CB10400000C010500000C020500000C030500000A0C2600000004000000000CFFFFFFFF110D06636F656467650CFFFFFFFF04FFFFFFFF0CFFFFFFFF0C040500000C050500000CB10400000CDB0400000B0C0605000004000000000CFFFF
310
FFFF110D04656467650CFFFFFFFF04FFFFFFFF0CFFFFFFFF0CDF0400000600000000000000000C07050000068D2316120F20EE3F0CDA0400000C080500000B0707756E6B6E6F776E110D06636F656467650CFFFFFFFF04FFFFFFFF0CFFFFFFFF0CFC0400000CB20400000C050500000C090500000B0CDE0400000400000000
310
0CFFFFFFFF110D06636F656467650CFFFFFFFF04FFFFFFFF0CFFFFFFFF0CB20400000CFC0400000CB40400000CE10400000A0CDE04000004000000000CFFFFFFFF110D046C6F6F700CFFFFFFFF04FFFFFFFF0CFFFFFFFF0CFFFFFFFF0CB20400000C0A050000110D067665727465780CFFFFFFFF04FFFFFFFF0CFFFFFFFF0C
310
B304000004010000000C0B050000110E07656C6C697073650D0563757276650CFFFFFFFF04FFFFFFFF0CFFFFFFFF131018919E79BC134023812A72DEC02CC000000000000000001400000000000000800000000000000080000000000000F0BF140016B0DB6E7397BFF0E090FBD9FDEF3F0000000000000000060000000000
310
00F03F0A0600000000000000000A067769E36B95E6F33F110D04656467650CFFFFFFFF04FFFFFFFF0CFFFFFFFF0CB70400000600000000000000000CFE0400000600000000000039400CB40400000C0C0500000B0707756E6B6E6F776E110D04666163650C0D05000004FFFFFFFF0CFFFFFFFF0CBA0400000CB60400000C04
310
0000000CFFFFFFFF0C0E0500000B0B110D05706F696E740CFFFFFFFF04FFFFFFFF0CFFFFFFFF13FA67B52F06A51340127371D200C12AC00000000000000000110E0873747261696768740D0563757276650CFFFFFFFF04FFFFFFFF0CFFFFFFFF13A817E7C1EBAB074053187F4BFAE02BC00000000000000000140000000000
310
0000000000000000000000000000000000F03F0B0B110E09706572737562656E740E1061636164536F6C6964486973746F72790D066174747269620CFFFFFFFF04FFFFFFFF0CFFFFFFFF0CFFFFFFFF0CBA0400000401000000040100000004350000000400000000110E04636F6E650D07737572666163650CFFFFFFFF04FF
310
FFFFFF0CFFFFFFFF13D80290B42D550940002C3779D1D52DC000000000000000001400000000000000000000000000000000000000000000F03F144081B353BC84EFBF402C2090071FC6BF000000000000000006000000000000F03F0B0B06000000000000000006000000000000F0BF06FDFFFFFFFFFFEF3F0B0B0B0B0B11
310
0E09706572737562656E740E1061636164536F6C6964486973746F72790D066174747269620CFFFFFFFF04FFFFFFFF0CFFFFFFFF0CFFFFFFFF0CC004000004010000000401000000042B0000000400000000110D04666163650C0F05000004FFFFFFFF0CFFFFFFFF0C100500000C110500000C040000000CFFFFFFFF0C1205
310
00000B0B110D046C6F6F700CFFFFFFFF04FFFFFFFF0CFFFFFFFF0CFFFFFFFF0C130500000CC0040000110E04636F6E650D07737572666163650CFFFFFFFF04FFFFFFFF0CFFFFFFFF13D93F0659F7712C40C219DBC7BDBF1AC000000000000000001400000000000000000000000000000000000000000000F03F14EC3E5BF9
310
DEF300C0BC995C9BE03C04C0000000000000000006000000000000F03F0B0B06000000000000000006000000000000F03F069166666666660A400B0B0B0B0B110D06636F656467650CFFFFFFFF04FFFFFFFF0CFFFFFFFF0C140500000C150500000C160500000C170500000B0CC104000004000000000CFFFFFFFF110D0663
310
6F656467650CFFFFFFFF04FFFFFFFF0CFFFFFFFF0C180500000CC30400000CC50400000CF10400000B0C9904000004000000000CFFFFFFFF110D06636F656467650CFFFFFFFF04FFFFFFFF0CFFFFFFFF0CC30400000C180500000C140500000C190500000A0C9904000004000000000CFFFFFFFF110D06636F656467650CFF
310
FFFFFF04FFFFFFFF0CFFFFFFFF0C160500000CC60400000CC30400000CEF0400000A0C2600000004000000000CFFFFFFFF110D04656467650CFFFFFFFF04FFFFFFFF0CFFFFFFFF0C1A0500000600000000000000000CF204000006BD2316120F20EE3F0CC30400000C1B0500000B0707756E6B6E6F776E110D06636F656467
310
650CFFFFFFFF04FFFFFFFF0CFFFFFFFF0CC50400000CC40400000C1C0500000C1D0500000A0C7104000004000000000CFFFFFFFF110D04656467650CFFFFFFFF04FFFFFFFF0CFFFFFFFF0CF20400000600000000000000000C1E0500000600000000000039400CEC0400000C1F0500000B070774616E67656E74110D067665
310
727465780CFFFFFFFF04FFFFFFFF0CFFFFFFFF0CEF04000004010000000C20050000110E07656C6C697073650D0563757276650CFFFFFFFF04FFFFFFFF0CFFFFFFFF139217092431012D40E817BA50A7DD12C000000000000000001400000000000000000000000000000000000000000000F0BF14C0A7EE6992F0D5BF70D4
310
A6D69B0FEEBF000000000000000006000000000000F03F0A0600000000000000000A06D2E32900AF90F83F110D06636F656467650CFFFFFFFF04FFFFFFFF0CFFFFFFFF0CCC0400000C1C0500000CC80400000CF50400000B0C5800000004000000000CFFFFFFFF110D04656467650CFFFFFFFF04FFFFFFFF0CFFFFFFFF0CF6
310
0400000600000000000000000CCE04000006AC94881EB143C23F0CC80400000C210500000B0707756E6B6E6F776E110D067665727465780CFFFFFFFF04FFFFFFFF0CFFFFFFFF0CC904000004010000000C22050000110E0873747261696768740D0563757276650CFFFFFFFF04FFFFFFFF0CFFFFFFFF134BC6A34B4B1A2B40
310
2AE89879F4A011C000000000000000001400000000000000000000000000000000000000000000F03F0B0B110D05706F696E740CFFFFFFFF04FFFFFFFF0CFFFFFFFF134BC6A34B4B1A2B402AE89879F4A011C00000000000000000110E07656C6C697073650D0563757276650CFFFFFFFF04FFFFFFFF0CFFFFFFFF13032C37
310
79D1D52D40594F9B25985207C000000000000039401400000000000000000000000000000000000000000000F0BF1490888F4F6C12ECBFD83A6DF9E7B8DE3F000000000000000006000000000000F03F0B0B110D05706F696E740CFFFFFFFF04FFFFFFFF0CFFFFFFFF137A333EB4AA142C4000A86D267B7B03C00000000000
310
003940110D06636F656467650CFFFFFFFF04FFFFFFFF0CFFFFFFFF0C230500000CD30400000C240500000C250500000B0C5800000004000000000CFFFFFFFF110D06636F656467650CFFFFFFFF04FFFFFFFF0CFFFFFFFF0CDD0400000CDC0400000CD30400000CFD0400000A0CDE04000004000000000CFFFFFFFF110D0465
310
6467650CFFFFFFFF04FFFFFFFF0CFFFFFFFF0CFE0400000600000000000000000C26050000067769E36B95E6F33F0CFC0400000C270500000B0707756E6B6E6F776E110D067665727465780CFFFFFFFF04FFFFFFFF0CFFFFFFFF0CE104000004010000000C28050000110E07656C6C697073650D0563757276650CFFFFFFFF
310
04FFFFFFFF0CFFFFFFFF13000000000090413D00000000004060BD00000000000039401400000000000000000000000000000000000000000000F03F148F16E7C1EBAB074050177F4BFAE02BC0000000000000000006000000000000F03F0B0B110D05706F696E740CFFFFFFFF04FFFFFFFF0CFFFFFFFF13A817E7C1EBAB07
310
4054187F4BFAE02BC00000000000003940110D06636F656467650CFFFFFFFF04FFFFFFFF0CFFFFFFFF0CD90400000C290500000C2A0500000C2B0500000A0C2600000004000000000CFFFFFFFF110D06636F656467650CFFFFFFFF04FFFFFFFF0CFFFFFFFF0C2C0500000C2D0500000CD90400000C030500000B0C2E050000
310
04000000000CFFFFFFFF110D04656467650CFFFFFFFF04FFFFFFFF0CFFFFFFFF0C070500000600000000000000000C2F05000006E77A14AE47E102400C020500000C300500000B0707756E6B6E6F776E110D06636F656467650CFFFFFFFF04FFFFFFFF0CFFFFFFFF0C240500000CDA0400000C2D0500000C310500000B0C06
310
05000004000000000CFFFFFFFF110D06636F656467650CFFFFFFFF04FFFFFFFF0CFFFFFFFF0CDA0400000C240500000CDC0400000C090500000A0C0605000004000000000CFFFFFFFF110D046C6F6F700CFFFFFFFF04FFFFFFFF0CFFFFFFFF0CFFFFFFFF0CDA0400000C32050000110D067665727465780CFFFFFFFF04FFFF
310
FFFF0CFFFFFFFF0CDB04000004010000000C33050000110E07656C6C697073650D0563757276650CFFFFFFFF04FFFFFFFF0CFFFFFFFF132A95F8B06EF2214087A2215F24CE29C000000000000000001400000000000000800000000000000080000000000000F03F14606F1691E0CC08C0C04ACBFDAB19F2BF000000000000
310
000006000000000000F03F0A0600000000000000000A068D2316120F20EE3F110D04656467650CFFFFFFFF04FFFFFFFF0CFFFFFFFF0CDF0400000600000000000000000C260500000600000000000039400CDC0400000C340500000B070774616E67656E74110D04666163650C3505000004FFFFFFFF0CFFFFFFFF0CE20400
310
000CDE0400000C040000000CFFFFFFFF0C360500000B0B110D05706F696E740CFFFFFFFF04FFFFFFFF0CFFFFFFFF13A3F265196D7E1740DF0BDBDE59112CC00000000000000000110E0873747261696768740D0563757276650CFFFFFFFF04FFFFFFFF0CFFFFFFFF13FA67B52F06A51340127371D200C12AC0000000000000
310
00001400000000000000000000000000000000000000000000F03F0B0B110E09706572737562656E740E1061636164536F6C6964486973746F72790D066174747269620CFFFFFFFF04FFFFFFFF0CFFFFFFFF0CFFFFFFFF0CE20400000401000000040100000004340000000400000000110E04636F6E650D07737572666163
310
650CFFFFFFFF04FFFFFFFF0CFFFFFFFF13000000000090413D00000000004060BD00000000000000001400000000000000000000000000000000000000000000F03F148F16E7C1EBAB074050177F4BFAE02BC0000000000000000006000000000000F03F0B0B06000000000000000006000000000000F03F06F0FEFFFFFF7F
310
2C400B0B0B0B0B110E09706572737562656E740E1061636164536F6C6964486973746F72790D066174747269620CFFFFFFFF04FFFFFFFF0CFFFFFFFF0CFFFFFFFF0CE804000004010000000401000000042C0000000400000000110D04666163650C3705000004FFFFFFFF0CFFFFFFFF0C380500000C390500000C04000000
310
0CFFFFFFFF0C3A0500000B0B110D046C6F6F700CFFFFFFFF04FFFFFFFF0CFFFFFFFF0CFFFFFFFF0C3B0500000CE8040000110E04636F6E650D07737572666163650CFFFFFFFF04FFFFFFFF0CFFFFFFFF134BADC36838EC2640E59FEEA994F723C0000000000000000014000000000000000000000000000000000000000000
310
00F03F14F042DAFE65A1E0BF1007B2D8D056EB3F000000000000000006000000000000F03F0B0B06000000000000000006000000000000F0BF06BCFFFFFFFFFFEF3F0B0B0B0B0B110D06636F656467650CFFFFFFFF04FFFFFFFF0CFFFFFFFF0C3C0500000C3D0500000C3E0500000C3F0500000B0CE904000004000000000C
310
FFFFFFFF110D06636F656467650CFFFFFFFF04FFFFFFFF0CFFFFFFFF0C400500000CEB0400000CED0400000C190500000B0CC104000004000000000CFFFFFFFF110D06636F656467650CFFFFFFFF04FFFFFFFF0CFFFFFFFF0CEB0400000C400500000C3C0500000C410500000A0CC104000004000000000CFFFFFFFF110D06
310
636F656467650CFFFFFFFF04FFFFFFFF0CFFFFFFFF0C3E0500000CEE0400000CEB0400000C170500000A0C2600000004000000000CFFFFFFFF110D04656467650CFFFFFFFF04FFFFFFFF0CFFFFFFFF0C420500000600000000000000000C1A05000006E07A14AE47E102400CEB0400000C430500000B0707756E6B6E6F776E
310
110D06636F656467650CFFFFFFFF04FFFFFFFF0CFFFFFFFF0CED0400000CEC0400000C440500000C450500000A0C9904000004000000000CFFFFFFFF110D04656467650CFFFFFFFF04FFFFFFFF0CFFFFFFFF0C1A0500000600000000000000000C460500000600000000000039400C140500000C470500000B0707756E6B6E
310
6F776E110D067665727465780CFFFFFFFF04FFFFFFFF0CFFFFFFFF0C1705000004010000000C48050000110E07656C6C697073650D0563757276650CFFFFFFFF04FFFFFFFF0CFFFFFFFF13F8380011770E2A4005150D8A058321C000000000000000001400000000000000000000000000000000000000000000F03F14F0EA
310
92C02B600940B09AC70C5421ED3F000000000000000006000000000000F03F0A0600000000000000000A06BD2316120F20EE3F110D06636F656467650CFFFFFFFF04FFFFFFFF0CFFFFFFFF0CF40400000C440500000CF00400000C1D0500000B0C5800000004000000000CFFFFFFFF110D04656467650CFFFFFFFF04FFFFFF
310
FF0CFFFFFFFF0C1E0500000600000000000000000CF604000006D2E32900AF90F83F0CF00400000C490500000B0707756E6B6E6F776E110D067665727465780CFFFFFFFF04FFFFFFFF0CFFFFFFFF0CF104000004010000000C4A050000110E0873747261696768740D0563757276650CFFFFFFFF04FFFFFFFF0CFFFFFFFF13
310
54A2B990AC512C4075F28ECB9A9F16C000000000000000001400000000000000000000000000000000000000000000F03F0B0B110D05706F696E740CFFFFFFFF04FFFFFFFF0CFFFFFFFF1354A2B990AC512C4075F28ECB9A9F16C00000000000000000110E07656C6C697073650D0563757276650CFFFFFFFF04FFFFFFFF0C
310
FFFFFFFF130000000000406F3D0000000000604ABD00000000000039401400000000000000000000000000000000000000000000F03F1458C4A34B4B1A2B4057E79879F4A011C0000000000000000006000000000000F03F0B0B110D05706F696E740CFFFFFFFF04FFFFFFFF0CFFFFFFFF134AC6A34B4B1A2B402AE89879F4
310
A011C00000000000003940110D06636F656467650CFFFFFFFF04FFFFFFFF0CFFFFFFFF0C4B0500000CFB0400000C4C0500000C4D0500000B0C5800000004000000000CFFFFFFFF110D06636F656467650CFFFFFFFF04FFFFFFFF0CFFFFFFFF0C050500000C040500000CFB0400000C250500000A0C0605000004000000000C
310
FFFFFFFF110D04656467650CFFFFFFFF04FFFFFFFF0CFFFFFFFF0C260500000600000000000000000C4E050000068D2316120F20EE3F0C240500000C4F0500000B0707756E6B6E6F776E110D067665727465780CFFFFFFFF04FFFFFFFF0CFFFFFFFF0C0905000004010000000C50050000110E07656C6C697073650D056375
310
7276650CFFFFFFFF04FFFFFFFF0CFFFFFFFF131018919E79BC134023812A72DEC02CC000000000000039401400000000000000800000000000000080000000000000F0BF140016B0DB6E7397BFF0E090FBD9FDEF3F000000000000000006000000000000F03F0B0B110D05706F696E740CFFFFFFFF04FFFFFFFF0CFFFFFFFF
310
13FC67B52F06A51340127371D200C12AC00000000000003940110D06636F656467650CFFFFFFFF04FFFFFFFF0CFFFFFFFF0C010500000C510500000C520500000C530500000A0C2600000004000000000CFFFFFFFF110D06636F656467650CFFFFFFFF04FFFFFFFF0CFFFFFFFF0C540500000C550500000C010500000C2B05
310
00000B0C5605000004000000000CFFFFFFFF110D04656467650CFFFFFFFF04FFFFFFFF0CFFFFFFFF0C2F0500000600000000000000000C5705000006A32316120F20EE3F0C2A0500000C580500000B0707756E6B6E6F776E110D06636F656467650CFFFFFFFF04FFFFFFFF0CFFFFFFFF0C4C0500000C020500000C55050000
310
0C590500000B0C2E05000004000000000CFFFFFFFF110D06636F656467650CFFFFFFFF04FFFFFFFF0CFFFFFFFF0C020500000C4C0500000C040500000C310500000A0C2E05000004000000000CFFFFFFFF110D046C6F6F700CFFFFFFFF04FFFFFFFF0CFFFFFFFF0CFFFFFFFF0C020500000C5A050000110D06766572746578
310
0CFFFFFFFF04FFFFFFFF0CFFFFFFFF0C0305000004010000000C5B050000110E0873747261696768740D0563757276650CFFFFFFFF04FFFFFFFF0CFFFFFFFF136A1B2C7059202040A32EA3A7171330C0000000000000000014BB4C58E87AB6EB3FC6FFFFFFFFFFDF3F00000000000000000A0600000000000000000A06E77A
310
14AE47E10240110D04656467650CFFFFFFFF04FFFFFFFF0CFFFFFFFF0C070500000600000000000000000C4E0500000600000000000039400C040500000C5C0500000B0707756E6B6E6F776E110D04666163650C5D05000004FFFFFFFF0CFFFFFFFF0C0A0500000C060500000C040000000CFFFFFFFF0C5E0500000B0B110D
310
05706F696E740CFFFFFFFF04FFFFFFFF0CFFFFFFFF136A1B2C7059202040A42EA3A7171330C00000000000000000110E0873747261696768740D0563757276650CFFFFFFFF04FFFFFFFF0CFFFFFFFF13A3F265196D7E1740DF0BDBDE59112CC000000000000000001400000000000000000000000000000000000000000000
310
F03F0B0B110E09706572737562656E740E1061636164536F6C6964486973746F72790D066174747269620CFFFFFFFF04FFFFFFFF0CFFFFFFFF0CFFFFFFFF0C0A0500000401000000040100000004330000000400000000110E04636F6E650D07737572666163650CFFFFFFFF04FFFFFFFF0CFFFFFFFF131018919E79BC1340
310
23812A72DEC02CC000000000000000001400000000000000000000000000000000000000000000F03F140016B0DB6E7397BFF0E090FBD9FDEF3F000000000000000006000000000000F03F0B0B06000000000000000006000000000000F0BF06160000000000F03F0B0B0B0B0B110E09706572737562656E740E1061636164
310
536F6C6964486973746F72790D066174747269620CFFFFFFFF04FFFFFFFF0CFFFFFFFF0CFFFFFFFF0C1005000004010000000401000000042D0000000400000000110D04666163650C5F05000004FFFFFFFF0CFFFFFFFF0C600500000C610500000C040000000CFFFFFFFF0C620500000B0B110D046C6F6F700CFFFFFFFF04
310
FFFFFFFF0CFFFFFFFF0CFFFFFFFF0C630500000C10050000110E04636F6E650D07737572666163650CFFFFFFFF04FFFFFFFF0CFFFFFFFF130000000000B0643D00000000002063BD00000000000000001400000000000000000000000000000000000000000000F03F14EEA2B20E8010234033FF295B502F25C00000000000
310
00000006000000000000F03F0B0B06000000000000000006000000000000F03F063FFEFFFFFF7F2C400B0B0B0B0B110D06636F656467650CFFFFFFFF04FFFFFFFF0CFFFFFFFF0C640500000C650500000C660500000C670500000B0C1105000004000000000CFFFFFFFF110D06636F656467650CFFFFFFFF04FFFFFFFF0CFF
310
FFFFFF0C680500000C130500000C150500000C410500000B0CE904000004000000000CFFFFFFFF110D06636F656467650CFFFFFFFF04FFFFFFFF0CFFFFFFFF0C130500000C680500000C640500000C690500000A0CE904000004000000000CFFFFFFFF110D06636F656467650CFFFFFFFF04FFFFFFFF0CFFFFFFFF0C660500
310
000C160500000C130500000C3F0500000A0C2600000004000000000CFFFFFFFF110D04656467650CFFFFFFFF04FFFFFFFF0CFFFFFFFF0C6A0500000600000000000000000C4205000006612316120F20EE3F0C130500000C6B0500000B0707756E6B6E6F776E110D06636F656467650CFFFFFFFF04FFFFFFFF0CFFFFFFFF0C
310
150500000C140500000C6C0500000C6D0500000A0CC104000004000000000CFFFFFFFF110D04656467650CFFFFFFFF04FFFFFFFF0CFFFFFFFF0C420500000600000000000000000C6E0500000600000000000039400C3C0500000C6F0500000B0707756E6B6E6F776E110D067665727465780CFFFFFFFF04FFFFFFFF0CFFFF
310
FFFF0C3F05000004010000000C70050000110E0873747261696768740D0563757276650CFFFFFFFF04FFFFFFFF0CFFFFFFFF135464620B590A2E40691CE2DA5FC723C00000000000000000141E0000000000E03F994C58E87AB6EB3F00000000000000000A0600000000000000000A06E07A14AE47E10240110D06636F6564
310
67650CFFFFFFFF04FFFFFFFF0CFFFFFFFF0C1C0500000C6C0500000C180500000C450500000B0C5800000004000000000CFFFFFFFF110D04656467650CFFFFFFFF04FFFFFFFF0CFFFFFFFF0C460500000600000000000000000C1E05000006BD2316120F20EE3F0C180500000C710500000B0707756E6B6E6F776E110D0676
310
65727465780CFFFFFFFF04FFFFFFFF0CFFFFFFFF0C1905000004010000000C72050000110E0873747261696768740D0563757276650CFFFFFFFF04FFFFFFFF0CFFFFFFFF13DA79920041333040B4368192E0611FC000000000000000001400000000000000000000000000000000000000000000F03F0B0B110D05706F696E
310
740CFFFFFFFF04FFFFFFFF0CFFFFFFFF13DA79920041333040B4368192E0611FC00000000000000000110E07656C6C697073650D0563757276650CFFFFFFFF04FFFFFFFF0CFFFFFFFF139217092431012D40E817BA50A7DD12C000000000000039401400000000000000000000000000000000000000000000F0BF14C0A7EE
310
6992F0D5BF70D4A6D69B0FEEBF000000000000000006000000000000F03F0B0B110D05706F696E740CFFFFFFFF04FFFFFFFF0CFFFFFFFF1354A2B990AC512C4074F28ECB9A9F16C00000000000003940110D06636F656467650CFFFFFFFF04FFFFFFFF0CFFFFFFFF0C730500000C230500000C740500000C750500000B0C58
310
00000004000000000CFFFFFFFF110D06636F656467650CFFFFFFFF04FFFFFFFF0CFFFFFFFF0C2D0500000C2C0500000C230500000C4D0500000A0C2E05000004000000000CFFFFFFFF110D04656467650CFFFFFFFF04FFFFFFFF0CFFFFFFFF0C4E0500000600000000000000000C7605000006E77A14AE47E102400C4C0500
310
000C770500000B0707756E6B6E6F776E110D067665727465780CFFFFFFFF04FFFFFFFF0CFFFFFFFF0C3105000004010000000C78050000110E07656C6C697073650D0563757276650CFFFFFFFF04FFFFFFFF0CFFFFFFFF132A95F8B06EF2214087A2215F24CE29C00000000000003940140000000000000000000000000000
310
0000000000000000F03F14606F1691E0CC08C0C04ACBFDAB19F2BF000000000000000006000000000000F03F0B0B110D05706F696E740CFFFFFFFF04FFFFFFFF0CFFFFFFFF13A4F265196D7E1740E00BDBDE59112CC00000000000003940110D06636F656467650CFFFFFFFF04FFFFFFFF0CFFFFFFFF0C290500000C660500
310
000C630500000C790500000A0C2600000004000000000CFFFFFFFF110D06636F656467650CFFFFFFFF04FFFFFFFF0CFFFFFFFF0C7A0500000C7B0500000C290500000C530500000B0C6105000004000000000CFFFFFFFF110D04656467650CFFFFFFFF04FFFFFFFF0CFFFFFFFF0C570500000600000000000000000C7C0500
310
0006BEE32900AF90F83F0C520500000C7D0500000B0707756E6B6E6F776E110D06636F656467650CFFFFFFFF04FFFFFFFF0CFFFFFFFF0C740500000C2A0500000C7B0500000C7E0500000B0C5605000004000000000CFFFFFFFF110D06636F656467650CFFFFFFFF04FFFFFFFF0CFFFFFFFF0C2A0500000C740500000C2C05
310
00000C590500000A0C5605000004000000000CFFFFFFFF110D046C6F6F700CFFFFFFFF04FFFFFFFF0CFFFFFFFF0CFFFFFFFF0C2A0500000C60050000110D067665727465780CFFFFFFFF04FFFFFFFF0CFFFFFFFF0C2B05000004010000000C7F050000110E07656C6C697073650D0563757276650CFFFFFFFF04FFFFFFFF0C
310
FFFFFFFF13101AB215909E1B4065A927A7A4312CC000000000000000001400000000000000000000000000000000000000000000F03F14DC3DD2DB039E09408048C2251B86E9BF000000000000000006000000000000F03F0A0600000000000000000A06A32316120F20EE3F110D04656467650CFFFFFFFF04FFFFFFFF0CFF
310
FFFFFF0C2F0500000600000000000000000C760500000600000000000039400C2C0500000C800500000B0707756E6B6E6F776E110D04666163650C8105000004FFFFFFFF0CFFFFFFFF0C320500000C2E0500000C040000000CFFFFFFFF0C820500000B0B110D05706F696E740CFFFFFFFF04FFFFFFFF0CFFFFFFFF137F9CCD
310
01C9362440EDCD835906CA2DC00000000000000000110E0873747261696768740D0563757276650CFFFFFFFF04FFFFFFFF0CFFFFFFFF136A1B2C7059202040A42EA3A7171330C000000000000000001400000000000000000000000000000000000000000000F03F0B0B110E09706572737562656E740E1061636164536F6C
310
6964486973746F72790D066174747269620CFFFFFFFF04FFFFFFFF0CFFFFFFFF0CFFFFFFFF0C320500000401000000040100000004320000000400000000110E04636F6E650D07737572666163650CFFFFFFFF04FFFFFFFF0CFFFFFFFF132A95F8B06EF2214087A2215F24CE29C00000000000000000140000000000000000
310
0000000000000000000000000000F03F14606F1691E0CC08C0C04ACBFDAB19F2BF000000000000000006000000000000F03F0B0B06000000000000000006000000000000F03F067B66666666660A400B0B0B0B0B110E09706572737562656E740E1061636164536F6C6964486973746F72790D066174747269620CFFFFFFFF
310
04FFFFFFFF0CFFFFFFFF0CFFFFFFFF0C3805000004010000000401000000042E0000000400000000110D04666163650C8305000004FFFFFFFF0CFFFFFFFF0C5A0500000C560500000C040000000CFFFFFFFF0C840500000B0B110D046C6F6F700CFFFFFFFF04FFFFFFFF0CFFFFFFFF0CFFFFFFFF0C520500000C3805000011
310
0E04636F6E650D07737572666163650CFFFFFFFF04FFFFFFFF0CFFFFFFFF130620DAD0FD662440E116E5B6E5AB26C000000000000000001400000000000000000000000000000000000000000000F03F1480C99EF2D987E8BF402DBC1E738CE4BF000000000000000006000000000000F03F0B0B0600000000000000000600
310
0000000000F0BF06EFFFFFFFFFFFEF3F0B0B0B0B0B110D06636F656467650CFFFFFFFF04FFFFFFFF0CFFFFFFFF0C850500000C860500000C510500000C790500000B0C3905000004000000000CFFFFFFFF110D06636F656467650CFFFFFFFF04FFFFFFFF0CFFFFFFFF0C870500000C3B0500000C3D0500000C690500000B0C
310
1105000004000000000CFFFFFFFF110D06636F656467650CFFFFFFFF04FFFFFFFF0CFFFFFFFF0C3B0500000C870500000C850500000C880500000A0C1105000004000000000CFFFFFFFF110D06636F656467650CFFFFFFFF04FFFFFFFF0CFFFFFFFF0C510500000C3E0500000C3B0500000C670500000A0C26000000040000
310
00000CFFFFFFFF110D04656467650CFFFFFFFF04FFFFFFFF0CFFFFFFFF0C890500000600000000000000000C6A05000006D069E36B95E6F33F0C3B0500000C8A0500000B0707756E6B6E6F776E110D06636F656467650CFFFFFFFF04FFFFFFFF0CFFFFFFFF0C3D0500000C3C0500000C8B0500000C8C0500000A0CE9040000
310
04000000000CFFFFFFFF110D04656467650CFFFFFFFF04FFFFFFFF0CFFFFFFFF0C6A0500000600000000000000000C8D0500000600000000000039400C640500000C8E0500000B070774616E67656E74110D067665727465780CFFFFFFFF04FFFFFFFF0CFFFFFFFF0C6705000004010000000C8F050000110E07656C6C6970
310
73650D0563757276650CFFFFFFFF04FFFFFFFF0CFFFFFFFF13D93F0659F7712C40C219DBC7BDBF1AC000000000000000001400000000000000000000000000000080000000000000F03F14EC3E5BF9DEF300C0BC995C9BE03C04C0000000000000000006000000000000F03F0A0600000000000000000A06612316120F20EE
310
3F110D06636F656467650CFFFFFFFF04FFFFFFFF0CFFFFFFFF0C440500000C8B0500000C400500000C6D0500000B0C5800000004000000000CFFFFFFFF110D04656467650CFFFFFFFF04FFFFFFFF0CFFFFFFFF0C6E0500000600000000000000000C4605000006E07A14AE47E102400C400500000C900500000B0707756E6B
310
6E6F776E110D067665727465780CFFFFFFFF04FFFFFFFF0CFFFFFFFF0C4105000004010000000C91050000110E0873747261696768740D0563757276650CFFFFFFFF04FFFFFFFF0CFFFFFFFF135464620B590A2E406B1CE2DA5FC723C000000000000000001400000000000000000000000000000000000000000000F03F0B
310
0B110D05706F696E740CFFFFFFFF04FFFFFFFF0CFFFFFFFF135464620B590A2E406B1CE2DA5FC723C00000000000000000110E07656C6C697073650D0563757276650CFFFFFFFF04FFFFFFFF0CFFFFFFFF13F8380011770E2A4005150D8A058321C00000000000003940140000000000000000000000000000000000000000
310
0000F03F14F0EA92C02B600940B09AC70C5421ED3F000000000000000006000000000000F03F0B0B110D05706F696E740CFFFFFFFF04FFFFFFFF0CFFFFFFFF13DA79920041333040B4368192E0611FC00000000000003940110D06636F656467650CFFFFFFFF04FFFFFFFF0CFFFFFFFF0C920500000C4B0500000C93050000
310
0C940500000B0C5800000004000000000CFFFFFFFF110D06636F656467650CFFFFFFFF04FFFFFFFF0CFFFFFFFF0C550500000C540500000C4B0500000C750500000A0C5605000004000000000CFFFFFFFF110D04656467650CFFFFFFFF04FFFFFFFF0CFFFFFFFF0C760500000600000000000000000C9505000006A3231612
310
0F20EE3F0C740500000C960500000B0707756E6B6E6F776E110D067665727465780CFFFFFFFF04FFFFFFFF0CFFFFFFFF0C5905000004010000000C97050000110E0873747261696768740D0563757276650CFFFFFFFF04FFFFFFFF0CFFFFFFFF136A1B2C7059202040A32EA3A7171330C0000000000000394014BB4C58E87A
310
B6EB3FC6FFFFFFFFFFDF3F00000000000000000B0B110D05706F696E740CFFFFFFFF04FFFFFFFF0CFFFFFFFF136A1B2C7059202040A42EA3A7171330C00000000000003940110D04656467650CFFFFFFFF04FFFFFFFF0CFFFFFFFF0C7C0500000600000000000000000C8905000006DB94881EB143C23F0C630500000C9805
310
00000B0707756E6B6E6F776E110D06636F656467650CFFFFFFFF04FFFFFFFF0CFFFFFFFF0C930500000C520500000C860500000C990500000B0C6105000004000000000CFFFFFFFF110D06636F656467650CFFFFFFFF04FFFFFFFF0CFFFFFFFF0C520500000C930500000C540500000C7E0500000A0C610500000400000000
310
0CFFFFFFFF110D067665727465780CFFFFFFFF04FFFFFFFF0CFFFFFFFF0C5305000004010000000C9A050000110E07656C6C697073650D0563757276650CFFFFFFFF04FFFFFFFF0CFFFFFFFF130620DAD0FD662440E116E5B6E5AB26C000000000000000001400000000000000000000000000000000000000000000F0BF14
310
80C99EF2D987E8BF402DBC1E738CE4BF000000000000000006000000000000F03F0A0600000000000000000A06BEE32900AF90F83F110D04656467650CFFFFFFFF04FFFFFFFF0CFFFFFFFF0C570500000600000000000000000C950500000600000000000039400C540500000C9B0500000B070774616E67656E74110D0570
310
6F696E740CFFFFFFFF04FFFFFFFF0CFFFFFFFF136E33B03180DE2240B6D9D0E8ACF427C00000000000000000110E0873747261696768740D0563757276650CFFFFFFFF04FFFFFFFF0CFFFFFFFF137F9CCD01C9362440EDCD835906CA2DC000000000000000001400000000000000000000000000000000000000000000F03F
310
0B0B110E09706572737562656E740E1061636164536F6C6964486973746F72790D066174747269620CFFFFFFFF04FFFFFFFF0CFFFFFFFF0CFFFFFFFF0C5A0500000402000000040100000004300000000400000000040100000004310000000400000000110E05706C616E650D07737572666163650CFFFFFFFF04FFFFFFFF
310
0CFFFFFFFF136A1B2C7059202040A32EA3A7171330C0000000000000000014C6FFFFFFFFFFDF3FBB4C58E87AB6EBBF000000000000000014BB4C58E87AB6EB3FC6FFFFFFFFFFDF3F00000000000000000B0B0B0B0B110E09706572737562656E740E1061636164536F6C6964486973746F72790D066174747269620CFFFFFF
310
FF04FFFFFFFF0CFFFFFFFF0CFFFFFFFF0C6005000004010000000401000000042F0000000400000000110E04636F6E650D07737572666163650CFFFFFFFF04FFFFFFFF0CFFFFFFFF13101AB215909E1B4065A927A7A4312CC000000000000000001400000000000000000000000000000000000000000000F03F14DC3DD2DB
310
039E09408048C2251B86E9BF000000000000000006000000000000F03F0B0B06000000000000000006000000000000F03F065666666666660A400B0B0B0B0B110D06636F656467650CFFFFFFFF04FFFFFFFF0CFFFFFFFF0C9C0500000C630500000C650500000C880500000B0C3905000004000000000CFFFFFFFF110D0663
310
6F656467650CFFFFFFFF04FFFFFFFF0CFFFFFFFF0C630500000C9C0500000C7A0500000C990500000A0C3905000004000000000CFFFFFFFF110D06636F656467650CFFFFFFFF04FFFFFFFF0CFFFFFFFF0C650500000C640500000C9D0500000C9E0500000A0C1105000004000000000CFFFFFFFF110D04656467650CFFFFFF
310
FF04FFFFFFFF0CFFFFFFFF0C890500000600000000000000000C9F0500000600000000000039400C850500000CA00500000B0707756E6B6E6F776E110D067665727465780CFFFFFFFF04FFFFFFFF0CFFFFFFFF0C7905000004010000000CA1050000110E07656C6C697073650D0563757276650CFFFFFFFF04FFFFFFFF0CFF
310
FFFFFF134BADC36838EC2640E59FEEA994F723C000000000000000001400000000000000000000000000000080000000000000F0BF14F042DAFE65A1E0BF1007B2D8D056EB3F000000000000000006000000000000F03F0A0600000000000000000A06D069E36B95E6F33F110D06636F656467650CFFFFFFFF04FFFFFFFF0C
310
FFFFFFFF0C6C0500000C9D0500000C680500000C8C0500000B0C5800000004000000000CFFFFFFFF110D04656467650CFFFFFFFF04FFFFFFFF0CFFFFFFFF0C8D0500000600000000000000000C6E05000006612316120F20EE3F0C680500000CA20500000B0707756E6B6E6F776E110D067665727465780CFFFFFFFF04FFFF
310
FFFF0CFFFFFFFF0C6905000004010000000CA3050000110E0873747261696768740D0563757276650CFFFFFFFF04FFFFFFFF0CFFFFFFFF131E70AF9AFF34284050B3C40A176F22C000000000000000001400000000000000000000000000000000000000000000F03F0B0B110D05706F696E740CFFFFFFFF04FFFFFFFF0CFF
310
FFFFFF131E70AF9AFF34284050B3C40A176F22C00000000000000000110E0873747261696768740D0563757276650CFFFFFFFF04FFFFFFFF0CFFFFFFFF135464620B590A2E40691CE2DA5FC723C00000000000003940141E0000000000E03F994C58E87AB6EB3F00000000000000000B0B110D05706F696E740CFFFFFFFF04
310
FFFFFFFF0CFFFFFFFF135464620B590A2E406C1CE2DA5FC723C00000000000003940110D06636F656467650CFFFFFFFF04FFFFFFFF0CFFFFFFFF0C9D0500000C730500000C9C0500000CA40500000B0C5800000004000000000CFFFFFFFF110D06636F656467650CFFFFFFFF04FFFFFFFF0CFFFFFFFF0C7B0500000C7A0500
310
000C730500000C940500000A0C6105000004000000000CFFFFFFFF110D04656467650CFFFFFFFF04FFFFFFFF0CFFFFFFFF0C950500000600000000000000000CA505000006BEE32900AF90F83F0C930500000CA60500000B0707756E6B6E6F776E110D067665727465780CFFFFFFFF04FFFFFFFF0CFFFFFFFF0C7E05000004
310
010000000CA7050000110E07656C6C697073650D0563757276650CFFFFFFFF04FFFFFFFF0CFFFFFFFF13101AB215909E1B4065A927A7A4312CC000000000000039401400000000000000000000000000000000000000000000F03F14DC3DD2DB039E09408048C2251B86E9BF000000000000000006000000000000F03F0B0B
310
110D05706F696E740CFFFFFFFF04FFFFFFFF0CFFFFFFFF137E9CCD01C9362440ECCD835906CA2DC00000000000003940110E07656C6C697073650D0563757276650CFFFFFFFF04FFFFFFFF0CFFFFFFFF130000000000B0643D00000000002063BD000000000000000014000000000000000000000000000000800000000000
310
00F03F14EEA2B20E8010234033FF295B502F25C0000000000000000006000000000000F03F0A0600000000000000000A06DB94881EB143C23F110D04656467650CFFFFFFFF04FFFFFFFF0CFFFFFFFF0C7C0500000600000000000000000CA50500000600000000000039400C7A0500000CA80500000B070774616E67656E74
310
110D05706F696E740CFFFFFFFF04FFFFFFFF0CFFFFFFFF1338A4B20E8010234066002A5B502F25C00000000000000000110E0873747261696768740D0563757276650CFFFFFFFF04FFFFFFFF0CFFFFFFFF136E33B03180DE2240B6D9D0E8ACF427C00000000000000000140000000000000000000000000000000000000000
310
0000F03F0B0B110D06636F656467650CFFFFFFFF04FFFFFFFF0CFFFFFFFF0C860500000C850500000C920500000CA40500000A0C3905000004000000000CFFFFFFFF110D06636F656467650CFFFFFFFF04FFFFFFFF0CFFFFFFFF0C8B0500000C920500000C870500000C9E0500000B0C5800000004000000000CFFFFFFFF11
310
0D04656467650CFFFFFFFF04FFFFFFFF0CFFFFFFFF0C9F0500000600000000000000000C8D05000006D069E36B95E6F33F0C870500000CA90500000B0707756E6B6E6F776E110D067665727465780CFFFFFFFF04FFFFFFFF0CFFFFFFFF0C8805000004010000000CAA050000110E0873747261696768740D0563757276650C
310
FFFFFFFF04FFFFFFFF0CFFFFFFFF131E09D60822E22540767F639C274222C000000000000000001400000000000000000000000000000000000000000000F03F0B0B110D05706F696E740CFFFFFFFF04FFFFFFFF0CFFFFFFFF131E09D60822E22540767F639C274222C00000000000000000110E07656C6C697073650D0563
310
757276650CFFFFFFFF04FFFFFFFF0CFFFFFFFF13D93F0659F7712C40C219DBC7BDBF1AC000000000000039401400000000000000000000000000000000000000000000F03F14EC3E5BF9DEF300C0BC995C9BE03C04C0000000000000000006000000000000F03F0B0B110D05706F696E740CFFFFFFFF04FFFFFFFF0CFFFFFF
310
FF131E70AF9AFF34284050B3C40A176F22C00000000000003940110D04656467650CFFFFFFFF04FFFFFFFF0CFFFFFFFF0CA50500000600000000000000000C9F05000006DB94881EB143C23F0C9C0500000CAB0500000B0707756E6B6E6F776E110D067665727465780CFFFFFFFF04FFFFFFFF0CFFFFFFFF0C990500000401
310
0000000CAC050000110E07656C6C697073650D0563757276650CFFFFFFFF04FFFFFFFF0CFFFFFFFF130620DAD0FD662440E116E5B6E5AB26C000000000000039401400000000000000000000000000000000000000000000F0BF1480C99EF2D987E8BF402DBC1E738CE4BF000000000000000006000000000000F03F0B0B11
310
0D05706F696E740CFFFFFFFF04FFFFFFFF0CFFFFFFFF136E33B03180DE2240B6D9D0E8ACF427C00000000000003940110E0873747261696768740D0563757276650CFFFFFFFF04FFFFFFFF0CFFFFFFFF1338A4B20E8010234066002A5B502F25C0000000000000000014000000000000000000000000000000000000000000
310
00F03F0B0B110E07656C6C697073650D0563757276650CFFFFFFFF04FFFFFFFF0CFFFFFFFF134BADC36838EC2640E59FEEA994F723C000000000000039401400000000000000000000000000000000000000000000F0BF14F042DAFE65A1E0BF1007B2D8D056EB3F000000000000000006000000000000F03F0B0B110D0570
310
6F696E740CFFFFFFFF04FFFFFFFF0CFFFFFFFF131E09D60822E22540767F639C274222C00000000000003940110E07656C6C697073650D0563757276650CFFFFFFFF04FFFFFFFF0CFFFFFFFF130000000000B0643D00000000002063BD00000000000039401400000000000000000000000000000000000000000000F03F14
310
EEA2B20E8010234033FF295B502F25C0000000000000000006000000000000F03F0B0B110D05706F696E740CFFFFFFFF04FFFFFFFF0CFFFFFFFF1338A4B20E8010234066002A5B502F25C00000000000003940110E03456E640E026F660E0341534D0D0464617461
  0
ENDSEC
  0
EOF
